날짜,요일유형,hour,acsr_nm,레코드여부,trf_qnty,판정가능여부,final_stage,final_zero_rate
2026-02-07,토요일,00,멀뫼사거리-동 (서향),있음(비0),123,B형 검토,0,0.0000
2026-02-07,토요일,00,멀뫼사거리-서 (동향),있음(비0),257,B형 검토,0,0.0000
2026-02-07,토요일,00,멀뫼4R-남 (북향),있음(비0),414,B형 검토,0,0.0000
2026-02-07,토요일,00,멀뫼사거리-북 (남향),있음(비0),240,B형 검토,0,0.0000
2026-02-07,토요일,01,멀뫼사거리-동 (서향),있음(비0),89,B형 검토,0,0.0000
2026-02-07,토요일,01,멀뫼사거리-서 (동향),있음(비0),193,B형 검토,0,0.0000
2026-02-07,토요일,01,멀뫼4R-남 (북향),있음(비0),296,B형 검토,0,0.0000
2026-02-07,토요일,01,멀뫼사거리-북 (남향),있음(비0),177,B형 검토,0,0.0000
2026-02-07,토요일,02,멀뫼사거리-동 (서향),있음(비0),92,B형 검토,0,0.0000
2026-02-07,토요일,02,멀뫼사거리-서 (동향),있음(비0),195,B형 검토,0,0.0000
2026-02-07,토요일,02,멀뫼4R-남 (북향),있음(비0),226,B형 검토,0,0.0000
2026-02-07,토요일,02,멀뫼사거리-북 (남향),있음(비0),129,B형 검토,0,0.0000
2026-02-07,토요일,03,멀뫼사거리-동 (서향),있음(비0),73,B형 검토,0,0.0000
2026-02-07,토요일,03,멀뫼사거리-서 (동향),있음(비0),129,B형 검토,0,0.0000
2026-02-07,토요일,03,멀뫼4R-남 (북향),있음(비0),182,B형 검토,0,0.0000
2026-02-07,토요일,03,멀뫼사거리-북 (남향),있음(비0),140,B형 검토,0,0.0000
2026-02-07,토요일,04,멀뫼사거리-동 (서향),있음(비0),79,B형 검토,0,0.0000
2026-02-07,토요일,04,멀뫼사거리-서 (동향),있음(비0),160,B형 검토,0,0.0000
2026-02-07,토요일,04,멀뫼4R-남 (북향),있음(비0),239,B형 검토,0,0.0000
2026-02-07,토요일,04,멀뫼사거리-북 (남향),있음(비0),172,B형 검토,0,0.0000
2026-02-07,토요일,05,멀뫼사거리-동 (서향),있음(비0),117,B형 검토,0,0.0000
2026-02-07,토요일,05,멀뫼사거리-서 (동향),있음(비0),247,B형 검토,0,0.0000
2026-02-07,토요일,05,멀뫼4R-남 (북향),있음(비0),466,B형 검토,0,0.0000
2026-02-07,토요일,05,멀뫼사거리-북 (남향),있음(비0),300,B형 검토,0,0.0000
2026-02-07,토요일,06,멀뫼사거리-동 (서향),있음(비0),148,B형 검토,0,0.0000
2026-02-07,토요일,06,멀뫼사거리-서 (동향),있음(비0),316,B형 검토,0,0.0000
2026-02-07,토요일,06,멀뫼4R-남 (북향),있음(비0),572,B형 검토,0,0.0000
2026-02-07,토요일,06,멀뫼사거리-북 (남향),있음(비0),457,B형 검토,0,0.0000
2026-02-07,토요일,07,멀뫼사거리-동 (서향),있음(비0),178,B형 검토,0,0.0000
2026-02-07,토요일,07,멀뫼사거리-서 (동향),있음(비0),400,B형 검토,0,0.0000
2026-02-07,토요일,07,멀뫼4R-남 (북향),있음(비0),746,B형 검토,0,0.0000
2026-02-07,토요일,07,멀뫼사거리-북 (남향),있음(비0),498,B형 검토,0,0.0000
2026-02-07,토요일,08,멀뫼사거리-동 (서향),있음(비0),267,B형 검토,0,0.0000
2026-02-07,토요일,08,멀뫼사거리-서 (동향),있음(비0),560,B형 검토,0,0.0000
2026-02-07,토요일,08,멀뫼4R-남 (북향),있음(비0),1007,B형 검토,0,0.0000
2026-02-07,토요일,08,멀뫼사거리-북 (남향),있음(비0),665,B형 검토,0,0.0000
2026-02-07,토요일,09,멀뫼사거리-동 (서향),있음(비0),342,B형 검토,0,0.0000
2026-02-07,토요일,09,멀뫼사거리-서 (동향),있음(비0),673,B형 검토,0,0.0000
2026-02-07,토요일,09,멀뫼4R-남 (북향),있음(비0),1180,B형 검토,0,0.0000
2026-02-07,토요일,09,멀뫼사거리-북 (남향),있음(비0),852,B형 검토,0,0.0000
2026-02-07,토요일,10,멀뫼사거리-동 (서향),있음(비0),343,B형 검토,0,0.0000
2026-02-07,토요일,10,멀뫼사거리-서 (동향),있음(비0),763,B형 검토,0,0.0000
2026-02-07,토요일,10,멀뫼4R-남 (북향),있음(비0),1321,B형 검토,0,0.0000
2026-02-07,토요일,10,멀뫼사거리-북 (남향),있음(비0),867,B형 검토,0,0.0000
2026-02-07,토요일,11,멀뫼사거리-동 (서향),있음(비0),348,B형 검토,0,0.0000
2026-02-07,토요일,11,멀뫼사거리-서 (동향),있음(비0),788,B형 검토,0,0.0000
2026-02-07,토요일,11,멀뫼4R-남 (북향),있음(비0),1397,B형 검토,0,0.0000
2026-02-07,토요일,11,멀뫼사거리-북 (남향),있음(비0),875,B형 검토,0,0.0000
2026-02-07,토요일,12,멀뫼사거리-동 (서향),있음(비0),397,B형 검토,0,0.0000
2026-02-07,토요일,12,멀뫼사거리-서 (동향),있음(비0),804,B형 검토,0,0.0000
2026-02-07,토요일,12,멀뫼4R-남 (북향),있음(비0),1356,B형 검토,0,0.0000
2026-02-07,토요일,12,멀뫼사거리-북 (남향),있음(비0),871,B형 검토,0,0.0000
2026-02-07,토요일,13,멀뫼사거리-동 (서향),있음(비0),371,B형 검토,0,0.0000
2026-02-07,토요일,13,멀뫼사거리-서 (동향),있음(비0),781,B형 검토,0,0.0000
2026-02-07,토요일,13,멀뫼4R-남 (북향),있음(비0),1476,B형 검토,0,0.0000
2026-02-07,토요일,13,멀뫼사거리-북 (남향),있음(비0),867,B형 검토,0,0.0000
2026-02-07,토요일,14,멀뫼사거리-동 (서향),있음(비0),406,B형 검토,0,0.0000
2026-02-07,토요일,14,멀뫼사거리-서 (동향),있음(비0),770,B형 검토,0,0.0000
2026-02-07,토요일,14,멀뫼4R-남 (북향),있음(비0),1321,B형 검토,0,0.0000
2026-02-07,토요일,14,멀뫼사거리-북 (남향),있음(비0),781,B형 검토,0,0.0000
2026-02-07,토요일,15,멀뫼사거리-동 (서향),있음(비0),367,B형 검토,0,0.0000
2026-02-07,토요일,15,멀뫼사거리-서 (동향),있음(비0),759,B형 검토,0,0.0000
2026-02-07,토요일,15,멀뫼4R-남 (북향),있음(비0),1384,B형 검토,0,0.0000
2026-02-07,토요일,15,멀뫼사거리-북 (남향),있음(비0),812,B형 검토,0,0.0000
2026-02-07,토요일,16,멀뫼사거리-동 (서향),있음(비0),401,B형 검토,0,0.0000
2026-02-07,토요일,16,멀뫼사거리-서 (동향),있음(비0),799,B형 검토,0,0.0000
2026-02-07,토요일,16,멀뫼4R-남 (북향),있음(비0),1341,B형 검토,0,0.0000
2026-02-07,토요일,16,멀뫼사거리-북 (남향),있음(비0),779,B형 검토,0,0.0000
2026-02-07,토요일,17,멀뫼사거리-동 (서향),있음(비0),371,B형 검토,0,0.0000
2026-02-07,토요일,17,멀뫼사거리-서 (동향),있음(비0),733,B형 검토,0,0.0000
2026-02-07,토요일,17,멀뫼4R-남 (북향),있음(비0),1361,B형 검토,0,0.0000
2026-02-07,토요일,17,멀뫼사거리-북 (남향),있음(비0),867,B형 검토,0,0.0000
2026-02-07,토요일,18,멀뫼사거리-동 (서향),있음(비0),365,B형 검토,0,0.0000
2026-02-07,토요일,18,멀뫼사거리-서 (동향),있음(비0),618,B형 검토,0,0.0000
2026-02-07,토요일,18,멀뫼4R-남 (북향),있음(비0),1314,B형 검토,0,0.0000
2026-02-07,토요일,18,멀뫼사거리-북 (남향),있음(비0),736,B형 검토,0,0.0000
2026-02-07,토요일,19,멀뫼사거리-동 (서향),있음(비0),227,B형 검토,0,0.0000
2026-02-07,토요일,19,멀뫼사거리-서 (동향),있음(비0),494,B형 검토,0,0.0000
2026-02-07,토요일,19,멀뫼4R-남 (북향),있음(비0),1078,B형 검토,0,0.0000
2026-02-07,토요일,19,멀뫼사거리-북 (남향),있음(비0),656,B형 검토,0,0.0000
2026-02-07,토요일,20,멀뫼사거리-동 (서향),있음(비0),224,B형 검토,0,0.0000
2026-02-07,토요일,20,멀뫼사거리-서 (동향),있음(비0),488,B형 검토,0,0.0000
2026-02-07,토요일,20,멀뫼4R-남 (북향),있음(비0),910,B형 검토,0,0.0000
2026-02-07,토요일,20,멀뫼사거리-북 (남향),있음(비0),657,B형 검토,0,0.0000
2026-02-07,토요일,21,멀뫼사거리-동 (서향),있음(비0),198,B형 검토,0,0.0000
2026-02-07,토요일,21,멀뫼사거리-서 (동향),있음(비0),397,B형 검토,0,0.0000
2026-02-07,토요일,21,멀뫼4R-남 (북향),있음(비0),773,B형 검토,0,0.0000
2026-02-07,토요일,21,멀뫼사거리-북 (남향),있음(비0),542,B형 검토,0,0.0000
2026-02-07,토요일,22,멀뫼사거리-동 (서향),있음(비0),163,B형 검토,0,0.0000
2026-02-07,토요일,22,멀뫼사거리-서 (동향),있음(비0),363,B형 검토,0,0.0000
2026-02-07,토요일,22,멀뫼4R-남 (북향),있음(비0),580,B형 검토,0,0.0000
2026-02-07,토요일,22,멀뫼사거리-북 (남향),있음(비0),405,B형 검토,0,0.0000
2026-02-07,토요일,23,멀뫼사거리-동 (서향),있음(비0),149,B형 검토,0,0.0000
2026-02-07,토요일,23,멀뫼사거리-서 (동향),있음(비0),336,B형 검토,0,0.0000
2026-02-07,토요일,23,멀뫼4R-남 (북향),있음(비0),429,B형 검토,0,0.0000
2026-02-07,토요일,23,멀뫼사거리-북 (남향),있음(비0),272,B형 검토,0,0.0000
2026-02-08,일·공휴일,00,멀뫼사거리-동 (서향),있음(비0),110,B형 검토,0,0.0000
2026-02-08,일·공휴일,00,멀뫼사거리-서 (동향),있음(비0),255,B형 검토,0,0.0000
2026-02-08,일·공휴일,00,멀뫼4R-남 (북향),있음(비0),330,B형 검토,0,0.0000
2026-02-08,일·공휴일,00,멀뫼사거리-북 (남향),있음(비0),203,B형 검토,0,0.0000
2026-02-08,일·공휴일,01,멀뫼사거리-동 (서향),있음(비0),116,B형 검토,0,0.0000
2026-02-08,일·공휴일,01,멀뫼사거리-서 (동향),있음(비0),203,B형 검토,0,0.0000
2026-02-08,일·공휴일,01,멀뫼4R-남 (북향),있음(비0),279,B형 검토,0,0.0000
2026-02-08,일·공휴일,01,멀뫼사거리-북 (남향),있음(비0),133,B형 검토,0,0.0000
2026-02-08,일·공휴일,02,멀뫼사거리-동 (서향),있음(비0),86,B형 검토,0,0.0000
2026-02-08,일·공휴일,02,멀뫼사거리-서 (동향),있음(비0),176,B형 검토,0,0.0000
2026-02-08,일·공휴일,02,멀뫼4R-남 (북향),있음(비0),223,B형 검토,0,0.0000
2026-02-08,일·공휴일,02,멀뫼사거리-북 (남향),있음(비0),103,B형 검토,0,0.0000
2026-02-08,일·공휴일,03,멀뫼사거리-동 (서향),있음(비0),76,B형 검토,0,0.0000
2026-02-08,일·공휴일,03,멀뫼사거리-서 (동향),있음(비0),131,B형 검토,0,0.0000
2026-02-08,일·공휴일,03,멀뫼4R-남 (북향),있음(비0),177,B형 검토,0,0.0000
2026-02-08,일·공휴일,03,멀뫼사거리-북 (남향),있음(비0),98,B형 검토,0,0.0000
2026-02-08,일·공휴일,04,멀뫼사거리-동 (서향),있음(비0),67,B형 검토,0,0.0000
2026-02-08,일·공휴일,04,멀뫼사거리-서 (동향),있음(비0),111,B형 검토,0,0.0000
2026-02-08,일·공휴일,04,멀뫼4R-남 (북향),있음(비0),145,B형 검토,0,0.0000
2026-02-08,일·공휴일,04,멀뫼사거리-북 (남향),있음(비0),116,B형 검토,0,0.0000
2026-02-08,일·공휴일,05,멀뫼사거리-동 (서향),있음(비0),78,B형 검토,0,0.0000
2026-02-08,일·공휴일,05,멀뫼사거리-서 (동향),있음(비0),111,B형 검토,0,0.0000
2026-02-08,일·공휴일,05,멀뫼4R-남 (북향),있음(비0),257,B형 검토,0,0.0000
2026-02-08,일·공휴일,05,멀뫼사거리-북 (남향),있음(비0),160,B형 검토,0,0.0000
2026-02-08,일·공휴일,06,멀뫼사거리-동 (서향),있음(비0),97,B형 검토,0,0.0000
2026-02-08,일·공휴일,06,멀뫼사거리-서 (동향),있음(비0),175,B형 검토,0,0.0000
2026-02-08,일·공휴일,06,멀뫼4R-남 (북향),있음(비0),349,B형 검토,0,0.0000
2026-02-08,일·공휴일,06,멀뫼사거리-북 (남향),있음(비0),241,B형 검토,0,0.0000
2026-02-08,일·공휴일,07,멀뫼사거리-동 (서향),있음(비0),140,B형 검토,0,0.0000
2026-02-08,일·공휴일,07,멀뫼사거리-서 (동향),있음(비0),249,B형 검토,0,0.0000
2026-02-08,일·공휴일,07,멀뫼4R-남 (북향),있음(비0),417,B형 검토,0,0.0000
2026-02-08,일·공휴일,07,멀뫼사거리-북 (남향),있음(비0),283,B형 검토,0,0.0000
2026-02-08,일·공휴일,08,멀뫼사거리-동 (서향),있음(비0),178,B형 검토,0,0.0000
2026-02-08,일·공휴일,08,멀뫼사거리-서 (동향),있음(비0),399,B형 검토,0,0.0000
2026-02-08,일·공휴일,08,멀뫼4R-남 (북향),있음(비0),650,B형 검토,0,0.0000
2026-02-08,일·공휴일,08,멀뫼사거리-북 (남향),있음(비0),463,B형 검토,0,0.0000
2026-02-08,일·공휴일,09,멀뫼사거리-동 (서향),있음(비0),239,B형 검토,0,0.0000
2026-02-08,일·공휴일,09,멀뫼사거리-서 (동향),있음(비0),524,B형 검토,0,0.0000
2026-02-08,일·공휴일,09,멀뫼4R-남 (북향),있음(비0),872,B형 검토,0,0.0000
2026-02-08,일·공휴일,09,멀뫼사거리-북 (남향),있음(비0),652,B형 검토,0,0.0000
2026-02-08,일·공휴일,10,멀뫼사거리-동 (서향),있음(비0),310,B형 검토,0,0.1250
2026-02-08,일·공휴일,10,멀뫼사거리-서 (동향),있음(비0),603,B형 검토,0,0.1250
2026-02-08,일·공휴일,10,멀뫼4R-남 (북향),있음(비0),1154,B형 검토,0,0.1250
2026-02-08,일·공휴일,10,멀뫼사거리-북 (남향),있음(비0),748,B형 검토,0,0.1250
2026-02-08,일·공휴일,11,멀뫼사거리-동 (서향),있음(비0),282,B형 검토,0,0.1250
2026-02-08,일·공휴일,11,멀뫼사거리-서 (동향),있음(비0),598,B형 검토,0,0.1250
2026-02-08,일·공휴일,11,멀뫼4R-남 (북향),있음(비0),1139,B형 검토,0,0.1250
2026-02-08,일·공휴일,11,멀뫼사거리-북 (남향),있음(비0),711,B형 검토,0,0.1250
2026-02-08,일·공휴일,12,멀뫼사거리-동 (서향),있음(비0),325,B형 검토,0,0.0000
2026-02-08,일·공휴일,12,멀뫼사거리-서 (동향),있음(비0),671,B형 검토,0,0.0000
2026-02-08,일·공휴일,12,멀뫼4R-남 (북향),있음(비0),1147,B형 검토,0,0.0000
2026-02-08,일·공휴일,12,멀뫼사거리-북 (남향),있음(비0),799,B형 검토,0,0.0000
2026-02-08,일·공휴일,13,멀뫼사거리-동 (서향),있음(비0),305,B형 검토,0,0.0000
2026-02-08,일·공휴일,13,멀뫼사거리-서 (동향),있음(비0),768,B형 검토,0,0.0000
2026-02-08,일·공휴일,13,멀뫼4R-남 (북향),있음(비0),1212,B형 검토,0,0.0000
2026-02-08,일·공휴일,13,멀뫼사거리-북 (남향),있음(비0),833,B형 검토,0,0.0000
2026-02-08,일·공휴일,14,멀뫼사거리-동 (서향),있음(비0),295,B형 검토,0,0.0000
2026-02-08,일·공휴일,14,멀뫼사거리-서 (동향),있음(비0),732,B형 검토,0,0.0000
2026-02-08,일·공휴일,14,멀뫼4R-남 (북향),있음(비0),1272,B형 검토,0,0.0000
2026-02-08,일·공휴일,14,멀뫼사거리-북 (남향),있음(비0),878,B형 검토,0,0.0000
2026-02-08,일·공휴일,15,멀뫼사거리-동 (서향),있음(비0),316,B형 검토,0,0.0000
2026-02-08,일·공휴일,15,멀뫼사거리-서 (동향),있음(비0),713,B형 검토,0,0.0000
2026-02-08,일·공휴일,15,멀뫼4R-남 (북향),있음(비0),1146,B형 검토,0,0.0000
2026-02-08,일·공휴일,15,멀뫼사거리-북 (남향),있음(비0),861,B형 검토,0,0.0000
2026-02-08,일·공휴일,16,멀뫼사거리-동 (서향),있음(비0),309,B형 검토,0,0.0000
2026-02-08,일·공휴일,16,멀뫼사거리-서 (동향),있음(비0),685,B형 검토,0,0.0000
2026-02-08,일·공휴일,16,멀뫼4R-남 (북향),있음(비0),1201,B형 검토,0,0.0000
2026-02-08,일·공휴일,16,멀뫼사거리-북 (남향),있음(비0),841,B형 검토,0,0.0000
2026-02-08,일·공휴일,17,멀뫼사거리-동 (서향),있음(비0),302,B형 검토,0,0.0000
2026-02-08,일·공휴일,17,멀뫼사거리-서 (동향),있음(비0),614,B형 검토,0,0.0000
2026-02-08,일·공휴일,17,멀뫼4R-남 (북향),있음(비0),1055,B형 검토,0,0.0000
2026-02-08,일·공휴일,17,멀뫼사거리-북 (남향),있음(비0),783,B형 검토,0,0.0000
2026-02-08,일·공휴일,18,멀뫼사거리-동 (서향),있음(비0),234,B형 검토,0,0.0000
2026-02-08,일·공휴일,18,멀뫼사거리-서 (동향),있음(비0),514,B형 검토,0,0.0000
2026-02-08,일·공휴일,18,멀뫼4R-남 (북향),있음(비0),857,B형 검토,0,0.0000
2026-02-08,일·공휴일,18,멀뫼사거리-북 (남향),있음(비0),684,B형 검토,0,0.0000
2026-02-08,일·공휴일,19,멀뫼사거리-동 (서향),있음(비0),196,B형 검토,0,0.0000
2026-02-08,일·공휴일,19,멀뫼사거리-서 (동향),있음(비0),414,B형 검토,0,0.0000
2026-02-08,일·공휴일,19,멀뫼4R-남 (북향),있음(비0),775,B형 검토,0,0.0000
2026-02-08,일·공휴일,19,멀뫼사거리-북 (남향),있음(비0),596,B형 검토,0,0.0000
2026-02-08,일·공휴일,20,멀뫼사거리-동 (서향),있음(비0),186,B형 검토,0,0.0000
2026-02-08,일·공휴일,20,멀뫼사거리-서 (동향),있음(비0),397,B형 검토,0,0.0000
2026-02-08,일·공휴일,20,멀뫼4R-남 (북향),있음(비0),711,B형 검토,0,0.0000
2026-02-08,일·공휴일,20,멀뫼사거리-북 (남향),있음(비0),605,B형 검토,0,0.0000
2026-02-08,일·공휴일,21,멀뫼사거리-동 (서향),있음(비0),161,B형 검토,0,0.0000
2026-02-08,일·공휴일,21,멀뫼사거리-서 (동향),있음(비0),328,B형 검토,0,0.0000
2026-02-08,일·공휴일,21,멀뫼4R-남 (북향),있음(비0),659,B형 검토,0,0.0000
2026-02-08,일·공휴일,21,멀뫼사거리-북 (남향),있음(비0),472,B형 검토,0,0.0000
2026-02-08,일·공휴일,22,멀뫼사거리-동 (서향),있음(비0),124,B형 검토,0,0.0000
2026-02-08,일·공휴일,22,멀뫼사거리-서 (동향),있음(비0),284,B형 검토,0,0.0000
2026-02-08,일·공휴일,22,멀뫼4R-남 (북향),있음(비0),449,B형 검토,0,0.0000
2026-02-08,일·공휴일,22,멀뫼사거리-북 (남향),있음(비0),342,B형 검토,0,0.0000
2026-02-08,일·공휴일,23,멀뫼사거리-동 (서향),있음(비0),87,B형 검토,0,0.0000
2026-02-08,일·공휴일,23,멀뫼사거리-서 (동향),있음(비0),215,B형 검토,0,0.0000
2026-02-08,일·공휴일,23,멀뫼4R-남 (북향),있음(비0),315,B형 검토,0,0.0000
2026-02-08,일·공휴일,23,멀뫼사거리-북 (남향),있음(비0),212,B형 검토,0,0.0000
2026-02-09,평일,00,멀뫼사거리-동 (서향),있음(비0),75,B형 검토,0,0.1951
2026-02-09,평일,00,멀뫼사거리-서 (동향),있음(비0),156,B형 검토,0,0.1951
2026-02-09,평일,00,멀뫼4R-남 (북향),있음(비0),210,B형 검토,0,0.1951
2026-02-09,평일,00,멀뫼사거리-북 (남향),있음(비0),155,B형 검토,0,0.1951
2026-02-09,평일,01,멀뫼사거리-동 (서향),있음(비0),69,B형 검토,0,0.1951
2026-02-09,평일,01,멀뫼사거리-서 (동향),있음(비0),116,B형 검토,0,0.1951
2026-02-09,평일,01,멀뫼4R-남 (북향),있음(비0),169,B형 검토,0,0.1951
2026-02-09,평일,01,멀뫼사거리-북 (남향),있음(비0),83,B형 검토,0,0.1951
2026-02-09,평일,02,멀뫼사거리-동 (서향),있음(비0),62,B형 검토,0,0.1951
2026-02-09,평일,02,멀뫼사거리-서 (동향),있음(비0),107,B형 검토,0,0.1951
2026-02-09,평일,02,멀뫼4R-남 (북향),있음(비0),136,B형 검토,0,0.1951
2026-02-09,평일,02,멀뫼사거리-북 (남향),있음(비0),89,B형 검토,0,0.1951
2026-02-09,평일,03,멀뫼사거리-동 (서향),있음(비0),59,B형 검토,0,0.1951
2026-02-09,평일,03,멀뫼사거리-서 (동향),있음(비0),98,B형 검토,0,0.1951
2026-02-09,평일,03,멀뫼4R-남 (북향),있음(비0),134,B형 검토,0,0.1951
2026-02-09,평일,03,멀뫼사거리-북 (남향),있음(비0),117,B형 검토,0,0.1951
2026-02-09,평일,04,멀뫼사거리-동 (서향),있음(비0),75,B형 검토,0,0.2195
2026-02-09,평일,04,멀뫼사거리-서 (동향),있음(비0),154,B형 검토,0,0.2195
2026-02-09,평일,04,멀뫼4R-남 (북향),있음(비0),220,B형 검토,0,0.2195
2026-02-09,평일,04,멀뫼사거리-북 (남향),있음(비0),261,B형 검토,0,0.2195
2026-02-09,평일,05,멀뫼사거리-동 (서향),있음(비0),143,B형 검토,0,0.2195
2026-02-09,평일,05,멀뫼사거리-서 (동향),있음(비0),358,B형 검토,0,0.2195
2026-02-09,평일,05,멀뫼4R-남 (북향),있음(비0),565,B형 검토,0,0.2195
2026-02-09,평일,05,멀뫼사거리-북 (남향),있음(비0),559,B형 검토,0,0.2195
2026-02-09,평일,06,멀뫼사거리-동 (서향),있음(비0),202,B형 검토,0,0.2195
2026-02-09,평일,06,멀뫼사거리-서 (동향),있음(비0),461,B형 검토,0,0.2195
2026-02-09,평일,06,멀뫼4R-남 (북향),있음(비0),998,B형 검토,0,0.2195
2026-02-09,평일,06,멀뫼사거리-북 (남향),있음(비0),781,B형 검토,0,0.2195
2026-02-09,평일,07,멀뫼사거리-동 (서향),있음(비0),290,B형 검토,0,0.2195
2026-02-09,평일,07,멀뫼사거리-서 (동향),있음(비0),657,B형 검토,0,0.2195
2026-02-09,평일,07,멀뫼4R-남 (북향),있음(비0),1703,B형 검토,0,0.2195
2026-02-09,평일,07,멀뫼사거리-북 (남향),있음(비0),725,B형 검토,0,0.2195
2026-02-09,평일,08,멀뫼사거리-동 (서향),있음(비0),413,B형 검토,0,0.2195
2026-02-09,평일,08,멀뫼사거리-서 (동향),있음(비0),819,B형 검토,0,0.2195
2026-02-09,평일,08,멀뫼4R-남 (북향),있음(비0),1724,B형 검토,0,0.2195
2026-02-09,평일,08,멀뫼사거리-북 (남향),있음(비0),740,B형 검토,0,0.2195
2026-02-09,평일,09,멀뫼사거리-동 (서향),있음(비0),387,B형 검토,0,0.2439
2026-02-09,평일,09,멀뫼사거리-서 (동향),있음(비0),752,B형 검토,0,0.2439
2026-02-09,평일,09,멀뫼4R-남 (북향),있음(비0),1507,B형 검토,0,0.2439
2026-02-09,평일,09,멀뫼사거리-북 (남향),있음(비0),827,B형 검토,0,0.2439
2026-02-09,평일,10,멀뫼사거리-동 (서향),있음(비0),308,B형 검토,0,0.2439
2026-02-09,평일,10,멀뫼사거리-서 (동향),있음(비0),747,B형 검토,0,0.2439
2026-02-09,평일,10,멀뫼4R-남 (북향),있음(비0),1318,B형 검토,0,0.2439
2026-02-09,평일,10,멀뫼사거리-북 (남향),있음(비0),831,B형 검토,0,0.2439
2026-02-09,평일,11,멀뫼사거리-동 (서향),있음(비0),326,B형 검토,0,0.2439
2026-02-09,평일,11,멀뫼사거리-서 (동향),있음(비0),724,B형 검토,0,0.2439
2026-02-09,평일,11,멀뫼4R-남 (북향),있음(비0),1271,B형 검토,0,0.2439
2026-02-09,평일,11,멀뫼사거리-북 (남향),있음(비0),826,B형 검토,0,0.2439
2026-02-09,평일,12,멀뫼사거리-동 (서향),있음(비0),309,B형 검토,0,0.2195
2026-02-09,평일,12,멀뫼사거리-서 (동향),있음(비0),683,B형 검토,0,0.2195
2026-02-09,평일,12,멀뫼4R-남 (북향),있음(비0),1210,B형 검토,0,0.2195
2026-02-09,평일,12,멀뫼사거리-북 (남향),있음(비0),853,B형 검토,0,0.2195
2026-02-09,평일,13,멀뫼사거리-동 (서향),있음(비0),323,B형 검토,0,0.2195
2026-02-09,평일,13,멀뫼사거리-서 (동향),있음(비0),715,B형 검토,0,0.2195
2026-02-09,평일,13,멀뫼4R-남 (북향),있음(비0),1236,B형 검토,0,0.2195
2026-02-09,평일,13,멀뫼사거리-북 (남향),있음(비0),816,B형 검토,0,0.2195
2026-02-09,평일,14,멀뫼사거리-동 (서향),있음(비0),314,B형 검토,0,0.2195
2026-02-09,평일,14,멀뫼사거리-서 (동향),있음(비0),751,B형 검토,0,0.2195
2026-02-09,평일,14,멀뫼4R-남 (북향),있음(비0),1287,B형 검토,0,0.2195
2026-02-09,평일,14,멀뫼사거리-북 (남향),있음(비0),824,B형 검토,0,0.2195
2026-02-09,평일,15,멀뫼사거리-동 (서향),있음(비0),390,B형 검토,0,0.1951
2026-02-09,평일,15,멀뫼사거리-서 (동향),있음(비0),805,B형 검토,0,0.1951
2026-02-09,평일,15,멀뫼4R-남 (북향),있음(비0),1325,B형 검토,0,0.1951
2026-02-09,평일,15,멀뫼사거리-북 (남향),있음(비0),803,B형 검토,0,0.1951
2026-02-09,평일,16,멀뫼사거리-동 (서향),있음(비0),376,B형 검토,0,0.2195
2026-02-09,평일,16,멀뫼사거리-서 (동향),있음(비0),870,B형 검토,0,0.2195
2026-02-09,평일,16,멀뫼4R-남 (북향),있음(비0),1337,B형 검토,0,0.2195
2026-02-09,평일,16,멀뫼사거리-북 (남향),있음(비0),834,B형 검토,0,0.2195
2026-02-09,평일,17,멀뫼사거리-동 (서향),있음(비0),473,B형 검토,0,0.2683
2026-02-09,평일,17,멀뫼사거리-서 (동향),있음(비0),726,B형 검토,0,0.2683
2026-02-09,평일,17,멀뫼4R-남 (북향),있음(비0),1376,B형 검토,0,0.2683
2026-02-09,평일,17,멀뫼사거리-북 (남향),있음(비0),882,B형 검토,0,0.2683
2026-02-09,평일,18,멀뫼사거리-동 (서향),있음(비0),464,B형 검토,0,0.2683
2026-02-09,평일,18,멀뫼사거리-서 (동향),있음(비0),647,B형 검토,0,0.2683
2026-02-09,평일,18,멀뫼4R-남 (북향),있음(비0),1336,B형 검토,0,0.2683
2026-02-09,평일,18,멀뫼사거리-북 (남향),있음(비0),267,B형 검토,0,0.2683
2026-02-09,평일,19,멀뫼사거리-동 (서향),있음(비0),248,B형 검토,0,0.2683
2026-02-09,평일,19,멀뫼사거리-서 (동향),있음(비0),515,B형 검토,0,0.2683
2026-02-09,평일,19,멀뫼4R-남 (북향),있음(비0),1217,B형 검토,0,0.2683
2026-02-09,평일,19,멀뫼사거리-북 (남향),없음(NULL),,B형,0,0.2683
2026-02-09,평일,20,멀뫼사거리-동 (서향),있음(비0),210,B형 검토,0,0.2683
2026-02-09,평일,20,멀뫼사거리-서 (동향),있음(비0),433,B형 검토,0,0.2683
2026-02-09,평일,20,멀뫼4R-남 (북향),있음(비0),1023,B형 검토,0,0.2683
2026-02-09,평일,20,멀뫼사거리-북 (남향),없음(NULL),,B형,0,0.2683
2026-02-09,평일,21,멀뫼사거리-동 (서향),있음(비0),175,B형 검토,0,0.2683
2026-02-09,평일,21,멀뫼사거리-서 (동향),있음(비0),379,B형 검토,0,0.2683
2026-02-09,평일,21,멀뫼4R-남 (북향),있음(비0),722,B형 검토,0,0.2683
2026-02-09,평일,21,멀뫼사거리-북 (남향),없음(NULL),,B형,0,0.2683
2026-02-09,평일,22,멀뫼사거리-동 (서향),있음(비0),151,B형 검토,0,0.2927
2026-02-09,평일,22,멀뫼사거리-서 (동향),있음(비0),341,B형 검토,0,0.2927
2026-02-09,평일,22,멀뫼4R-남 (북향),있음(비0),551,B형 검토,0,0.2927
2026-02-09,평일,22,멀뫼사거리-북 (남향),없음(NULL),,B형,0,0.2927
2026-02-09,평일,23,멀뫼사거리-동 (서향),있음(비0),124,B형 검토,0,0.2927
2026-02-09,평일,23,멀뫼사거리-서 (동향),있음(비0),277,B형 검토,0,0.2927
2026-02-09,평일,23,멀뫼4R-남 (북향),있음(비0),386,B형 검토,0,0.2927
2026-02-09,평일,23,멀뫼사거리-북 (남향),없음(NULL),,B형,0,0.2927
2026-02-10,평일,00,멀뫼사거리-동 (서향),있음(비0),89,B형 검토,0,0.1951
2026-02-10,평일,00,멀뫼사거리-서 (동향),있음(비0),212,B형 검토,0,0.1951
2026-02-10,평일,00,멀뫼4R-남 (북향),있음(비0),272,B형 검토,0,0.1951
2026-02-10,평일,00,멀뫼사거리-북 (남향),없음(NULL),,A형 가능,0,0.1951
2026-02-10,평일,01,멀뫼사거리-동 (서향),있음(비0),66,B형 검토,0,0.1951
2026-02-10,평일,01,멀뫼사거리-서 (동향),있음(비0),169,B형 검토,0,0.1951
2026-02-10,평일,01,멀뫼4R-남 (북향),있음(비0),216,B형 검토,0,0.1951
2026-02-10,평일,01,멀뫼사거리-북 (남향),없음(NULL),,A형 가능,0,0.1951
2026-02-10,평일,02,멀뫼사거리-동 (서향),있음(비0),61,B형 검토,0,0.1951
2026-02-10,평일,02,멀뫼사거리-서 (동향),있음(비0),112,B형 검토,0,0.1951
2026-02-10,평일,02,멀뫼4R-남 (북향),있음(비0),163,B형 검토,0,0.1951
2026-02-10,평일,02,멀뫼사거리-북 (남향),없음(NULL),,A형 가능,0,0.1951
2026-02-10,평일,03,멀뫼사거리-동 (서향),있음(비0),57,B형 검토,0,0.1951
2026-02-10,평일,03,멀뫼사거리-서 (동향),있음(비0),103,B형 검토,0,0.1951
2026-02-10,평일,03,멀뫼4R-남 (북향),있음(비0),134,B형 검토,0,0.1951
2026-02-10,평일,03,멀뫼사거리-북 (남향),없음(NULL),,A형 가능,0,0.1951
2026-02-10,평일,04,멀뫼사거리-동 (서향),있음(비0),86,B형 검토,0,0.2195
2026-02-10,평일,04,멀뫼사거리-서 (동향),있음(비0),186,B형 검토,0,0.2195
2026-02-10,평일,04,멀뫼4R-남 (북향),있음(비0),194,B형 검토,0,0.2195
2026-02-10,평일,04,멀뫼사거리-북 (남향),없음(NULL),,B형,0,0.2195
2026-02-10,평일,05,멀뫼사거리-동 (서향),있음(비0),143,B형 검토,0,0.2195
2026-02-10,평일,05,멀뫼사거리-서 (동향),있음(비0),341,B형 검토,0,0.2195
2026-02-10,평일,05,멀뫼4R-남 (북향),있음(비0),580,B형 검토,0,0.2195
2026-02-10,평일,05,멀뫼사거리-북 (남향),없음(NULL),,B형,0,0.2195
2026-02-10,평일,06,멀뫼사거리-동 (서향),있음(비0),201,B형 검토,0,0.2195
2026-02-10,평일,06,멀뫼사거리-서 (동향),있음(비0),472,B형 검토,0,0.2195
2026-02-10,평일,06,멀뫼4R-남 (북향),있음(비0),970,B형 검토,0,0.2195
2026-02-10,평일,06,멀뫼사거리-북 (남향),없음(NULL),,B형,0,0.2195
2026-02-10,평일,07,멀뫼사거리-동 (서향),있음(비0),274,B형 검토,0,0.2195
2026-02-10,평일,07,멀뫼사거리-서 (동향),있음(비0),603,B형 검토,0,0.2195
2026-02-10,평일,07,멀뫼4R-남 (북향),있음(비0),1642,B형 검토,0,0.2195
2026-02-10,평일,07,멀뫼사거리-북 (남향),없음(NULL),,B형,0,0.2195
2026-02-10,평일,08,멀뫼사거리-동 (서향),있음(비0),455,B형 검토,0,0.2195
2026-02-10,평일,08,멀뫼사거리-서 (동향),있음(비0),750,B형 검토,0,0.2195
2026-02-10,평일,08,멀뫼4R-남 (북향),있음(비0),1814,B형 검토,0,0.2195
2026-02-10,평일,08,멀뫼사거리-북 (남향),없음(NULL),,B형,0,0.2195
2026-02-10,평일,09,멀뫼사거리-동 (서향),있음(비0),404,B형 검토,0,0.2439
2026-02-10,평일,09,멀뫼사거리-서 (동향),있음(비0),758,B형 검토,0,0.2439
2026-02-10,평일,09,멀뫼4R-남 (북향),있음(비0),1473,B형 검토,0,0.2439
2026-02-10,평일,09,멀뫼사거리-북 (남향),없음(NULL),,B형,0,0.2439
2026-02-10,평일,10,멀뫼사거리-동 (서향),있음(비0),359,B형 검토,0,0.2439
2026-02-10,평일,10,멀뫼사거리-서 (동향),있음(비0),813,B형 검토,0,0.2439
2026-02-10,평일,10,멀뫼4R-남 (북향),있음(비0),1345,B형 검토,0,0.2439
2026-02-10,평일,10,멀뫼사거리-북 (남향),없음(NULL),,B형,0,0.2439
2026-02-10,평일,11,멀뫼사거리-동 (서향),있음(비0),376,B형 검토,0,0.2439
2026-02-10,평일,11,멀뫼사거리-서 (동향),있음(비0),763,B형 검토,0,0.2439
2026-02-10,평일,11,멀뫼4R-남 (북향),있음(비0),1199,B형 검토,0,0.2439
2026-02-10,평일,11,멀뫼사거리-북 (남향),없음(NULL),,B형,0,0.2439
2026-02-10,평일,12,멀뫼사거리-동 (서향),있음(비0),311,B형 검토,0,0.2195
2026-02-10,평일,12,멀뫼사거리-서 (동향),있음(비0),748,B형 검토,0,0.2195
2026-02-10,평일,12,멀뫼4R-남 (북향),있음(비0),1228,B형 검토,0,0.2195
2026-02-10,평일,12,멀뫼사거리-북 (남향),없음(NULL),,B형,0,0.2195
2026-02-10,평일,13,멀뫼사거리-동 (서향),있음(비0),329,B형 검토,0,0.2195
2026-02-10,평일,13,멀뫼사거리-서 (동향),있음(비0),739,B형 검토,0,0.2195
2026-02-10,평일,13,멀뫼4R-남 (북향),있음(비0),1289,B형 검토,0,0.2195
2026-02-10,평일,13,멀뫼사거리-북 (남향),없음(NULL),,B형,0,0.2195
2026-02-10,평일,14,멀뫼사거리-동 (서향),있음(비0),363,B형 검토,0,0.2195
2026-02-10,평일,14,멀뫼사거리-서 (동향),있음(비0),818,B형 검토,0,0.2195
2026-02-10,평일,14,멀뫼4R-남 (북향),있음(비0),1362,B형 검토,0,0.2195
2026-02-10,평일,14,멀뫼사거리-북 (남향),없음(NULL),,B형,0,0.2195
2026-02-10,평일,15,멀뫼사거리-동 (서향),있음(비0),387,B형 검토,0,0.1951
2026-02-10,평일,15,멀뫼사거리-서 (동향),있음(비0),766,B형 검토,0,0.1951
2026-02-10,평일,15,멀뫼4R-남 (북향),있음(비0),1306,B형 검토,0,0.1951
2026-02-10,평일,15,멀뫼사거리-북 (남향),없음(NULL),,A형 가능,0,0.1951
2026-02-10,평일,16,멀뫼사거리-동 (서향),있음(비0),422,B형 검토,0,0.2195
2026-02-10,평일,16,멀뫼사거리-서 (동향),있음(비0),801,B형 검토,0,0.2195
2026-02-10,평일,16,멀뫼4R-남 (북향),있음(비0),1310,B형 검토,0,0.2195
2026-02-10,평일,16,멀뫼사거리-북 (남향),없음(NULL),,B형,0,0.2195
2026-02-10,평일,17,멀뫼사거리-동 (서향),있음(비0),464,B형 검토,0,0.2683
2026-02-10,평일,17,멀뫼사거리-서 (동향),있음(비0),716,B형 검토,0,0.2683
2026-02-10,평일,17,멀뫼4R-남 (북향),있음(비0),1371,B형 검토,0,0.2683
2026-02-10,평일,17,멀뫼사거리-북 (남향),없음(NULL),,B형,0,0.2683
2026-02-10,평일,18,멀뫼사거리-동 (서향),있음(비0),426,B형 검토,0,0.2683
2026-02-10,평일,18,멀뫼사거리-서 (동향),있음(비0),563,B형 검토,0,0.2683
2026-02-10,평일,18,멀뫼4R-남 (북향),있음(비0),1350,B형 검토,0,0.2683
2026-02-10,평일,18,멀뫼사거리-북 (남향),없음(NULL),,B형,0,0.2683
2026-02-10,평일,19,멀뫼사거리-동 (서향),있음(비0),279,B형 검토,0,0.2683
2026-02-10,평일,19,멀뫼사거리-서 (동향),있음(비0),560,B형 검토,0,0.2683
2026-02-10,평일,19,멀뫼4R-남 (북향),있음(비0),1264,B형 검토,0,0.2683
2026-02-10,평일,19,멀뫼사거리-북 (남향),있음(비0),61,B형 검토,0,0.2683
2026-02-10,평일,20,멀뫼사거리-동 (서향),있음(비0),206,B형 검토,0,0.2683
2026-02-10,평일,20,멀뫼사거리-서 (동향),있음(비0),469,B형 검토,0,0.2683
2026-02-10,평일,20,멀뫼4R-남 (북향),있음(비0),1036,B형 검토,0,0.2683
2026-02-10,평일,20,멀뫼사거리-북 (남향),없음(NULL),,B형,0,0.2683
2026-02-10,평일,21,멀뫼사거리-동 (서향),있음(비0),183,B형 검토,0,0.2683
2026-02-10,평일,21,멀뫼사거리-서 (동향),있음(비0),441,B형 검토,0,0.2683
2026-02-10,평일,21,멀뫼4R-남 (북향),있음(비0),802,B형 검토,0,0.2683
2026-02-10,평일,21,멀뫼사거리-북 (남향),없음(NULL),,B형,0,0.2683
2026-02-10,평일,22,멀뫼사거리-동 (서향),있음(비0),157,B형 검토,0,0.2927
2026-02-10,평일,22,멀뫼사거리-서 (동향),있음(비0),431,B형 검토,0,0.2927
2026-02-10,평일,22,멀뫼4R-남 (북향),있음(비0),569,B형 검토,0,0.2927
2026-02-10,평일,22,멀뫼사거리-북 (남향),없음(NULL),,B형,0,0.2927
2026-02-10,평일,23,멀뫼사거리-동 (서향),있음(비0),110,B형 검토,0,0.2927
2026-02-10,평일,23,멀뫼사거리-서 (동향),있음(비0),311,B형 검토,0,0.2927
2026-02-10,평일,23,멀뫼4R-남 (북향),있음(비0),422,B형 검토,0,0.2927
2026-02-10,평일,23,멀뫼사거리-북 (남향),없음(NULL),,B형,0,0.2927
2026-02-11,평일,00,멀뫼사거리-동 (서향),있음(비0),93,B형 검토,0,0.1951
2026-02-11,평일,00,멀뫼사거리-서 (동향),있음(비0),206,B형 검토,0,0.1951
2026-02-11,평일,00,멀뫼4R-남 (북향),있음(비0),305,B형 검토,0,0.1951
2026-02-11,평일,00,멀뫼사거리-북 (남향),없음(NULL),,A형 가능,0,0.1951
2026-02-11,평일,01,멀뫼사거리-동 (서향),있음(비0),71,B형 검토,0,0.1951
2026-02-11,평일,01,멀뫼사거리-서 (동향),있음(비0),168,B형 검토,0,0.1951
2026-02-11,평일,01,멀뫼4R-남 (북향),있음(비0),206,B형 검토,0,0.1951
2026-02-11,평일,01,멀뫼사거리-북 (남향),없음(NULL),,A형 가능,0,0.1951
2026-02-11,평일,02,멀뫼사거리-동 (서향),있음(비0),65,B형 검토,0,0.1951
2026-02-11,평일,02,멀뫼사거리-서 (동향),있음(비0),111,B형 검토,0,0.1951
2026-02-11,평일,02,멀뫼4R-남 (북향),있음(비0),171,B형 검토,0,0.1951
2026-02-11,평일,02,멀뫼사거리-북 (남향),없음(NULL),,A형 가능,0,0.1951
2026-02-11,평일,03,멀뫼사거리-동 (서향),있음(비0),64,B형 검토,0,0.1951
2026-02-11,평일,03,멀뫼사거리-서 (동향),있음(비0),115,B형 검토,0,0.1951
2026-02-11,평일,03,멀뫼4R-남 (북향),있음(비0),137,B형 검토,0,0.1951
2026-02-11,평일,03,멀뫼사거리-북 (남향),없음(NULL),,A형 가능,0,0.1951
2026-02-11,평일,04,멀뫼사거리-동 (서향),있음(비0),81,B형 검토,0,0.2195
2026-02-11,평일,04,멀뫼사거리-서 (동향),있음(비0),172,B형 검토,0,0.2195
2026-02-11,평일,04,멀뫼4R-남 (북향),있음(비0),244,B형 검토,0,0.2195
2026-02-11,평일,04,멀뫼사거리-북 (남향),없음(NULL),,B형,0,0.2195
2026-02-11,평일,05,멀뫼사거리-동 (서향),있음(비0),150,B형 검토,0,0.2195
2026-02-11,평일,05,멀뫼사거리-서 (동향),있음(비0),354,B형 검토,0,0.2195
2026-02-11,평일,05,멀뫼4R-남 (북향),있음(비0),566,B형 검토,0,0.2195
2026-02-11,평일,05,멀뫼사거리-북 (남향),없음(NULL),,B형,0,0.2195
2026-02-11,평일,06,멀뫼사거리-동 (서향),있음(비0),206,B형 검토,0,0.2195
2026-02-11,평일,06,멀뫼사거리-서 (동향),있음(비0),559,B형 검토,0,0.2195
2026-02-11,평일,06,멀뫼4R-남 (북향),있음(비0),973,B형 검토,0,0.2195
2026-02-11,평일,06,멀뫼사거리-북 (남향),없음(NULL),,B형,0,0.2195
2026-02-11,평일,07,멀뫼사거리-동 (서향),있음(비0),279,B형 검토,0,0.2195
2026-02-11,평일,07,멀뫼사거리-서 (동향),있음(비0),614,B형 검토,0,0.2195
2026-02-11,평일,07,멀뫼4R-남 (북향),있음(비0),1619,B형 검토,0,0.2195
2026-02-11,평일,07,멀뫼사거리-북 (남향),없음(NULL),,B형,0,0.2195
2026-02-11,평일,08,멀뫼사거리-동 (서향),있음(비0),455,B형 검토,0,0.2195
2026-02-11,평일,08,멀뫼사거리-서 (동향),있음(비0),787,B형 검토,0,0.2195
2026-02-11,평일,08,멀뫼4R-남 (북향),있음(비0),1749,B형 검토,0,0.2195
2026-02-11,평일,08,멀뫼사거리-북 (남향),없음(NULL),,B형,0,0.2195
2026-02-11,평일,09,멀뫼사거리-동 (서향),있음(비0),397,B형 검토,0,0.2439
2026-02-11,평일,09,멀뫼사거리-서 (동향),있음(비0),769,B형 검토,0,0.2439
2026-02-11,평일,09,멀뫼4R-남 (북향),있음(비0),1533,B형 검토,0,0.2439
2026-02-11,평일,09,멀뫼사거리-북 (남향),없음(NULL),,B형,0,0.2439
2026-02-11,평일,10,멀뫼사거리-동 (서향),있음(비0),327,B형 검토,0,0.2439
2026-02-11,평일,10,멀뫼사거리-서 (동향),있음(비0),753,B형 검토,0,0.2439
2026-02-11,평일,10,멀뫼4R-남 (북향),있음(비0),1375,B형 검토,0,0.2439
2026-02-11,평일,10,멀뫼사거리-북 (남향),없음(NULL),,B형,0,0.2439
2026-02-11,평일,11,멀뫼사거리-동 (서향),있음(비0),327,B형 검토,0,0.2439
2026-02-11,평일,11,멀뫼사거리-서 (동향),있음(비0),752,B형 검토,0,0.2439
2026-02-11,평일,11,멀뫼4R-남 (북향),있음(비0),1302,B형 검토,0,0.2439
2026-02-11,평일,11,멀뫼사거리-북 (남향),없음(NULL),,B형,0,0.2439
2026-02-11,평일,12,멀뫼사거리-동 (서향),있음(비0),325,B형 검토,0,0.2195
2026-02-11,평일,12,멀뫼사거리-서 (동향),있음(비0),710,B형 검토,0,0.2195
2026-02-11,평일,12,멀뫼4R-남 (북향),있음(비0),1242,B형 검토,0,0.2195
2026-02-11,평일,12,멀뫼사거리-북 (남향),없음(NULL),,B형,0,0.2195
2026-02-11,평일,13,멀뫼사거리-동 (서향),있음(비0),348,B형 검토,0,0.2195
2026-02-11,평일,13,멀뫼사거리-서 (동향),있음(비0),737,B형 검토,0,0.2195
2026-02-11,평일,13,멀뫼4R-남 (북향),있음(비0),1318,B형 검토,0,0.2195
2026-02-11,평일,13,멀뫼사거리-북 (남향),없음(NULL),,B형,0,0.2195
2026-02-11,평일,14,멀뫼사거리-동 (서향),있음(비0),354,B형 검토,0,0.2195
2026-02-11,평일,14,멀뫼사거리-서 (동향),있음(비0),790,B형 검토,0,0.2195
2026-02-11,평일,14,멀뫼4R-남 (북향),있음(비0),1366,B형 검토,0,0.2195
2026-02-11,평일,14,멀뫼사거리-북 (남향),없음(NULL),,B형,0,0.2195
2026-02-11,평일,15,멀뫼사거리-동 (서향),있음(비0),367,B형 검토,0,0.1951
2026-02-11,평일,15,멀뫼사거리-서 (동향),있음(비0),833,B형 검토,0,0.1951
2026-02-11,평일,15,멀뫼4R-남 (북향),있음(비0),1338,B형 검토,0,0.1951
2026-02-11,평일,15,멀뫼사거리-북 (남향),없음(NULL),,A형 가능,0,0.1951
2026-02-11,평일,16,멀뫼사거리-동 (서향),있음(비0),392,B형 검토,0,0.2195
2026-02-11,평일,16,멀뫼사거리-서 (동향),있음(비0),831,B형 검토,0,0.2195
2026-02-11,평일,16,멀뫼4R-남 (북향),있음(비0),1351,B형 검토,0,0.2195
2026-02-11,평일,16,멀뫼사거리-북 (남향),없음(NULL),,B형,0,0.2195
2026-02-11,평일,17,멀뫼사거리-동 (서향),있음(비0),464,B형 검토,0,0.2683
2026-02-11,평일,17,멀뫼사거리-서 (동향),있음(비0),709,B형 검토,0,0.2683
2026-02-11,평일,17,멀뫼4R-남 (북향),있음(비0),1450,B형 검토,0,0.2683
2026-02-11,평일,17,멀뫼사거리-북 (남향),없음(NULL),,B형,0,0.2683
2026-02-11,평일,18,멀뫼사거리-동 (서향),있음(비0),463,B형 검토,0,0.2683
2026-02-11,평일,18,멀뫼사거리-서 (동향),있음(비0),637,B형 검토,0,0.2683
2026-02-11,평일,18,멀뫼4R-남 (북향),있음(비0),1359,B형 검토,0,0.2683
2026-02-11,평일,18,멀뫼사거리-북 (남향),없음(NULL),,B형,0,0.2683
2026-02-11,평일,19,멀뫼사거리-동 (서향),있음(비0),312,B형 검토,0,0.2683
2026-02-11,평일,19,멀뫼사거리-서 (동향),있음(비0),554,B형 검토,0,0.2683
2026-02-11,평일,19,멀뫼4R-남 (북향),있음(비0),1299,B형 검토,0,0.2683
2026-02-11,평일,19,멀뫼사거리-북 (남향),없음(NULL),,B형,0,0.2683
2026-02-11,평일,20,멀뫼사거리-동 (서향),있음(비0),251,B형 검토,0,0.2683
2026-02-11,평일,20,멀뫼사거리-서 (동향),있음(비0),418,B형 검토,0,0.2683
2026-02-11,평일,20,멀뫼4R-남 (북향),있음(비0),1096,B형 검토,0,0.2683
2026-02-11,평일,20,멀뫼사거리-북 (남향),없음(NULL),,B형,0,0.2683
2026-02-11,평일,21,멀뫼사거리-동 (서향),있음(비0),205,B형 검토,0,0.2683
2026-02-11,평일,21,멀뫼사거리-서 (동향),있음(비0),408,B형 검토,0,0.2683
2026-02-11,평일,21,멀뫼4R-남 (북향),있음(비0),858,B형 검토,0,0.2683
2026-02-11,평일,21,멀뫼사거리-북 (남향),없음(NULL),,B형,0,0.2683
2026-02-11,평일,22,멀뫼사거리-동 (서향),있음(비0),145,B형 검토,0,0.2927
2026-02-11,평일,22,멀뫼사거리-서 (동향),있음(비0),361,B형 검토,0,0.2927
2026-02-11,평일,22,멀뫼4R-남 (북향),있음(비0),566,B형 검토,0,0.2927
2026-02-11,평일,22,멀뫼사거리-북 (남향),없음(NULL),,B형,0,0.2927
2026-02-11,평일,23,멀뫼사거리-동 (서향),있음(비0),108,B형 검토,0,0.2927
2026-02-11,평일,23,멀뫼사거리-서 (동향),있음(비0),293,B형 검토,0,0.2927
2026-02-11,평일,23,멀뫼4R-남 (북향),있음(비0),420,B형 검토,0,0.2927
2026-02-11,평일,23,멀뫼사거리-북 (남향),없음(NULL),,B형,0,0.2927
2026-02-12,평일,00,멀뫼사거리-동 (서향),있음(비0),86,B형 검토,0,0.1951
2026-02-12,평일,00,멀뫼사거리-서 (동향),있음(비0),219,B형 검토,0,0.1951
2026-02-12,평일,00,멀뫼4R-남 (북향),있음(비0),336,B형 검토,0,0.1951
2026-02-12,평일,00,멀뫼사거리-북 (남향),없음(NULL),,A형 가능,0,0.1951
2026-02-12,평일,01,멀뫼사거리-동 (서향),있음(비0),84,B형 검토,0,0.1951
2026-02-12,평일,01,멀뫼사거리-서 (동향),있음(비0),184,B형 검토,0,0.1951
2026-02-12,평일,01,멀뫼4R-남 (북향),있음(비0),236,B형 검토,0,0.1951
2026-02-12,평일,01,멀뫼사거리-북 (남향),없음(NULL),,A형 가능,0,0.1951
2026-02-12,평일,02,멀뫼사거리-동 (서향),있음(비0),80,B형 검토,0,0.1951
2026-02-12,평일,02,멀뫼사거리-서 (동향),있음(비0),144,B형 검토,0,0.1951
2026-02-12,평일,02,멀뫼4R-남 (북향),있음(비0),195,B형 검토,0,0.1951
2026-02-12,평일,02,멀뫼사거리-북 (남향),있음(비0),65,B형 검토,0,0.1951
2026-02-12,평일,03,멀뫼사거리-동 (서향),있음(비0),63,B형 검토,0,0.1951
2026-02-12,평일,03,멀뫼사거리-서 (동향),있음(비0),131,B형 검토,0,0.1951
2026-02-12,평일,03,멀뫼4R-남 (북향),있음(비0),154,B형 검토,0,0.1951
2026-02-12,평일,03,멀뫼사거리-북 (남향),있음(비0),110,B형 검토,0,0.1951
2026-02-12,평일,04,멀뫼사거리-동 (서향),있음(비0),75,B형 검토,0,0.2195
2026-02-12,평일,04,멀뫼사거리-서 (동향),있음(비0),187,B형 검토,0,0.2195
2026-02-12,평일,04,멀뫼4R-남 (북향),있음(비0),244,B형 검토,0,0.2195
2026-02-12,평일,04,멀뫼사거리-북 (남향),있음(비0),215,B형 검토,0,0.2195
2026-02-12,평일,05,멀뫼사거리-동 (서향),있음(비0),145,B형 검토,0,0.2195
2026-02-12,평일,05,멀뫼사거리-서 (동향),있음(비0),351,B형 검토,0,0.2195
2026-02-12,평일,05,멀뫼4R-남 (북향),있음(비0),584,B형 검토,0,0.2195
2026-02-12,평일,05,멀뫼사거리-북 (남향),있음(비0),498,B형 검토,0,0.2195
2026-02-12,평일,06,멀뫼사거리-동 (서향),있음(비0),225,B형 검토,0,0.2195
2026-02-12,평일,06,멀뫼사거리-서 (동향),있음(비0),525,B형 검토,0,0.2195
2026-02-12,평일,06,멀뫼4R-남 (북향),있음(비0),993,B형 검토,0,0.2195
2026-02-12,평일,06,멀뫼사거리-북 (남향),있음(비0),768,B형 검토,0,0.2195
2026-02-12,평일,07,멀뫼사거리-동 (서향),있음(비0),305,B형 검토,0,0.2195
2026-02-12,평일,07,멀뫼사거리-서 (동향),있음(비0),653,B형 검토,0,0.2195
2026-02-12,평일,07,멀뫼4R-남 (북향),있음(비0),1626,B형 검토,0,0.2195
2026-02-12,평일,07,멀뫼사거리-북 (남향),있음(비0),755,B형 검토,0,0.2195
2026-02-12,평일,08,멀뫼사거리-동 (서향),있음(비0),462,B형 검토,0,0.2195
2026-02-12,평일,08,멀뫼사거리-서 (동향),있음(비0),815,B형 검토,0,0.2195
2026-02-12,평일,08,멀뫼4R-남 (북향),있음(비0),1723,B형 검토,0,0.2195
2026-02-12,평일,08,멀뫼사거리-북 (남향),있음(비0),774,B형 검토,0,0.2195
2026-02-12,평일,09,멀뫼사거리-동 (서향),있음(비0),423,B형 검토,0,0.2439
2026-02-12,평일,09,멀뫼사거리-서 (동향),있음(비0),678,B형 검토,0,0.2439
2026-02-12,평일,09,멀뫼4R-남 (북향),있음(비0),1441,B형 검토,0,0.2439
2026-02-12,평일,09,멀뫼사거리-북 (남향),있음(비0),744,B형 검토,0,0.2439
2026-02-12,평일,10,멀뫼사거리-동 (서향),있음(비0),419,B형 검토,0,0.2439
2026-02-12,평일,10,멀뫼사거리-서 (동향),있음(비0),647,B형 검토,0,0.2439
2026-02-12,평일,10,멀뫼4R-남 (북향),있음(비0),1352,B형 검토,0,0.2439
2026-02-12,평일,10,멀뫼사거리-북 (남향),있음(비0),609,B형 검토,0,0.2439
2026-02-12,평일,11,멀뫼사거리-동 (서향),있음(비0),387,B형 검토,0,0.2439
2026-02-12,평일,11,멀뫼사거리-서 (동향),있음(비0),766,B형 검토,0,0.2439
2026-02-12,평일,11,멀뫼4R-남 (북향),있음(비0),1202,B형 검토,0,0.2439
2026-02-12,평일,11,멀뫼사거리-북 (남향),있음(비0),734,B형 검토,0,0.2439
2026-02-12,평일,12,멀뫼사거리-동 (서향),있음(비0),365,B형 검토,0,0.2195
2026-02-12,평일,12,멀뫼사거리-서 (동향),있음(비0),761,B형 검토,0,0.2195
2026-02-12,평일,12,멀뫼4R-남 (북향),있음(비0),1280,B형 검토,0,0.2195
2026-02-12,평일,12,멀뫼사거리-북 (남향),있음(비0),836,B형 검토,0,0.2195
2026-02-12,평일,13,멀뫼사거리-동 (서향),있음(비0),448,B형 검토,0,0.2195
2026-02-12,평일,13,멀뫼사거리-서 (동향),있음(비0),743,B형 검토,0,0.2195
2026-02-12,평일,13,멀뫼4R-남 (북향),있음(비0),1360,B형 검토,0,0.2195
2026-02-12,평일,13,멀뫼사거리-북 (남향),있음(비0),637,B형 검토,0,0.2195
2026-02-12,평일,14,멀뫼사거리-동 (서향),있음(비0),389,B형 검토,0,0.2195
2026-02-12,평일,14,멀뫼사거리-서 (동향),있음(비0),862,B형 검토,0,0.2195
2026-02-12,평일,14,멀뫼4R-남 (북향),있음(비0),1339,B형 검토,0,0.2195
2026-02-12,평일,14,멀뫼사거리-북 (남향),있음(비0),744,B형 검토,0,0.2195
2026-02-12,평일,15,멀뫼사거리-동 (서향),있음(비0),431,B형 검토,0,0.1951
2026-02-12,평일,15,멀뫼사거리-서 (동향),있음(비0),821,B형 검토,0,0.1951
2026-02-12,평일,15,멀뫼4R-남 (북향),있음(비0),1404,B형 검토,0,0.1951
2026-02-12,평일,15,멀뫼사거리-북 (남향),있음(비0),728,B형 검토,0,0.1951
2026-02-12,평일,16,멀뫼사거리-동 (서향),있음(비0),399,B형 검토,0,0.2195
2026-02-12,평일,16,멀뫼사거리-서 (동향),있음(비0),850,B형 검토,0,0.2195
2026-02-12,평일,16,멀뫼4R-남 (북향),있음(비0),1472,B형 검토,0,0.2195
2026-02-12,평일,16,멀뫼사거리-북 (남향),있음(비0),793,B형 검토,0,0.2195
2026-02-12,평일,17,멀뫼사거리-동 (서향),있음(비0),504,B형 검토,0,0.2683
2026-02-12,평일,17,멀뫼사거리-서 (동향),있음(비0),783,B형 검토,0,0.2683
2026-02-12,평일,17,멀뫼4R-남 (북향),있음(비0),1471,B형 검토,0,0.2683
2026-02-12,평일,17,멀뫼사거리-북 (남향),있음(비0),743,B형 검토,0,0.2683
2026-02-12,평일,18,멀뫼사거리-동 (서향),있음(비0),491,B형 검토,0,0.2683
2026-02-12,평일,18,멀뫼사거리-서 (동향),있음(비0),643,B형 검토,0,0.2683
2026-02-12,평일,18,멀뫼4R-남 (북향),있음(비0),1396,B형 검토,0,0.2683
2026-02-12,평일,18,멀뫼사거리-북 (남향),있음(비0),733,B형 검토,0,0.2683
2026-02-12,평일,19,멀뫼사거리-동 (서향),있음(비0),305,B형 검토,0,0.2683
2026-02-12,평일,19,멀뫼사거리-서 (동향),있음(비0),515,B형 검토,0,0.2683
2026-02-12,평일,19,멀뫼4R-남 (북향),있음(비0),1270,B형 검토,0,0.2683
2026-02-12,평일,19,멀뫼사거리-북 (남향),있음(비0),294,B형 검토,0,0.2683
2026-02-12,평일,20,멀뫼사거리-동 (서향),있음(비0),227,B형 검토,0,0.2683
2026-02-12,평일,20,멀뫼사거리-서 (동향),있음(비0),436,B형 검토,0,0.2683
2026-02-12,평일,20,멀뫼4R-남 (북향),있음(비0),1180,B형 검토,0,0.2683
2026-02-12,평일,20,멀뫼사거리-북 (남향),없음(NULL),,B형,0,0.2683
2026-02-12,평일,21,멀뫼사거리-동 (서향),있음(비0),209,B형 검토,0,0.2683
2026-02-12,평일,21,멀뫼사거리-서 (동향),있음(비0),401,B형 검토,0,0.2683
2026-02-12,평일,21,멀뫼4R-남 (북향),있음(비0),985,B형 검토,0,0.2683
2026-02-12,평일,21,멀뫼사거리-북 (남향),없음(NULL),,B형,0,0.2683
2026-02-12,평일,22,멀뫼사거리-동 (서향),있음(비0),156,B형 검토,0,0.2927
2026-02-12,평일,22,멀뫼사거리-서 (동향),있음(비0),392,B형 검토,0,0.2927
2026-02-12,평일,22,멀뫼4R-남 (북향),있음(비0),649,B형 검토,0,0.2927
2026-02-12,평일,22,멀뫼사거리-북 (남향),없음(NULL),,B형,0,0.2927
2026-02-12,평일,23,멀뫼사거리-동 (서향),있음(비0),127,B형 검토,0,0.2927
2026-02-12,평일,23,멀뫼사거리-서 (동향),있음(비0),291,B형 검토,0,0.2927
2026-02-12,평일,23,멀뫼4R-남 (북향),있음(비0),424,B형 검토,0,0.2927
2026-02-12,평일,23,멀뫼사거리-북 (남향),없음(NULL),,B형,0,0.2927
2026-02-13,평일,00,멀뫼사거리-동 (서향),있음(비0),109,B형 검토,0,0.1951
2026-02-13,평일,00,멀뫼사거리-서 (동향),있음(비0),237,B형 검토,0,0.1951
2026-02-13,평일,00,멀뫼4R-남 (북향),있음(비0),346,B형 검토,0,0.1951
2026-02-13,평일,00,멀뫼사거리-북 (남향),없음(NULL),,A형 가능,0,0.1951
2026-02-13,평일,01,멀뫼사거리-동 (서향),있음(비0),97,B형 검토,0,0.1951
2026-02-13,평일,01,멀뫼사거리-서 (동향),있음(비0),197,B형 검토,0,0.1951
2026-02-13,평일,01,멀뫼4R-남 (북향),있음(비0),239,B형 검토,0,0.1951
2026-02-13,평일,01,멀뫼사거리-북 (남향),없음(NULL),,A형 가능,0,0.1951
2026-02-13,평일,02,멀뫼사거리-동 (서향),있음(비0),85,B형 검토,0,0.1951
2026-02-13,평일,02,멀뫼사거리-서 (동향),있음(비0),167,B형 검토,0,0.1951
2026-02-13,평일,02,멀뫼4R-남 (북향),있음(비0),204,B형 검토,0,0.1951
2026-02-13,평일,02,멀뫼사거리-북 (남향),없음(NULL),,A형 가능,0,0.1951
2026-02-13,평일,03,멀뫼사거리-동 (서향),있음(비0),59,B형 검토,0,0.1951
2026-02-13,평일,03,멀뫼사거리-서 (동향),있음(비0),133,B형 검토,0,0.1951
2026-02-13,평일,03,멀뫼4R-남 (북향),있음(비0),151,B형 검토,0,0.1951
2026-02-13,평일,03,멀뫼사거리-북 (남향),없음(NULL),,A형 가능,0,0.1951
2026-02-13,평일,04,멀뫼사거리-동 (서향),있음(비0),74,B형 검토,0,0.2195
2026-02-13,평일,04,멀뫼사거리-서 (동향),있음(비0),175,B형 검토,0,0.2195
2026-02-13,평일,04,멀뫼4R-남 (북향),있음(비0),216,B형 검토,0,0.2195
2026-02-13,평일,04,멀뫼사거리-북 (남향),없음(NULL),,B형,0,0.2195
2026-02-13,평일,05,멀뫼사거리-동 (서향),있음(비0),141,B형 검토,0,0.2195
2026-02-13,평일,05,멀뫼사거리-서 (동향),있음(비0),317,B형 검토,0,0.2195
2026-02-13,평일,05,멀뫼4R-남 (북향),있음(비0),570,B형 검토,0,0.2195
2026-02-13,평일,05,멀뫼사거리-북 (남향),없음(NULL),,B형,0,0.2195
2026-02-13,평일,06,멀뫼사거리-동 (서향),있음(비0),214,B형 검토,0,0.2195
2026-02-13,평일,06,멀뫼사거리-서 (동향),있음(비0),529,B형 검토,0,0.2195
2026-02-13,평일,06,멀뫼4R-남 (북향),있음(비0),933,B형 검토,0,0.2195
2026-02-13,평일,06,멀뫼사거리-북 (남향),없음(NULL),,B형,0,0.2195
2026-02-13,평일,07,멀뫼사거리-동 (서향),있음(비0),313,B형 검토,0,0.2195
2026-02-13,평일,07,멀뫼사거리-서 (동향),있음(비0),659,B형 검토,0,0.2195
2026-02-13,평일,07,멀뫼4R-남 (북향),있음(비0),1602,B형 검토,0,0.2195
2026-02-13,평일,07,멀뫼사거리-북 (남향),없음(NULL),,B형,0,0.2195
2026-02-13,평일,08,멀뫼사거리-동 (서향),있음(비0),440,B형 검토,0,0.2195
2026-02-13,평일,08,멀뫼사거리-서 (동향),있음(비0),802,B형 검토,0,0.2195
2026-02-13,평일,08,멀뫼4R-남 (북향),있음(비0),1754,B형 검토,0,0.2195
2026-02-13,평일,08,멀뫼사거리-북 (남향),없음(NULL),,B형,0,0.2195
2026-02-13,평일,09,멀뫼사거리-동 (서향),있음(비0),426,B형 검토,0,0.2439
2026-02-13,평일,09,멀뫼사거리-서 (동향),있음(비0),793,B형 검토,0,0.2439
2026-02-13,평일,09,멀뫼4R-남 (북향),있음(비0),1450,B형 검토,0,0.2439
2026-02-13,평일,09,멀뫼사거리-북 (남향),없음(NULL),,B형,0,0.2439
2026-02-13,평일,10,멀뫼사거리-동 (서향),있음(비0),327,B형 검토,0,0.2439
2026-02-13,평일,10,멀뫼사거리-서 (동향),있음(비0),675,B형 검토,0,0.2439
2026-02-13,평일,10,멀뫼4R-남 (북향),있음(비0),1199,B형 검토,0,0.2439
2026-02-13,평일,10,멀뫼사거리-북 (남향),없음(NULL),,B형,0,0.2439
2026-02-13,평일,11,멀뫼사거리-동 (서향),있음(비0),345,B형 검토,0,0.2439
2026-02-13,평일,11,멀뫼사거리-서 (동향),있음(비0),770,B형 검토,0,0.2439
2026-02-13,평일,11,멀뫼4R-남 (북향),있음(비0),1374,B형 검토,0,0.2439
2026-02-13,평일,11,멀뫼사거리-북 (남향),없음(NULL),,B형,0,0.2439
2026-02-13,평일,12,멀뫼사거리-동 (서향),있음(비0),324,B형 검토,0,0.2195
2026-02-13,평일,12,멀뫼사거리-서 (동향),있음(비0),778,B형 검토,0,0.2195
2026-02-13,평일,12,멀뫼4R-남 (북향),있음(비0),1349,B형 검토,0,0.2195
2026-02-13,평일,12,멀뫼사거리-북 (남향),없음(NULL),,B형,0,0.2195
2026-02-13,평일,13,멀뫼사거리-동 (서향),있음(비0),356,B형 검토,0,0.2195
2026-02-13,평일,13,멀뫼사거리-서 (동향),있음(비0),755,B형 검토,0,0.2195
2026-02-13,평일,13,멀뫼4R-남 (북향),있음(비0),1404,B형 검토,0,0.2195
2026-02-13,평일,13,멀뫼사거리-북 (남향),없음(NULL),,B형,0,0.2195
2026-02-13,평일,14,멀뫼사거리-동 (서향),있음(비0),401,B형 검토,0,0.2195
2026-02-13,평일,14,멀뫼사거리-서 (동향),있음(비0),774,B형 검토,0,0.2195
2026-02-13,평일,14,멀뫼4R-남 (북향),있음(비0),1355,B형 검토,0,0.2195
2026-02-13,평일,14,멀뫼사거리-북 (남향),없음(NULL),,B형,0,0.2195
2026-02-13,평일,15,멀뫼사거리-동 (서향),있음(비0),440,B형 검토,0,0.1951
2026-02-13,평일,15,멀뫼사거리-서 (동향),있음(비0),825,B형 검토,0,0.1951
2026-02-13,평일,15,멀뫼4R-남 (북향),있음(비0),1358,B형 검토,0,0.1951
2026-02-13,평일,15,멀뫼사거리-북 (남향),없음(NULL),,A형 가능,0,0.1951
2026-02-13,평일,16,멀뫼사거리-동 (서향),있음(비0),525,B형 검토,0,0.2195
2026-02-13,평일,16,멀뫼사거리-서 (동향),있음(비0),784,B형 검토,0,0.2195
2026-02-13,평일,16,멀뫼4R-남 (북향),있음(비0),1470,B형 검토,0,0.2195
2026-02-13,평일,16,멀뫼사거리-북 (남향),없음(NULL),,B형,0,0.2195
2026-02-13,평일,17,멀뫼사거리-동 (서향),있음(비0),498,B형 검토,0,0.2683
2026-02-13,평일,17,멀뫼사거리-서 (동향),있음(비0),779,B형 검토,0,0.2683
2026-02-13,평일,17,멀뫼4R-남 (북향),있음(비0),1482,B형 검토,0,0.2683
2026-02-13,평일,17,멀뫼사거리-북 (남향),없음(NULL),,B형,0,0.2683
2026-02-13,평일,18,멀뫼사거리-동 (서향),있음(비0),473,B형 검토,0,0.2683
2026-02-13,평일,18,멀뫼사거리-서 (동향),있음(비0),736,B형 검토,0,0.2683
2026-02-13,평일,18,멀뫼4R-남 (북향),있음(비0),1370,B형 검토,0,0.2683
2026-02-13,평일,18,멀뫼사거리-북 (남향),없음(NULL),,B형,0,0.2683
2026-02-13,평일,19,멀뫼사거리-동 (서향),있음(비0),293,B형 검토,0,0.2683
2026-02-13,평일,19,멀뫼사거리-서 (동향),있음(비0),565,B형 검토,0,0.2683
2026-02-13,평일,19,멀뫼4R-남 (북향),있음(비0),1286,B형 검토,0,0.2683
2026-02-13,평일,19,멀뫼사거리-북 (남향),없음(NULL),,B형,0,0.2683
2026-02-13,평일,20,멀뫼사거리-동 (서향),있음(비0),245,B형 검토,0,0.2683
2026-02-13,평일,20,멀뫼사거리-서 (동향),있음(비0),473,B형 검토,0,0.2683
2026-02-13,평일,20,멀뫼4R-남 (북향),있음(비0),1121,B형 검토,0,0.2683
2026-02-13,평일,20,멀뫼사거리-북 (남향),없음(NULL),,B형,0,0.2683
2026-02-13,평일,21,멀뫼사거리-동 (서향),있음(비0),220,B형 검토,0,0.2683
2026-02-13,평일,21,멀뫼사거리-서 (동향),있음(비0),469,B형 검토,0,0.2683
2026-02-13,평일,21,멀뫼4R-남 (북향),있음(비0),1006,B형 검토,0,0.2683
2026-02-13,평일,21,멀뫼사거리-북 (남향),없음(NULL),,B형,0,0.2683
2026-02-13,평일,22,멀뫼사거리-동 (서향),있음(비0),165,B형 검토,0,0.2927
2026-02-13,평일,22,멀뫼사거리-서 (동향),있음(비0),415,B형 검토,0,0.2927
2026-02-13,평일,22,멀뫼4R-남 (북향),있음(비0),661,B형 검토,0,0.2927
2026-02-13,평일,22,멀뫼사거리-북 (남향),없음(NULL),,B형,0,0.2927
2026-02-13,평일,23,멀뫼사거리-동 (서향),있음(비0),157,B형 검토,0,0.2927
2026-02-13,평일,23,멀뫼사거리-서 (동향),있음(비0),364,B형 검토,0,0.2927
2026-02-13,평일,23,멀뫼4R-남 (북향),있음(비0),524,B형 검토,0,0.2927
2026-02-13,평일,23,멀뫼사거리-북 (남향),없음(NULL),,B형,0,0.2927
2026-02-14,토요일,00,멀뫼사거리-동 (서향),있음(비0),146,B형 검토,0,0.0000
2026-02-14,토요일,00,멀뫼사거리-서 (동향),있음(비0),277,B형 검토,0,0.0000
2026-02-14,토요일,00,멀뫼4R-남 (북향),있음(비0),420,B형 검토,0,0.0000
2026-02-14,토요일,00,멀뫼사거리-북 (남향),없음(NULL),,A형 가능,0,0.0000
2026-02-14,토요일,01,멀뫼사거리-동 (서향),있음(비0),111,B형 검토,0,0.0000
2026-02-14,토요일,01,멀뫼사거리-서 (동향),있음(비0),241,B형 검토,0,0.0000
2026-02-14,토요일,01,멀뫼4R-남 (북향),있음(비0),334,B형 검토,0,0.0000
2026-02-14,토요일,01,멀뫼사거리-북 (남향),없음(NULL),,A형 가능,0,0.0000
2026-02-14,토요일,02,멀뫼사거리-동 (서향),있음(비0),97,B형 검토,0,0.0000
2026-02-14,토요일,02,멀뫼사거리-서 (동향),있음(비0),207,B형 검토,0,0.0000
2026-02-14,토요일,02,멀뫼4R-남 (북향),있음(비0),265,B형 검토,0,0.0000
2026-02-14,토요일,02,멀뫼사거리-북 (남향),없음(NULL),,A형 가능,0,0.0000
2026-02-14,토요일,03,멀뫼사거리-동 (서향),있음(비0),76,B형 검토,0,0.0000
2026-02-14,토요일,03,멀뫼사거리-서 (동향),있음(비0),169,B형 검토,0,0.0000
2026-02-14,토요일,03,멀뫼4R-남 (북향),있음(비0),214,B형 검토,0,0.0000
2026-02-14,토요일,03,멀뫼사거리-북 (남향),없음(NULL),,A형 가능,0,0.0000
2026-02-14,토요일,04,멀뫼사거리-동 (서향),있음(비0),70,B형 검토,0,0.0000
2026-02-14,토요일,04,멀뫼사거리-서 (동향),있음(비0),201,B형 검토,0,0.0000
2026-02-14,토요일,04,멀뫼4R-남 (북향),있음(비0),237,B형 검토,0,0.0000
2026-02-14,토요일,04,멀뫼사거리-북 (남향),없음(NULL),,A형 가능,0,0.0000
2026-02-14,토요일,05,멀뫼사거리-동 (서향),있음(비0),117,B형 검토,0,0.0000
2026-02-14,토요일,05,멀뫼사거리-서 (동향),있음(비0),244,B형 검토,0,0.0000
2026-02-14,토요일,05,멀뫼4R-남 (북향),있음(비0),409,B형 검토,0,0.0000
2026-02-14,토요일,05,멀뫼사거리-북 (남향),없음(NULL),,A형 가능,0,0.0000
2026-02-14,토요일,06,멀뫼사거리-동 (서향),있음(비0),139,B형 검토,0,0.0000
2026-02-14,토요일,06,멀뫼사거리-서 (동향),있음(비0),343,B형 검토,0,0.0000
2026-02-14,토요일,06,멀뫼4R-남 (북향),있음(비0),551,B형 검토,0,0.0000
2026-02-14,토요일,06,멀뫼사거리-북 (남향),없음(NULL),,A형 가능,0,0.0000
2026-02-14,토요일,07,멀뫼사거리-동 (서향),있음(비0),188,B형 검토,0,0.0000
2026-02-14,토요일,07,멀뫼사거리-서 (동향),있음(비0),395,B형 검토,0,0.0000
2026-02-14,토요일,07,멀뫼4R-남 (북향),있음(비0),687,B형 검토,0,0.0000
2026-02-14,토요일,07,멀뫼사거리-북 (남향),없음(NULL),,A형 가능,0,0.0000
2026-02-14,토요일,08,멀뫼사거리-동 (서향),있음(비0),265,B형 검토,0,0.0000
2026-02-14,토요일,08,멀뫼사거리-서 (동향),있음(비0),531,B형 검토,0,0.0000
2026-02-14,토요일,08,멀뫼4R-남 (북향),있음(비0),1020,B형 검토,0,0.0000
2026-02-14,토요일,08,멀뫼사거리-북 (남향),없음(NULL),,A형 가능,0,0.0000
2026-02-14,토요일,09,멀뫼사거리-동 (서향),있음(비0),340,B형 검토,0,0.0000
2026-02-14,토요일,09,멀뫼사거리-서 (동향),있음(비0),666,B형 검토,0,0.0000
2026-02-14,토요일,09,멀뫼4R-남 (북향),있음(비0),1227,B형 검토,0,0.0000
2026-02-14,토요일,09,멀뫼사거리-북 (남향),없음(NULL),,A형 가능,0,0.0000
2026-02-14,토요일,10,멀뫼사거리-동 (서향),있음(비0),358,B형 검토,0,0.0000
2026-02-14,토요일,10,멀뫼사거리-서 (동향),있음(비0),692,B형 검토,0,0.0000
2026-02-14,토요일,10,멀뫼4R-남 (북향),있음(비0),1341,B형 검토,0,0.0000
2026-02-14,토요일,10,멀뫼사거리-북 (남향),없음(NULL),,A형 가능,0,0.0000
2026-02-14,토요일,11,멀뫼사거리-동 (서향),있음(비0),362,B형 검토,0,0.0000
2026-02-14,토요일,11,멀뫼사거리-서 (동향),있음(비0),830,B형 검토,0,0.0000
2026-02-14,토요일,11,멀뫼4R-남 (북향),있음(비0),1415,B형 검토,0,0.0000
2026-02-14,토요일,11,멀뫼사거리-북 (남향),있음(비0),723,B형 검토,0,0.0000
2026-02-14,토요일,12,멀뫼사거리-동 (서향),있음(비0),387,B형 검토,0,0.0000
2026-02-14,토요일,12,멀뫼사거리-서 (동향),있음(비0),793,B형 검토,0,0.0000
2026-02-14,토요일,12,멀뫼4R-남 (북향),있음(비0),1406,B형 검토,0,0.0000
2026-02-14,토요일,12,멀뫼사거리-북 (남향),있음(비0),885,B형 검토,0,0.0000
2026-02-14,토요일,13,멀뫼사거리-동 (서향),있음(비0),369,B형 검토,0,0.0000
2026-02-14,토요일,13,멀뫼사거리-서 (동향),있음(비0),723,B형 검토,0,0.0000
2026-02-14,토요일,13,멀뫼4R-남 (북향),있음(비0),1425,B형 검토,0,0.0000
2026-02-14,토요일,13,멀뫼사거리-북 (남향),있음(비0),893,B형 검토,0,0.0000
2026-02-14,토요일,14,멀뫼사거리-동 (서향),있음(비0),390,B형 검토,0,0.0000
2026-02-14,토요일,14,멀뫼사거리-서 (동향),있음(비0),830,B형 검토,0,0.0000
2026-02-14,토요일,14,멀뫼4R-남 (북향),있음(비0),1346,B형 검토,0,0.0000
2026-02-14,토요일,14,멀뫼사거리-북 (남향),있음(비0),859,B형 검토,0,0.0000
2026-02-14,토요일,15,멀뫼사거리-동 (서향),있음(비0),376,B형 검토,0,0.0000
2026-02-14,토요일,15,멀뫼사거리-서 (동향),있음(비0),877,B형 검토,0,0.0000
2026-02-14,토요일,15,멀뫼4R-남 (북향),있음(비0),1386,B형 검토,0,0.0000
2026-02-14,토요일,15,멀뫼사거리-북 (남향),있음(비0),862,B형 검토,0,0.0000
2026-02-14,토요일,16,멀뫼사거리-동 (서향),있음(비0),349,B형 검토,0,0.0000
2026-02-14,토요일,16,멀뫼사거리-서 (동향),있음(비0),754,B형 검토,0,0.0000
2026-02-14,토요일,16,멀뫼4R-남 (북향),있음(비0),1343,B형 검토,0,0.0000
2026-02-14,토요일,16,멀뫼사거리-북 (남향),있음(비0),852,B형 검토,0,0.0000
2026-02-14,토요일,17,멀뫼사거리-동 (서향),있음(비0),356,B형 검토,0,0.0000
2026-02-14,토요일,17,멀뫼사거리-서 (동향),있음(비0),843,B형 검토,0,0.0000
2026-02-14,토요일,17,멀뫼4R-남 (북향),있음(비0),1320,B형 검토,0,0.0000
2026-02-14,토요일,17,멀뫼사거리-북 (남향),있음(비0),844,B형 검토,0,0.0000
2026-02-14,토요일,18,멀뫼사거리-동 (서향),있음(비0),278,B형 검토,0,0.0000
2026-02-14,토요일,18,멀뫼사거리-서 (동향),있음(비0),629,B형 검토,0,0.0000
2026-02-14,토요일,18,멀뫼4R-남 (북향),있음(비0),1095,B형 검토,0,0.0000
2026-02-14,토요일,18,멀뫼사거리-북 (남향),있음(비0),822,B형 검토,0,0.0000
2026-02-14,토요일,19,멀뫼사거리-동 (서향),있음(비0),248,B형 검토,0,0.0000
2026-02-14,토요일,19,멀뫼사거리-서 (동향),있음(비0),493,B형 검토,0,0.0000
2026-02-14,토요일,19,멀뫼4R-남 (북향),있음(비0),918,B형 검토,0,0.0000
2026-02-14,토요일,19,멀뫼사거리-북 (남향),있음(비0),261,B형 검토,0,0.0000
2026-02-14,토요일,20,멀뫼사거리-동 (서향),있음(비0),218,B형 검토,0,0.0000
2026-02-14,토요일,20,멀뫼사거리-서 (동향),있음(비0),464,B형 검토,0,0.0000
2026-02-14,토요일,20,멀뫼4R-남 (북향),있음(비0),749,B형 검토,0,0.0000
2026-02-14,토요일,20,멀뫼사거리-북 (남향),없음(NULL),,A형 가능,0,0.0000
2026-02-14,토요일,21,멀뫼사거리-동 (서향),있음(비0),199,B형 검토,0,0.0000
2026-02-14,토요일,21,멀뫼사거리-서 (동향),있음(비0),365,B형 검토,0,0.0000
2026-02-14,토요일,21,멀뫼4R-남 (북향),있음(비0),761,B형 검토,0,0.0000
2026-02-14,토요일,21,멀뫼사거리-북 (남향),없음(NULL),,A형 가능,0,0.0000
2026-02-14,토요일,22,멀뫼사거리-동 (서향),있음(비0),147,B형 검토,0,0.0000
2026-02-14,토요일,22,멀뫼사거리-서 (동향),있음(비0),344,B형 검토,0,0.0000
2026-02-14,토요일,22,멀뫼4R-남 (북향),있음(비0),563,B형 검토,0,0.0000
2026-02-14,토요일,22,멀뫼사거리-북 (남향),없음(NULL),,A형 가능,0,0.0000
2026-02-14,토요일,23,멀뫼사거리-동 (서향),있음(비0),126,B형 검토,0,0.0000
2026-02-14,토요일,23,멀뫼사거리-서 (동향),있음(비0),337,B형 검토,0,0.0000
2026-02-14,토요일,23,멀뫼4R-남 (북향),있음(비0),403,B형 검토,0,0.0000
2026-02-14,토요일,23,멀뫼사거리-북 (남향),없음(NULL),,A형 가능,0,0.0000
2026-02-15,일·공휴일,00,멀뫼사거리-동 (서향),있음(비0),123,B형 검토,0,0.0000
2026-02-15,일·공휴일,00,멀뫼사거리-서 (동향),있음(비0),265,B형 검토,0,0.0000
2026-02-15,일·공휴일,00,멀뫼4R-남 (북향),있음(비0),369,B형 검토,0,0.0000
2026-02-15,일·공휴일,00,멀뫼사거리-북 (남향),없음(NULL),,A형 가능,0,0.0000
2026-02-15,일·공휴일,01,멀뫼사거리-동 (서향),있음(비0),99,B형 검토,0,0.0000
2026-02-15,일·공휴일,01,멀뫼사거리-서 (동향),있음(비0),244,B형 검토,0,0.0000
2026-02-15,일·공휴일,01,멀뫼4R-남 (북향),있음(비0),250,B형 검토,0,0.0000
2026-02-15,일·공휴일,01,멀뫼사거리-북 (남향),없음(NULL),,A형 가능,0,0.0000
2026-02-15,일·공휴일,02,멀뫼사거리-동 (서향),있음(비0),95,B형 검토,0,0.0000
2026-02-15,일·공휴일,02,멀뫼사거리-서 (동향),있음(비0),188,B형 검토,0,0.0000
2026-02-15,일·공휴일,02,멀뫼4R-남 (북향),있음(비0),214,B형 검토,0,0.0000
2026-02-15,일·공휴일,02,멀뫼사거리-북 (남향),없음(NULL),,A형 가능,0,0.0000
2026-02-15,일·공휴일,03,멀뫼사거리-동 (서향),있음(비0),79,B형 검토,0,0.0000
2026-02-15,일·공휴일,03,멀뫼사거리-서 (동향),있음(비0),145,B형 검토,0,0.0000
2026-02-15,일·공휴일,03,멀뫼4R-남 (북향),있음(비0),149,B형 검토,0,0.0000
2026-02-15,일·공휴일,03,멀뫼사거리-북 (남향),없음(NULL),,A형 가능,0,0.0000
2026-02-15,일·공휴일,04,멀뫼사거리-동 (서향),있음(비0),75,B형 검토,0,0.0000
2026-02-15,일·공휴일,04,멀뫼사거리-서 (동향),있음(비0),166,B형 검토,0,0.0000
2026-02-15,일·공휴일,04,멀뫼4R-남 (북향),있음(비0),179,B형 검토,0,0.0000
2026-02-15,일·공휴일,04,멀뫼사거리-북 (남향),없음(NULL),,A형 가능,0,0.0000
2026-02-15,일·공휴일,05,멀뫼사거리-동 (서향),있음(비0),75,B형 검토,0,0.0000
2026-02-15,일·공휴일,05,멀뫼사거리-서 (동향),있음(비0),164,B형 검토,0,0.0000
2026-02-15,일·공휴일,05,멀뫼4R-남 (북향),있음(비0),224,B형 검토,0,0.0000
2026-02-15,일·공휴일,05,멀뫼사거리-북 (남향),없음(NULL),,A형 가능,0,0.0000
2026-02-15,일·공휴일,06,멀뫼사거리-동 (서향),있음(비0),101,B형 검토,0,0.0000
2026-02-15,일·공휴일,06,멀뫼사거리-서 (동향),있음(비0),191,B형 검토,0,0.0000
2026-02-15,일·공휴일,06,멀뫼4R-남 (북향),있음(비0),323,B형 검토,0,0.0000
2026-02-15,일·공휴일,06,멀뫼사거리-북 (남향),없음(NULL),,A형 가능,0,0.0000
2026-02-15,일·공휴일,07,멀뫼사거리-동 (서향),있음(비0),139,B형 검토,0,0.0000
2026-02-15,일·공휴일,07,멀뫼사거리-서 (동향),있음(비0),275,B형 검토,0,0.0000
2026-02-15,일·공휴일,07,멀뫼4R-남 (북향),있음(비0),433,B형 검토,0,0.0000
2026-02-15,일·공휴일,07,멀뫼사거리-북 (남향),없음(NULL),,A형 가능,0,0.0000
2026-02-15,일·공휴일,08,멀뫼사거리-동 (서향),있음(비0),187,B형 검토,0,0.0000
2026-02-15,일·공휴일,08,멀뫼사거리-서 (동향),있음(비0),405,B형 검토,0,0.0000
2026-02-15,일·공휴일,08,멀뫼4R-남 (북향),있음(비0),646,B형 검토,0,0.0000
2026-02-15,일·공휴일,08,멀뫼사거리-북 (남향),없음(NULL),,A형 가능,0,0.0000
2026-02-15,일·공휴일,09,멀뫼사거리-동 (서향),있음(비0),251,B형 검토,0,0.0000
2026-02-15,일·공휴일,09,멀뫼사거리-서 (동향),있음(비0),488,B형 검토,0,0.0000
2026-02-15,일·공휴일,09,멀뫼4R-남 (북향),있음(비0),915,B형 검토,0,0.0000
2026-02-15,일·공휴일,09,멀뫼사거리-북 (남향),없음(NULL),,A형 가능,0,0.0000
2026-02-15,일·공휴일,10,멀뫼사거리-동 (서향),있음(비0),304,B형 검토,0,0.1250
2026-02-15,일·공휴일,10,멀뫼사거리-서 (동향),있음(비0),628,B형 검토,0,0.1250
2026-02-15,일·공휴일,10,멀뫼4R-남 (북향),있음(비0),1203,B형 검토,0,0.1250
2026-02-15,일·공휴일,10,멀뫼사거리-북 (남향),없음(NULL),,A형 가능,0,0.1250
2026-02-15,일·공휴일,11,멀뫼사거리-동 (서향),있음(비0),304,B형 검토,0,0.1250
2026-02-15,일·공휴일,11,멀뫼사거리-서 (동향),있음(비0),658,B형 검토,0,0.1250
2026-02-15,일·공휴일,11,멀뫼4R-남 (북향),있음(비0),1261,B형 검토,0,0.1250
2026-02-15,일·공휴일,11,멀뫼사거리-북 (남향),없음(NULL),,A형 가능,0,0.1250
2026-02-15,일·공휴일,12,멀뫼사거리-동 (서향),있음(비0),391,B형 검토,0,0.0000
2026-02-15,일·공휴일,12,멀뫼사거리-서 (동향),있음(비0),785,B형 검토,0,0.0000
2026-02-15,일·공휴일,12,멀뫼4R-남 (북향),있음(비0),1319,B형 검토,0,0.0000
2026-02-15,일·공휴일,12,멀뫼사거리-북 (남향),없음(NULL),,A형 가능,0,0.0000
2026-02-15,일·공휴일,13,멀뫼사거리-동 (서향),있음(비0),375,B형 검토,0,0.0000
2026-02-15,일·공휴일,13,멀뫼사거리-서 (동향),있음(비0),747,B형 검토,0,0.0000
2026-02-15,일·공휴일,13,멀뫼4R-남 (북향),있음(비0),1236,B형 검토,0,0.0000
2026-02-15,일·공휴일,13,멀뫼사거리-북 (남향),없음(NULL),,A형 가능,0,0.0000
2026-02-15,일·공휴일,14,멀뫼사거리-동 (서향),있음(비0),306,B형 검토,0,0.0000
2026-02-15,일·공휴일,14,멀뫼사거리-서 (동향),있음(비0),753,B형 검토,0,0.0000
2026-02-15,일·공휴일,14,멀뫼4R-남 (북향),있음(비0),1280,B형 검토,0,0.0000
2026-02-15,일·공휴일,14,멀뫼사거리-북 (남향),없음(NULL),,A형 가능,0,0.0000
2026-02-15,일·공휴일,15,멀뫼사거리-동 (서향),있음(비0),303,B형 검토,0,0.0000
2026-02-15,일·공휴일,15,멀뫼사거리-서 (동향),있음(비0),761,B형 검토,0,0.0000
2026-02-15,일·공휴일,15,멀뫼4R-남 (북향),있음(비0),1223,B형 검토,0,0.0000
2026-02-15,일·공휴일,15,멀뫼사거리-북 (남향),없음(NULL),,A형 가능,0,0.0000
2026-02-15,일·공휴일,16,멀뫼사거리-동 (서향),있음(비0),272,B형 검토,0,0.0000
2026-02-15,일·공휴일,16,멀뫼사거리-서 (동향),있음(비0),682,B형 검토,0,0.0000
2026-02-15,일·공휴일,16,멀뫼4R-남 (북향),있음(비0),1169,B형 검토,0,0.0000
2026-02-15,일·공휴일,16,멀뫼사거리-북 (남향),없음(NULL),,A형 가능,0,0.0000
2026-02-15,일·공휴일,17,멀뫼사거리-동 (서향),있음(비0),294,B형 검토,0,0.0000
2026-02-15,일·공휴일,17,멀뫼사거리-서 (동향),있음(비0),634,B형 검토,0,0.0000
2026-02-15,일·공휴일,17,멀뫼4R-남 (북향),있음(비0),1195,B형 검토,0,0.0000
2026-02-15,일·공휴일,17,멀뫼사거리-북 (남향),없음(NULL),,A형 가능,0,0.0000
2026-02-15,일·공휴일,18,멀뫼사거리-동 (서향),있음(비0),248,B형 검토,0,0.0000
2026-02-15,일·공휴일,18,멀뫼사거리-서 (동향),있음(비0),583,B형 검토,0,0.0000
2026-02-15,일·공휴일,18,멀뫼4R-남 (북향),있음(비0),947,B형 검토,0,0.0000
2026-02-15,일·공휴일,18,멀뫼사거리-북 (남향),없음(NULL),,A형 가능,0,0.0000
2026-02-15,일·공휴일,19,멀뫼사거리-동 (서향),있음(비0),205,B형 검토,0,0.0000
2026-02-15,일·공휴일,19,멀뫼사거리-서 (동향),있음(비0),454,B형 검토,0,0.0000
2026-02-15,일·공휴일,19,멀뫼4R-남 (북향),있음(비0),765,B형 검토,0,0.0000
2026-02-15,일·공휴일,19,멀뫼사거리-북 (남향),없음(NULL),,A형 가능,0,0.0000
2026-02-15,일·공휴일,20,멀뫼사거리-동 (서향),있음(비0),187,B형 검토,0,0.0000
2026-02-15,일·공휴일,20,멀뫼사거리-서 (동향),있음(비0),409,B형 검토,0,0.0000
2026-02-15,일·공휴일,20,멀뫼4R-남 (북향),있음(비0),803,B형 검토,0,0.0000
2026-02-15,일·공휴일,20,멀뫼사거리-북 (남향),없음(NULL),,A형 가능,0,0.0000
2026-02-15,일·공휴일,21,멀뫼사거리-동 (서향),있음(비0),181,B형 검토,0,0.0000
2026-02-15,일·공휴일,21,멀뫼사거리-서 (동향),있음(비0),392,B형 검토,0,0.0000
2026-02-15,일·공휴일,21,멀뫼4R-남 (북향),있음(비0),679,B형 검토,0,0.0000
2026-02-15,일·공휴일,21,멀뫼사거리-북 (남향),없음(NULL),,A형 가능,0,0.0000
2026-02-15,일·공휴일,22,멀뫼사거리-동 (서향),있음(비0),150,B형 검토,0,0.0000
2026-02-15,일·공휴일,22,멀뫼사거리-서 (동향),있음(비0),313,B형 검토,0,0.0000
2026-02-15,일·공휴일,22,멀뫼4R-남 (북향),있음(비0),491,B형 검토,0,0.0000
2026-02-15,일·공휴일,22,멀뫼사거리-북 (남향),없음(NULL),,A형 가능,0,0.0000
2026-02-15,일·공휴일,23,멀뫼사거리-동 (서향),있음(비0),128,B형 검토,0,0.0000
2026-02-15,일·공휴일,23,멀뫼사거리-서 (동향),있음(비0),281,B형 검토,0,0.0000
2026-02-15,일·공휴일,23,멀뫼4R-남 (북향),있음(비0),355,B형 검토,0,0.0000
2026-02-15,일·공휴일,23,멀뫼사거리-북 (남향),없음(NULL),,A형 가능,0,0.0000
2026-02-16,일·공휴일,00,멀뫼사거리-동 (서향),있음(비0),110,B형 검토,0,0.0000
2026-02-16,일·공휴일,00,멀뫼사거리-서 (동향),있음(비0),253,B형 검토,0,0.0000
2026-02-16,일·공휴일,00,멀뫼4R-남 (북향),있음(비0),306,B형 검토,0,0.0000
2026-02-16,일·공휴일,00,멀뫼사거리-북 (남향),없음(NULL),,A형 가능,0,0.0000
2026-02-16,일·공휴일,01,멀뫼사거리-동 (서향),있음(비0),75,B형 검토,0,0.0000
2026-02-16,일·공휴일,01,멀뫼사거리-서 (동향),있음(비0),193,B형 검토,0,0.0000
2026-02-16,일·공휴일,01,멀뫼4R-남 (북향),있음(비0),239,B형 검토,0,0.0000
2026-02-16,일·공휴일,01,멀뫼사거리-북 (남향),없음(NULL),,A형 가능,0,0.0000
2026-02-16,일·공휴일,02,멀뫼사거리-동 (서향),있음(비0),74,B형 검토,0,0.0000
2026-02-16,일·공휴일,02,멀뫼사거리-서 (동향),있음(비0),185,B형 검토,0,0.0000
2026-02-16,일·공휴일,02,멀뫼4R-남 (북향),있음(비0),179,B형 검토,0,0.0000
2026-02-16,일·공휴일,02,멀뫼사거리-북 (남향),없음(NULL),,A형 가능,0,0.0000
2026-02-16,일·공휴일,03,멀뫼사거리-동 (서향),있음(비0),71,B형 검토,0,0.0000
2026-02-16,일·공휴일,03,멀뫼사거리-서 (동향),있음(비0),145,B형 검토,0,0.0000
2026-02-16,일·공휴일,03,멀뫼4R-남 (북향),있음(비0),152,B형 검토,0,0.0000
2026-02-16,일·공휴일,03,멀뫼사거리-북 (남향),없음(NULL),,A형 가능,0,0.0000
2026-02-16,일·공휴일,04,멀뫼사거리-동 (서향),있음(비0),39,B형 검토,0,0.0000
2026-02-16,일·공휴일,04,멀뫼사거리-서 (동향),있음(비0),121,B형 검토,0,0.0000
2026-02-16,일·공휴일,04,멀뫼4R-남 (북향),있음(비0),154,B형 검토,0,0.0000
2026-02-16,일·공휴일,04,멀뫼사거리-북 (남향),없음(NULL),,A형 가능,0,0.0000
2026-02-16,일·공휴일,05,멀뫼사거리-동 (서향),있음(비0),68,B형 검토,0,0.0000
2026-02-16,일·공휴일,05,멀뫼사거리-서 (동향),있음(비0),117,B형 검토,0,0.0000
2026-02-16,일·공휴일,05,멀뫼4R-남 (북향),있음(비0),211,B형 검토,0,0.0000
2026-02-16,일·공휴일,05,멀뫼사거리-북 (남향),없음(NULL),,A형 가능,0,0.0000
2026-02-16,일·공휴일,06,멀뫼사거리-동 (서향),있음(비0),106,B형 검토,0,0.0000
2026-02-16,일·공휴일,06,멀뫼사거리-서 (동향),있음(비0),195,B형 검토,0,0.0000
2026-02-16,일·공휴일,06,멀뫼4R-남 (북향),있음(비0),305,B형 검토,0,0.0000
2026-02-16,일·공휴일,06,멀뫼사거리-북 (남향),없음(NULL),,A형 가능,0,0.0000
2026-02-16,일·공휴일,07,멀뫼사거리-동 (서향),있음(비0),132,B형 검토,0,0.0000
2026-02-16,일·공휴일,07,멀뫼사거리-서 (동향),있음(비0),252,B형 검토,0,0.0000
2026-02-16,일·공휴일,07,멀뫼4R-남 (북향),있음(비0),343,B형 검토,0,0.0000
2026-02-16,일·공휴일,07,멀뫼사거리-북 (남향),없음(NULL),,A형 가능,0,0.0000
2026-02-16,일·공휴일,08,멀뫼사거리-동 (서향),있음(비0),170,B형 검토,0,0.0000
2026-02-16,일·공휴일,08,멀뫼사거리-서 (동향),있음(비0),333,B형 검토,0,0.0000
2026-02-16,일·공휴일,08,멀뫼4R-남 (북향),있음(비0),512,B형 검토,0,0.0000
2026-02-16,일·공휴일,08,멀뫼사거리-북 (남향),없음(NULL),,A형 가능,0,0.0000
2026-02-16,일·공휴일,09,멀뫼사거리-동 (서향),있음(비0),232,B형 검토,0,0.0000
2026-02-16,일·공휴일,09,멀뫼사거리-서 (동향),있음(비0),448,B형 검토,0,0.0000
2026-02-16,일·공휴일,09,멀뫼4R-남 (북향),있음(비0),764,B형 검토,0,0.0000
2026-02-16,일·공휴일,09,멀뫼사거리-북 (남향),없음(NULL),,A형 가능,0,0.0000
2026-02-16,일·공휴일,10,멀뫼사거리-동 (서향),있음(비0),300,B형 검토,0,0.1250
2026-02-16,일·공휴일,10,멀뫼사거리-서 (동향),있음(비0),575,B형 검토,0,0.1250
2026-02-16,일·공휴일,10,멀뫼4R-남 (북향),있음(비0),1101,B형 검토,0,0.1250
2026-02-16,일·공휴일,10,멀뫼사거리-북 (남향),없음(NULL),,A형 가능,0,0.1250
2026-02-16,일·공휴일,11,멀뫼사거리-동 (서향),있음(비0),309,B형 검토,0,0.1250
2026-02-16,일·공휴일,11,멀뫼사거리-서 (동향),있음(비0),675,B형 검토,0,0.1250
2026-02-16,일·공휴일,11,멀뫼4R-남 (북향),있음(비0),1332,B형 검토,0,0.1250
2026-02-16,일·공휴일,11,멀뫼사거리-북 (남향),없음(NULL),,A형 가능,0,0.1250
2026-02-16,일·공휴일,12,멀뫼사거리-동 (서향),있음(비0),324,B형 검토,0,0.0000
2026-02-16,일·공휴일,12,멀뫼사거리-서 (동향),있음(비0),600,B형 검토,0,0.0000
2026-02-16,일·공휴일,12,멀뫼4R-남 (북향),있음(비0),1391,B형 검토,0,0.0000
2026-02-16,일·공휴일,12,멀뫼사거리-북 (남향),없음(NULL),,A형 가능,0,0.0000
2026-02-16,일·공휴일,13,멀뫼사거리-동 (서향),있음(비0),321,B형 검토,0,0.0000
2026-02-16,일·공휴일,13,멀뫼사거리-서 (동향),있음(비0),648,B형 검토,0,0.0000
2026-02-16,일·공휴일,13,멀뫼4R-남 (북향),있음(비0),1359,B형 검토,0,0.0000
2026-02-16,일·공휴일,13,멀뫼사거리-북 (남향),없음(NULL),,A형 가능,0,0.0000
2026-02-16,일·공휴일,14,멀뫼사거리-동 (서향),있음(비0),273,B형 검토,0,0.0000
2026-02-16,일·공휴일,14,멀뫼사거리-서 (동향),있음(비0),680,B형 검토,0,0.0000
2026-02-16,일·공휴일,14,멀뫼4R-남 (북향),있음(비0),1300,B형 검토,0,0.0000
2026-02-16,일·공휴일,14,멀뫼사거리-북 (남향),없음(NULL),,A형 가능,0,0.0000
2026-02-16,일·공휴일,15,멀뫼사거리-동 (서향),있음(비0),277,B형 검토,0,0.0000
2026-02-16,일·공휴일,15,멀뫼사거리-서 (동향),있음(비0),659,B형 검토,0,0.0000
2026-02-16,일·공휴일,15,멀뫼4R-남 (북향),있음(비0),1275,B형 검토,0,0.0000
2026-02-16,일·공휴일,15,멀뫼사거리-북 (남향),없음(NULL),,A형 가능,0,0.0000
2026-02-16,일·공휴일,16,멀뫼사거리-동 (서향),있음(비0),344,B형 검토,0,0.0000
2026-02-16,일·공휴일,16,멀뫼사거리-서 (동향),있음(비0),678,B형 검토,0,0.0000
2026-02-16,일·공휴일,16,멀뫼4R-남 (북향),있음(비0),1192,B형 검토,0,0.0000
2026-02-16,일·공휴일,16,멀뫼사거리-북 (남향),없음(NULL),,A형 가능,0,0.0000
2026-02-16,일·공휴일,17,멀뫼사거리-동 (서향),있음(비0),313,B형 검토,0,0.0000
2026-02-16,일·공휴일,17,멀뫼사거리-서 (동향),있음(비0),656,B형 검토,0,0.0000
2026-02-16,일·공휴일,17,멀뫼4R-남 (북향),있음(비0),1186,B형 검토,0,0.0000
2026-02-16,일·공휴일,17,멀뫼사거리-북 (남향),없음(NULL),,A형 가능,0,0.0000
2026-02-16,일·공휴일,18,멀뫼사거리-동 (서향),있음(비0),267,B형 검토,0,0.0000
2026-02-16,일·공휴일,18,멀뫼사거리-서 (동향),있음(비0),518,B형 검토,0,0.0000
2026-02-16,일·공휴일,18,멀뫼4R-남 (북향),있음(비0),947,B형 검토,0,0.0000
2026-02-16,일·공휴일,18,멀뫼사거리-북 (남향),없음(NULL),,A형 가능,0,0.0000
2026-02-16,일·공휴일,19,멀뫼사거리-동 (서향),있음(비0),166,B형 검토,0,0.0000
2026-02-16,일·공휴일,19,멀뫼사거리-서 (동향),있음(비0),433,B형 검토,0,0.0000
2026-02-16,일·공휴일,19,멀뫼4R-남 (북향),있음(비0),825,B형 검토,0,0.0000
2026-02-16,일·공휴일,19,멀뫼사거리-북 (남향),없음(NULL),,A형 가능,0,0.0000
2026-02-16,일·공휴일,20,멀뫼사거리-동 (서향),있음(비0),200,B형 검토,0,0.0000
2026-02-16,일·공휴일,20,멀뫼사거리-서 (동향),있음(비0),372,B형 검토,0,0.0000
2026-02-16,일·공휴일,20,멀뫼4R-남 (북향),있음(비0),720,B형 검토,0,0.0000
2026-02-16,일·공휴일,20,멀뫼사거리-북 (남향),없음(NULL),,A형 가능,0,0.0000
2026-02-16,일·공휴일,21,멀뫼사거리-동 (서향),있음(비0),187,B형 검토,0,0.0000
2026-02-16,일·공휴일,21,멀뫼사거리-서 (동향),있음(비0),345,B형 검토,0,0.0000
2026-02-16,일·공휴일,21,멀뫼4R-남 (북향),있음(비0),676,B형 검토,0,0.0000
2026-02-16,일·공휴일,21,멀뫼사거리-북 (남향),없음(NULL),,A형 가능,0,0.0000
2026-02-16,일·공휴일,22,멀뫼사거리-동 (서향),있음(비0),145,B형 검토,0,0.0000
2026-02-16,일·공휴일,22,멀뫼사거리-서 (동향),있음(비0),286,B형 검토,0,0.0000
2026-02-16,일·공휴일,22,멀뫼4R-남 (북향),있음(비0),527,B형 검토,0,0.0000
2026-02-16,일·공휴일,22,멀뫼사거리-북 (남향),없음(NULL),,A형 가능,0,0.0000
2026-02-16,일·공휴일,23,멀뫼사거리-동 (서향),있음(비0),116,B형 검토,0,0.0000
2026-02-16,일·공휴일,23,멀뫼사거리-서 (동향),있음(비0),236,B형 검토,0,0.0000
2026-02-16,일·공휴일,23,멀뫼4R-남 (북향),있음(비0),385,B형 검토,0,0.0000
2026-02-16,일·공휴일,23,멀뫼사거리-북 (남향),없음(NULL),,A형 가능,0,0.0000
2026-02-17,일·공휴일,00,멀뫼사거리-동 (서향),있음(비0),100,B형 검토,0,0.0000
2026-02-17,일·공휴일,00,멀뫼사거리-서 (동향),있음(비0),219,B형 검토,0,0.0000
2026-02-17,일·공휴일,00,멀뫼4R-남 (북향),있음(비0),291,B형 검토,0,0.0000
2026-02-17,일·공휴일,00,멀뫼사거리-북 (남향),없음(NULL),,A형 가능,0,0.0000
2026-02-17,일·공휴일,01,멀뫼사거리-동 (서향),있음(비0),87,B형 검토,0,0.0000
2026-02-17,일·공휴일,01,멀뫼사거리-서 (동향),있음(비0),154,B형 검토,0,0.0000
2026-02-17,일·공휴일,01,멀뫼4R-남 (북향),있음(비0),222,B형 검토,0,0.0000
2026-02-17,일·공휴일,01,멀뫼사거리-북 (남향),없음(NULL),,A형 가능,0,0.0000
2026-02-17,일·공휴일,02,멀뫼사거리-동 (서향),있음(비0),61,B형 검토,0,0.0000
2026-02-17,일·공휴일,02,멀뫼사거리-서 (동향),있음(비0),123,B형 검토,0,0.0000
2026-02-17,일·공휴일,02,멀뫼4R-남 (북향),있음(비0),161,B형 검토,0,0.0000
2026-02-17,일·공휴일,02,멀뫼사거리-북 (남향),없음(NULL),,A형 가능,0,0.0000
2026-02-17,일·공휴일,03,멀뫼사거리-동 (서향),있음(비0),51,B형 검토,0,0.0000
2026-02-17,일·공휴일,03,멀뫼사거리-서 (동향),있음(비0),132,B형 검토,0,0.0000
2026-02-17,일·공휴일,03,멀뫼4R-남 (북향),있음(비0),137,B형 검토,0,0.0000
2026-02-17,일·공휴일,03,멀뫼사거리-북 (남향),없음(NULL),,A형 가능,0,0.0000
2026-02-17,일·공휴일,04,멀뫼사거리-동 (서향),있음(비0),44,B형 검토,0,0.0000
2026-02-17,일·공휴일,04,멀뫼사거리-서 (동향),있음(비0),93,B형 검토,0,0.0000
2026-02-17,일·공휴일,04,멀뫼4R-남 (북향),있음(비0),120,B형 검토,0,0.0000
2026-02-17,일·공휴일,04,멀뫼사거리-북 (남향),없음(NULL),,A형 가능,0,0.0000
2026-02-17,일·공휴일,05,멀뫼사거리-동 (서향),있음(비0),70,B형 검토,0,0.0000
2026-02-17,일·공휴일,05,멀뫼사거리-서 (동향),있음(비0),126,B형 검토,0,0.0000
2026-02-17,일·공휴일,05,멀뫼4R-남 (북향),있음(비0),222,B형 검토,0,0.0000
2026-02-17,일·공휴일,05,멀뫼사거리-북 (남향),없음(NULL),,A형 가능,0,0.0000
2026-02-17,일·공휴일,06,멀뫼사거리-동 (서향),있음(비0),82,B형 검토,0,0.0000
2026-02-17,일·공휴일,06,멀뫼사거리-서 (동향),있음(비0),184,B형 검토,0,0.0000
2026-02-17,일·공휴일,06,멀뫼4R-남 (북향),있음(비0),359,B형 검토,0,0.0000
2026-02-17,일·공휴일,06,멀뫼사거리-북 (남향),없음(NULL),,A형 가능,0,0.0000
2026-02-17,일·공휴일,07,멀뫼사거리-동 (서향),있음(비0),126,B형 검토,0,0.0000
2026-02-17,일·공휴일,07,멀뫼사거리-서 (동향),있음(비0),327,B형 검토,0,0.0000
2026-02-17,일·공휴일,07,멀뫼4R-남 (북향),있음(비0),605,B형 검토,0,0.0000
2026-02-17,일·공휴일,07,멀뫼사거리-북 (남향),없음(NULL),,A형 가능,0,0.0000
2026-02-17,일·공휴일,08,멀뫼사거리-동 (서향),있음(비0),190,B형 검토,0,0.0000
2026-02-17,일·공휴일,08,멀뫼사거리-서 (동향),있음(비0),421,B형 검토,0,0.0000
2026-02-17,일·공휴일,08,멀뫼4R-남 (북향),있음(비0),959,B형 검토,0,0.0000
2026-02-17,일·공휴일,08,멀뫼사거리-북 (남향),없음(NULL),,A형 가능,0,0.0000
2026-02-17,일·공휴일,09,멀뫼사거리-동 (서향),있음(비0),181,B형 검토,0,0.0000
2026-02-17,일·공휴일,09,멀뫼사거리-서 (동향),있음(비0),517,B형 검토,0,0.0000
2026-02-17,일·공휴일,09,멀뫼4R-남 (북향),있음(비0),984,B형 검토,0,0.0000
2026-02-17,일·공휴일,09,멀뫼사거리-북 (남향),있음(비0),2,B형 검토,0,0.0000
2026-02-17,일·공휴일,10,멀뫼사거리-동 (서향),있음(비0),328,B형 검토,0,0.1250
2026-02-17,일·공휴일,10,멀뫼사거리-서 (동향),있음(비0),605,B형 검토,0,0.1250
2026-02-17,일·공휴일,10,멀뫼4R-남 (북향),있음(비0),1300,B형 검토,0,0.1250
2026-02-17,일·공휴일,10,멀뫼사거리-북 (남향),없음(NULL),,A형 가능,0,0.1250
2026-02-17,일·공휴일,11,멀뫼사거리-동 (서향),있음(비0),385,B형 검토,0,0.1250
2026-02-17,일·공휴일,11,멀뫼사거리-서 (동향),있음(비0),751,B형 검토,0,0.1250
2026-02-17,일·공휴일,11,멀뫼4R-남 (북향),있음(비0),1472,B형 검토,0,0.1250
2026-02-17,일·공휴일,11,멀뫼사거리-북 (남향),없음(NULL),,A형 가능,0,0.1250
2026-02-17,일·공휴일,12,멀뫼사거리-동 (서향),있음(비0),387,B형 검토,0,0.0000
2026-02-17,일·공휴일,12,멀뫼사거리-서 (동향),있음(비0),794,B형 검토,0,0.0000
2026-02-17,일·공휴일,12,멀뫼4R-남 (북향),있음(비0),1474,B형 검토,0,0.0000
2026-02-17,일·공휴일,12,멀뫼사거리-북 (남향),없음(NULL),,A형 가능,0,0.0000
2026-02-17,일·공휴일,13,멀뫼사거리-동 (서향),있음(비0),360,B형 검토,0,0.0000
2026-02-17,일·공휴일,13,멀뫼사거리-서 (동향),있음(비0),764,B형 검토,0,0.0000
2026-02-17,일·공휴일,13,멀뫼4R-남 (북향),있음(비0),1486,B형 검토,0,0.0000
2026-02-17,일·공휴일,13,멀뫼사거리-북 (남향),없음(NULL),,A형 가능,0,0.0000
2026-02-17,일·공휴일,14,멀뫼사거리-동 (서향),있음(비0),321,B형 검토,0,0.0000
2026-02-17,일·공휴일,14,멀뫼사거리-서 (동향),있음(비0),736,B형 검토,0,0.0000
2026-02-17,일·공휴일,14,멀뫼4R-남 (북향),있음(비0),1418,B형 검토,0,0.0000
2026-02-17,일·공휴일,14,멀뫼사거리-북 (남향),없음(NULL),,A형 가능,0,0.0000
2026-02-17,일·공휴일,15,멀뫼사거리-동 (서향),있음(비0),353,B형 검토,0,0.0000
2026-02-17,일·공휴일,15,멀뫼사거리-서 (동향),있음(비0),736,B형 검토,0,0.0000
2026-02-17,일·공휴일,15,멀뫼4R-남 (북향),있음(비0),1396,B형 검토,0,0.0000
2026-02-17,일·공휴일,15,멀뫼사거리-북 (남향),없음(NULL),,A형 가능,0,0.0000
2026-02-17,일·공휴일,16,멀뫼사거리-동 (서향),있음(비0),347,B형 검토,0,0.0000
2026-02-17,일·공휴일,16,멀뫼사거리-서 (동향),있음(비0),755,B형 검토,0,0.0000
2026-02-17,일·공휴일,16,멀뫼4R-남 (북향),있음(비0),1443,B형 검토,0,0.0000
2026-02-17,일·공휴일,16,멀뫼사거리-북 (남향),없음(NULL),,A형 가능,0,0.0000
2026-02-17,일·공휴일,17,멀뫼사거리-동 (서향),있음(비0),329,B형 검토,0,0.0000
2026-02-17,일·공휴일,17,멀뫼사거리-서 (동향),있음(비0),710,B형 검토,0,0.0000
2026-02-17,일·공휴일,17,멀뫼4R-남 (북향),있음(비0),1416,B형 검토,0,0.0000
2026-02-17,일·공휴일,17,멀뫼사거리-북 (남향),없음(NULL),,A형 가능,0,0.0000
2026-02-17,일·공휴일,18,멀뫼사거리-동 (서향),있음(비0),226,B형 검토,0,0.0000
2026-02-17,일·공휴일,18,멀뫼사거리-서 (동향),있음(비0),518,B형 검토,0,0.0000
2026-02-17,일·공휴일,18,멀뫼4R-남 (북향),있음(비0),1190,B형 검토,0,0.0000
2026-02-17,일·공휴일,18,멀뫼사거리-북 (남향),없음(NULL),,A형 가능,0,0.0000
2026-02-17,일·공휴일,19,멀뫼사거리-동 (서향),있음(비0),224,B형 검토,0,0.0000
2026-02-17,일·공휴일,19,멀뫼사거리-서 (동향),있음(비0),480,B형 검토,0,0.0000
2026-02-17,일·공휴일,19,멀뫼4R-남 (북향),있음(비0),1044,B형 검토,0,0.0000
2026-02-17,일·공휴일,19,멀뫼사거리-북 (남향),없음(NULL),,A형 가능,0,0.0000
2026-02-17,일·공휴일,20,멀뫼사거리-동 (서향),있음(비0),211,B형 검토,0,0.0000
2026-02-17,일·공휴일,20,멀뫼사거리-서 (동향),있음(비0),406,B형 검토,0,0.0000
2026-02-17,일·공휴일,20,멀뫼4R-남 (북향),있음(비0),1004,B형 검토,0,0.0000
2026-02-17,일·공휴일,20,멀뫼사거리-북 (남향),없음(NULL),,A형 가능,0,0.0000
2026-02-17,일·공휴일,21,멀뫼사거리-동 (서향),있음(비0),200,B형 검토,0,0.0000
2026-02-17,일·공휴일,21,멀뫼사거리-서 (동향),있음(비0),411,B형 검토,0,0.0000
2026-02-17,일·공휴일,21,멀뫼4R-남 (북향),있음(비0),949,B형 검토,0,0.0000
2026-02-17,일·공휴일,21,멀뫼사거리-북 (남향),없음(NULL),,A형 가능,0,0.0000
2026-02-17,일·공휴일,22,멀뫼사거리-동 (서향),있음(비0),175,B형 검토,0,0.0000
2026-02-17,일·공휴일,22,멀뫼사거리-서 (동향),있음(비0),301,B형 검토,0,0.0000
2026-02-17,일·공휴일,22,멀뫼4R-남 (북향),있음(비0),719,B형 검토,0,0.0000
2026-02-17,일·공휴일,22,멀뫼사거리-북 (남향),없음(NULL),,A형 가능,0,0.0000
2026-02-17,일·공휴일,23,멀뫼사거리-동 (서향),있음(비0),135,B형 검토,0,0.0000
2026-02-17,일·공휴일,23,멀뫼사거리-서 (동향),있음(비0),252,B형 검토,0,0.0000
2026-02-17,일·공휴일,23,멀뫼4R-남 (북향),있음(비0),482,B형 검토,0,0.0000
2026-02-17,일·공휴일,23,멀뫼사거리-북 (남향),없음(NULL),,A형 가능,0,0.0000
2026-02-18,일·공휴일,00,멀뫼사거리-동 (서향),있음(비0),117,B형 검토,0,0.0000
2026-02-18,일·공휴일,00,멀뫼사거리-서 (동향),있음(비0),232,B형 검토,0,0.0000
2026-02-18,일·공휴일,00,멀뫼4R-남 (북향),있음(비0),430,B형 검토,0,0.0000
2026-02-18,일·공휴일,00,멀뫼사거리-북 (남향),없음(NULL),,A형 가능,0,0.0000
2026-02-18,일·공휴일,01,멀뫼사거리-동 (서향),있음(비0),90,B형 검토,0,0.0000
2026-02-18,일·공휴일,01,멀뫼사거리-서 (동향),있음(비0),132,B형 검토,0,0.0000
2026-02-18,일·공휴일,01,멀뫼4R-남 (북향),있음(비0),290,B형 검토,0,0.0000
2026-02-18,일·공휴일,01,멀뫼사거리-북 (남향),없음(NULL),,A형 가능,0,0.0000
2026-02-18,일·공휴일,02,멀뫼사거리-동 (서향),있음(비0),66,B형 검토,0,0.0000
2026-02-18,일·공휴일,02,멀뫼사거리-서 (동향),있음(비0),132,B형 검토,0,0.0000
2026-02-18,일·공휴일,02,멀뫼4R-남 (북향),있음(비0),274,B형 검토,0,0.0000
2026-02-18,일·공휴일,02,멀뫼사거리-북 (남향),없음(NULL),,A형 가능,0,0.0000
2026-02-18,일·공휴일,03,멀뫼사거리-동 (서향),있음(비0),64,B형 검토,0,0.0000
2026-02-18,일·공휴일,03,멀뫼사거리-서 (동향),있음(비0),124,B형 검토,0,0.0000
2026-02-18,일·공휴일,03,멀뫼4R-남 (북향),있음(비0),179,B형 검토,0,0.0000
2026-02-18,일·공휴일,03,멀뫼사거리-북 (남향),없음(NULL),,A형 가능,0,0.0000
2026-02-18,일·공휴일,04,멀뫼사거리-동 (서향),있음(비0),55,B형 검토,0,0.0000
2026-02-18,일·공휴일,04,멀뫼사거리-서 (동향),있음(비0),102,B형 검토,0,0.0000
2026-02-18,일·공휴일,04,멀뫼4R-남 (북향),있음(비0),202,B형 검토,0,0.0000
2026-02-18,일·공휴일,04,멀뫼사거리-북 (남향),없음(NULL),,A형 가능,0,0.0000
2026-02-18,일·공휴일,05,멀뫼사거리-동 (서향),있음(비0),57,B형 검토,0,0.0000
2026-02-18,일·공휴일,05,멀뫼사거리-서 (동향),있음(비0),133,B형 검토,0,0.0000
2026-02-18,일·공휴일,05,멀뫼4R-남 (북향),있음(비0),260,B형 검토,0,0.0000
2026-02-18,일·공휴일,05,멀뫼사거리-북 (남향),없음(NULL),,A형 가능,0,0.0000
2026-02-18,일·공휴일,06,멀뫼사거리-동 (서향),있음(비0),90,B형 검토,0,0.0000
2026-02-18,일·공휴일,06,멀뫼사거리-서 (동향),있음(비0),189,B형 검토,0,0.0000
2026-02-18,일·공휴일,06,멀뫼4R-남 (북향),있음(비0),300,B형 검토,0,0.0000
2026-02-18,일·공휴일,06,멀뫼사거리-북 (남향),없음(NULL),,A형 가능,0,0.0000
2026-02-18,일·공휴일,07,멀뫼사거리-동 (서향),있음(비0),103,B형 검토,0,0.0000
2026-02-18,일·공휴일,07,멀뫼사거리-서 (동향),있음(비0),227,B형 검토,0,0.0000
2026-02-18,일·공휴일,07,멀뫼4R-남 (북향),있음(비0),347,B형 검토,0,0.0000
2026-02-18,일·공휴일,07,멀뫼사거리-북 (남향),없음(NULL),,A형 가능,0,0.0000
2026-02-18,일·공휴일,08,멀뫼사거리-동 (서향),있음(비0),134,B형 검토,0,0.0000
2026-02-18,일·공휴일,08,멀뫼사거리-서 (동향),있음(비0),291,B형 검토,0,0.0000
2026-02-18,일·공휴일,08,멀뫼4R-남 (북향),있음(비0),474,B형 검토,0,0.0000
2026-02-18,일·공휴일,08,멀뫼사거리-북 (남향),없음(NULL),,A형 가능,0,0.0000
2026-02-18,일·공휴일,09,멀뫼사거리-동 (서향),있음(비0),202,B형 검토,0,0.0000
2026-02-18,일·공휴일,09,멀뫼사거리-서 (동향),있음(비0),411,B형 검토,0,0.0000
2026-02-18,일·공휴일,09,멀뫼4R-남 (북향),있음(비0),673,B형 검토,0,0.0000
2026-02-18,일·공휴일,09,멀뫼사거리-북 (남향),없음(NULL),,A형 가능,0,0.0000
2026-02-18,일·공휴일,10,멀뫼사거리-동 (서향),있음(비0),241,B형 검토,0,0.1250
2026-02-18,일·공휴일,10,멀뫼사거리-서 (동향),있음(비0),496,B형 검토,0,0.1250
2026-02-18,일·공휴일,10,멀뫼4R-남 (북향),있음(비0),916,B형 검토,0,0.1250
2026-02-18,일·공휴일,10,멀뫼사거리-북 (남향),없음(NULL),,A형 가능,0,0.1250
2026-02-18,일·공휴일,11,멀뫼사거리-동 (서향),있음(비0),307,B형 검토,0,0.1250
2026-02-18,일·공휴일,11,멀뫼사거리-서 (동향),있음(비0),624,B형 검토,0,0.1250
2026-02-18,일·공휴일,11,멀뫼4R-남 (북향),있음(비0),1165,B형 검토,0,0.1250
2026-02-18,일·공휴일,11,멀뫼사거리-북 (남향),없음(NULL),,A형 가능,0,0.1250
2026-02-18,일·공휴일,12,멀뫼사거리-동 (서향),있음(비0),297,B형 검토,0,0.0000
2026-02-18,일·공휴일,12,멀뫼사거리-서 (동향),있음(비0),633,B형 검토,0,0.0000
2026-02-18,일·공휴일,12,멀뫼4R-남 (북향),있음(비0),1251,B형 검토,0,0.0000
2026-02-18,일·공휴일,12,멀뫼사거리-북 (남향),없음(NULL),,A형 가능,0,0.0000
2026-02-18,일·공휴일,13,멀뫼사거리-동 (서향),있음(비0),302,B형 검토,0,0.0000
2026-02-18,일·공휴일,13,멀뫼사거리-서 (동향),있음(비0),637,B형 검토,0,0.0000
2026-02-18,일·공휴일,13,멀뫼4R-남 (북향),있음(비0),1226,B형 검토,0,0.0000
2026-02-18,일·공휴일,13,멀뫼사거리-북 (남향),없음(NULL),,A형 가능,0,0.0000
2026-02-18,일·공휴일,14,멀뫼사거리-동 (서향),있음(비0),307,B형 검토,0,0.0000
2026-02-18,일·공휴일,14,멀뫼사거리-서 (동향),있음(비0),719,B형 검토,0,0.0000
2026-02-18,일·공휴일,14,멀뫼4R-남 (북향),있음(비0),1237,B형 검토,0,0.0000
2026-02-18,일·공휴일,14,멀뫼사거리-북 (남향),없음(NULL),,A형 가능,0,0.0000
2026-02-18,일·공휴일,15,멀뫼사거리-동 (서향),있음(비0),317,B형 검토,0,0.0000
2026-02-18,일·공휴일,15,멀뫼사거리-서 (동향),있음(비0),687,B형 검토,0,0.0000
2026-02-18,일·공휴일,15,멀뫼4R-남 (북향),있음(비0),1202,B형 검토,0,0.0000
2026-02-18,일·공휴일,15,멀뫼사거리-북 (남향),없음(NULL),,A형 가능,0,0.0000
2026-02-18,일·공휴일,16,멀뫼사거리-동 (서향),있음(비0),245,B형 검토,0,0.0000
2026-02-18,일·공휴일,16,멀뫼사거리-서 (동향),있음(비0),616,B형 검토,0,0.0000
2026-02-18,일·공휴일,16,멀뫼4R-남 (북향),있음(비0),1167,B형 검토,0,0.0000
2026-02-18,일·공휴일,16,멀뫼사거리-북 (남향),없음(NULL),,A형 가능,0,0.0000
2026-02-18,일·공휴일,17,멀뫼사거리-동 (서향),있음(비0),294,B형 검토,0,0.0000
2026-02-18,일·공휴일,17,멀뫼사거리-서 (동향),있음(비0),617,B형 검토,0,0.0000
2026-02-18,일·공휴일,17,멀뫼4R-남 (북향),있음(비0),1019,B형 검토,0,0.0000
2026-02-18,일·공휴일,17,멀뫼사거리-북 (남향),없음(NULL),,A형 가능,0,0.0000
2026-02-18,일·공휴일,18,멀뫼사거리-동 (서향),있음(비0),245,B형 검토,0,0.0000
2026-02-18,일·공휴일,18,멀뫼사거리-서 (동향),있음(비0),558,B형 검토,0,0.0000
2026-02-18,일·공휴일,18,멀뫼4R-남 (북향),있음(비0),874,B형 검토,0,0.0000
2026-02-18,일·공휴일,18,멀뫼사거리-북 (남향),없음(NULL),,A형 가능,0,0.0000
2026-02-18,일·공휴일,19,멀뫼사거리-동 (서향),있음(비0),200,B형 검토,0,0.0000
2026-02-18,일·공휴일,19,멀뫼사거리-서 (동향),있음(비0),459,B형 검토,0,0.0000
2026-02-18,일·공휴일,19,멀뫼4R-남 (북향),있음(비0),766,B형 검토,0,0.0000
2026-02-18,일·공휴일,19,멀뫼사거리-북 (남향),없음(NULL),,A형 가능,0,0.0000
2026-02-18,일·공휴일,20,멀뫼사거리-동 (서향),있음(비0),194,B형 검토,0,0.0000
2026-02-18,일·공휴일,20,멀뫼사거리-서 (동향),있음(비0),374,B형 검토,0,0.0000
2026-02-18,일·공휴일,20,멀뫼4R-남 (북향),있음(비0),722,B형 검토,0,0.0000
2026-02-18,일·공휴일,20,멀뫼사거리-북 (남향),없음(NULL),,A형 가능,0,0.0000
2026-02-18,일·공휴일,21,멀뫼사거리-동 (서향),있음(비0),142,B형 검토,0,0.0000
2026-02-18,일·공휴일,21,멀뫼사거리-서 (동향),있음(비0),314,B형 검토,0,0.0000
2026-02-18,일·공휴일,21,멀뫼4R-남 (북향),있음(비0),678,B형 검토,0,0.0000
2026-02-18,일·공휴일,21,멀뫼사거리-북 (남향),없음(NULL),,A형 가능,0,0.0000
2026-02-18,일·공휴일,22,멀뫼사거리-동 (서향),있음(비0),137,B형 검토,0,0.0000
2026-02-18,일·공휴일,22,멀뫼사거리-서 (동향),있음(비0),287,B형 검토,0,0.0000
2026-02-18,일·공휴일,22,멀뫼4R-남 (북향),있음(비0),481,B형 검토,0,0.0000
2026-02-18,일·공휴일,22,멀뫼사거리-북 (남향),없음(NULL),,A형 가능,0,0.0000
2026-02-18,일·공휴일,23,멀뫼사거리-동 (서향),있음(비0),104,B형 검토,0,0.0000
2026-02-18,일·공휴일,23,멀뫼사거리-서 (동향),있음(비0),221,B형 검토,0,0.0000
2026-02-18,일·공휴일,23,멀뫼4R-남 (북향),있음(비0),309,B형 검토,0,0.0000
2026-02-18,일·공휴일,23,멀뫼사거리-북 (남향),없음(NULL),,A형 가능,0,0.0000
2026-02-19,평일,00,멀뫼사거리-동 (서향),있음(비0),70,B형 검토,0,0.1951
2026-02-19,평일,00,멀뫼사거리-서 (동향),있음(비0),184,B형 검토,0,0.1951
2026-02-19,평일,00,멀뫼4R-남 (북향),있음(비0),267,B형 검토,0,0.1951
2026-02-19,평일,00,멀뫼사거리-북 (남향),없음(NULL),,A형 가능,0,0.1951
2026-02-19,평일,01,멀뫼사거리-동 (서향),있음(비0),75,B형 검토,0,0.1951
2026-02-19,평일,01,멀뫼사거리-서 (동향),있음(비0),163,B형 검토,0,0.1951
2026-02-19,평일,01,멀뫼4R-남 (북향),있음(비0),198,B형 검토,0,0.1951
2026-02-19,평일,01,멀뫼사거리-북 (남향),없음(NULL),,A형 가능,0,0.1951
2026-02-19,평일,02,멀뫼사거리-동 (서향),있음(비0),61,B형 검토,0,0.1951
2026-02-19,평일,02,멀뫼사거리-서 (동향),있음(비0),126,B형 검토,0,0.1951
2026-02-19,평일,02,멀뫼4R-남 (북향),있음(비0),138,B형 검토,0,0.1951
2026-02-19,평일,02,멀뫼사거리-북 (남향),없음(NULL),,A형 가능,0,0.1951
2026-02-19,평일,03,멀뫼사거리-동 (서향),있음(비0),49,B형 검토,0,0.1951
2026-02-19,평일,03,멀뫼사거리-서 (동향),있음(비0),108,B형 검토,0,0.1951
2026-02-19,평일,03,멀뫼4R-남 (북향),있음(비0),139,B형 검토,0,0.1951
2026-02-19,평일,03,멀뫼사거리-북 (남향),없음(NULL),,A형 가능,0,0.1951
2026-02-19,평일,04,멀뫼사거리-동 (서향),있음(비0),62,B형 검토,0,0.2195
2026-02-19,평일,04,멀뫼사거리-서 (동향),있음(비0),156,B형 검토,0,0.2195
2026-02-19,평일,04,멀뫼4R-남 (북향),있음(비0),208,B형 검토,0,0.2195
2026-02-19,평일,04,멀뫼사거리-북 (남향),없음(NULL),,B형,0,0.2195
2026-02-19,평일,05,멀뫼사거리-동 (서향),있음(비0),135,B형 검토,0,0.2195
2026-02-19,평일,05,멀뫼사거리-서 (동향),있음(비0),268,B형 검토,0,0.2195
2026-02-19,평일,05,멀뫼4R-남 (북향),있음(비0),492,B형 검토,0,0.2195
2026-02-19,평일,05,멀뫼사거리-북 (남향),없음(NULL),,B형,0,0.2195
2026-02-19,평일,06,멀뫼사거리-동 (서향),있음(비0),174,B형 검토,0,0.2195
2026-02-19,평일,06,멀뫼사거리-서 (동향),있음(비0),415,B형 검토,0,0.2195
2026-02-19,평일,06,멀뫼4R-남 (북향),있음(비0),897,B형 검토,0,0.2195
2026-02-19,평일,06,멀뫼사거리-북 (남향),없음(NULL),,B형,0,0.2195
2026-02-19,평일,07,멀뫼사거리-동 (서향),있음(비0),295,B형 검토,0,0.2195
2026-02-19,평일,07,멀뫼사거리-서 (동향),있음(비0),637,B형 검토,0,0.2195
2026-02-19,평일,07,멀뫼4R-남 (북향),있음(비0),1600,B형 검토,0,0.2195
2026-02-19,평일,07,멀뫼사거리-북 (남향),없음(NULL),,B형,0,0.2195
2026-02-19,평일,08,멀뫼사거리-동 (서향),있음(비0),423,B형 검토,0,0.2195
2026-02-19,평일,08,멀뫼사거리-서 (동향),있음(비0),781,B형 검토,0,0.2195
2026-02-19,평일,08,멀뫼4R-남 (북향),있음(비0),1655,B형 검토,0,0.2195
2026-02-19,평일,08,멀뫼사거리-북 (남향),없음(NULL),,B형,0,0.2195
2026-02-19,평일,09,멀뫼사거리-동 (서향),있음(비0),394,B형 검토,0,0.2439
2026-02-19,평일,09,멀뫼사거리-서 (동향),있음(비0),730,B형 검토,0,0.2439
2026-02-19,평일,09,멀뫼4R-남 (북향),있음(비0),1365,B형 검토,0,0.2439
2026-02-19,평일,09,멀뫼사거리-북 (남향),있음(비0),11,B형 검토,0,0.2439
2026-02-19,평일,10,멀뫼사거리-동 (서향),있음(비0),354,B형 검토,0,0.2439
2026-02-19,평일,10,멀뫼사거리-서 (동향),있음(비0),719,B형 검토,0,0.2439
2026-02-19,평일,10,멀뫼4R-남 (북향),있음(비0),1307,B형 검토,0,0.2439
2026-02-19,평일,10,멀뫼사거리-북 (남향),없음(NULL),,B형,0,0.2439
2026-02-19,평일,11,멀뫼사거리-동 (서향),있음(비0),335,B형 검토,0,0.2439
2026-02-19,평일,11,멀뫼사거리-서 (동향),있음(비0),766,B형 검토,0,0.2439
2026-02-19,평일,11,멀뫼4R-남 (북향),있음(비0),1215,B형 검토,0,0.2439
2026-02-19,평일,11,멀뫼사거리-북 (남향),없음(NULL),,B형,0,0.2439
2026-02-19,평일,12,멀뫼사거리-동 (서향),있음(비0),322,B형 검토,0,0.2195
2026-02-19,평일,12,멀뫼사거리-서 (동향),있음(비0),680,B형 검토,0,0.2195
2026-02-19,평일,12,멀뫼4R-남 (북향),있음(비0),1117,B형 검토,0,0.2195
2026-02-19,평일,12,멀뫼사거리-북 (남향),있음(비0),12,B형 검토,0,0.2195
2026-02-19,평일,13,멀뫼사거리-동 (서향),있음(비0),335,B형 검토,0,0.2195
2026-02-19,평일,13,멀뫼사거리-서 (동향),있음(비0),726,B형 검토,0,0.2195
2026-02-19,평일,13,멀뫼4R-남 (북향),있음(비0),1258,B형 검토,0,0.2195
2026-02-19,평일,13,멀뫼사거리-북 (남향),없음(NULL),,B형,0,0.2195
2026-02-19,평일,14,멀뫼사거리-동 (서향),있음(비0),357,B형 검토,0,0.2195
2026-02-19,평일,14,멀뫼사거리-서 (동향),있음(비0),771,B형 검토,0,0.2195
2026-02-19,평일,14,멀뫼4R-남 (북향),있음(비0),1278,B형 검토,0,0.2195
2026-02-19,평일,14,멀뫼사거리-북 (남향),없음(NULL),,B형,0,0.2195
2026-02-19,평일,15,멀뫼사거리-동 (서향),있음(비0),381,B형 검토,0,0.1951
2026-02-19,평일,15,멀뫼사거리-서 (동향),있음(비0),778,B형 검토,0,0.1951
2026-02-19,평일,15,멀뫼4R-남 (북향),있음(비0),1294,B형 검토,0,0.1951
2026-02-19,평일,15,멀뫼사거리-북 (남향),없음(NULL),,A형 가능,0,0.1951
2026-02-19,평일,16,멀뫼사거리-동 (서향),있음(비0),442,B형 검토,0,0.2195
2026-02-19,평일,16,멀뫼사거리-서 (동향),있음(비0),780,B형 검토,0,0.2195
2026-02-19,평일,16,멀뫼4R-남 (북향),있음(비0),1362,B형 검토,0,0.2195
2026-02-19,평일,16,멀뫼사거리-북 (남향),없음(NULL),,B형,0,0.2195
2026-02-19,평일,17,멀뫼사거리-동 (서향),있음(비0),425,B형 검토,0,0.2683
2026-02-19,평일,17,멀뫼사거리-서 (동향),있음(비0),780,B형 검토,0,0.2683
2026-02-19,평일,17,멀뫼4R-남 (북향),있음(비0),1404,B형 검토,0,0.2683
2026-02-19,평일,17,멀뫼사거리-북 (남향),없음(NULL),,B형,0,0.2683
2026-02-19,평일,18,멀뫼사거리-동 (서향),있음(비0),360,B형 검토,0,0.2683
2026-02-19,평일,18,멀뫼사거리-서 (동향),있음(비0),723,B형 검토,0,0.2683
2026-02-19,평일,18,멀뫼4R-남 (북향),있음(비0),1310,B형 검토,0,0.2683
2026-02-19,평일,18,멀뫼사거리-북 (남향),없음(NULL),,B형,0,0.2683
2026-02-19,평일,19,멀뫼사거리-동 (서향),있음(비0),232,B형 검토,0,0.2683
2026-02-19,평일,19,멀뫼사거리-서 (동향),있음(비0),479,B형 검토,0,0.2683
2026-02-19,평일,19,멀뫼4R-남 (북향),있음(비0),1031,B형 검토,0,0.2683
2026-02-19,평일,19,멀뫼사거리-북 (남향),없음(NULL),,B형,0,0.2683
2026-02-19,평일,20,멀뫼사거리-동 (서향),있음(비0),191,B형 검토,0,0.2683
2026-02-19,평일,20,멀뫼사거리-서 (동향),있음(비0),378,B형 검토,0,0.2683
2026-02-19,평일,20,멀뫼4R-남 (북향),있음(비0),823,B형 검토,0,0.2683
2026-02-19,평일,20,멀뫼사거리-북 (남향),없음(NULL),,B형,0,0.2683
2026-02-19,평일,21,멀뫼사거리-동 (서향),있음(비0),156,B형 검토,0,0.2683
2026-02-19,평일,21,멀뫼사거리-서 (동향),있음(비0),395,B형 검토,0,0.2683
2026-02-19,평일,21,멀뫼4R-남 (북향),있음(비0),680,B형 검토,0,0.2683
2026-02-19,평일,21,멀뫼사거리-북 (남향),없음(NULL),,B형,0,0.2683
2026-02-19,평일,22,멀뫼사거리-동 (서향),있음(비0),144,B형 검토,0,0.2927
2026-02-19,평일,22,멀뫼사거리-서 (동향),있음(비0),291,B형 검토,0,0.2927
2026-02-19,평일,22,멀뫼4R-남 (북향),있음(비0),501,B형 검토,0,0.2927
2026-02-19,평일,22,멀뫼사거리-북 (남향),없음(NULL),,B형,0,0.2927
2026-02-19,평일,23,멀뫼사거리-동 (서향),있음(비0),115,B형 검토,0,0.2927
2026-02-19,평일,23,멀뫼사거리-서 (동향),있음(비0),256,B형 검토,0,0.2927
2026-02-19,평일,23,멀뫼4R-남 (북향),있음(비0),336,B형 검토,0,0.2927
2026-02-19,평일,23,멀뫼사거리-북 (남향),없음(NULL),,B형,0,0.2927
2026-02-20,평일,00,멀뫼사거리-동 (서향),있음(비0),90,B형 검토,0,0.1951
2026-02-20,평일,00,멀뫼사거리-서 (동향),있음(비0),195,B형 검토,0,0.1951
2026-02-20,평일,00,멀뫼4R-남 (북향),있음(비0),281,B형 검토,0,0.1951
2026-02-20,평일,00,멀뫼사거리-북 (남향),없음(NULL),,A형 가능,0,0.1951
2026-02-20,평일,01,멀뫼사거리-동 (서향),있음(비0),87,B형 검토,0,0.1951
2026-02-20,평일,01,멀뫼사거리-서 (동향),있음(비0),128,B형 검토,0,0.1951
2026-02-20,평일,01,멀뫼4R-남 (북향),있음(비0),199,B형 검토,0,0.1951
2026-02-20,평일,01,멀뫼사거리-북 (남향),없음(NULL),,A형 가능,0,0.1951
2026-02-20,평일,02,멀뫼사거리-동 (서향),있음(비0),82,B형 검토,0,0.1951
2026-02-20,평일,02,멀뫼사거리-서 (동향),있음(비0),113,B형 검토,0,0.1951
2026-02-20,평일,02,멀뫼4R-남 (북향),있음(비0),167,B형 검토,0,0.1951
2026-02-20,평일,02,멀뫼사거리-북 (남향),없음(NULL),,A형 가능,0,0.1951
2026-02-20,평일,03,멀뫼사거리-동 (서향),있음(비0),52,B형 검토,0,0.1951
2026-02-20,평일,03,멀뫼사거리-서 (동향),있음(비0),124,B형 검토,0,0.1951
2026-02-20,평일,03,멀뫼4R-남 (북향),있음(비0),147,B형 검토,0,0.1951
2026-02-20,평일,03,멀뫼사거리-북 (남향),없음(NULL),,A형 가능,0,0.1951
2026-02-20,평일,04,멀뫼사거리-동 (서향),있음(비0),65,B형 검토,0,0.2195
2026-02-20,평일,04,멀뫼사거리-서 (동향),있음(비0),187,B형 검토,0,0.2195
2026-02-20,평일,04,멀뫼4R-남 (북향),있음(비0),229,B형 검토,0,0.2195
2026-02-20,평일,04,멀뫼사거리-북 (남향),없음(NULL),,B형,0,0.2195
2026-02-20,평일,05,멀뫼사거리-동 (서향),있음(비0),139,B형 검토,0,0.2195
2026-02-20,평일,05,멀뫼사거리-서 (동향),있음(비0),290,B형 검토,0,0.2195
2026-02-20,평일,05,멀뫼4R-남 (북향),있음(비0),541,B형 검토,0,0.2195
2026-02-20,평일,05,멀뫼사거리-북 (남향),있음(비0),235,B형 검토,0,0.2195
2026-02-20,평일,06,멀뫼사거리-동 (서향),있음(비0),183,B형 검토,0,0.2195
2026-02-20,평일,06,멀뫼사거리-서 (동향),있음(비0),423,B형 검토,0,0.2195
2026-02-20,평일,06,멀뫼4R-남 (북향),있음(비0),919,B형 검토,0,0.2195
2026-02-20,평일,06,멀뫼사거리-북 (남향),있음(비0),678,B형 검토,0,0.2195
2026-02-20,평일,07,멀뫼사거리-동 (서향),있음(비0),279,B형 검토,0,0.2195
2026-02-20,평일,07,멀뫼사거리-서 (동향),있음(비0),666,B형 검토,0,0.2195
2026-02-20,평일,07,멀뫼4R-남 (북향),있음(비0),1602,B형 검토,0,0.2195
2026-02-20,평일,07,멀뫼사거리-북 (남향),있음(비0),156,B형 검토,0,0.2195
2026-02-20,평일,08,멀뫼사거리-동 (서향),있음(비0),446,B형 검토,0,0.2195
2026-02-20,평일,08,멀뫼사거리-서 (동향),있음(비0),810,B형 검토,0,0.2195
2026-02-20,평일,08,멀뫼4R-남 (북향),있음(비0),1702,B형 검토,0,0.2195
2026-02-20,평일,08,멀뫼사거리-북 (남향),없음(NULL),,B형,0,0.2195
2026-02-20,평일,09,멀뫼사거리-동 (서향),있음(비0),417,B형 검토,0,0.2439
2026-02-20,평일,09,멀뫼사거리-서 (동향),있음(비0),779,B형 검토,0,0.2439
2026-02-20,평일,09,멀뫼4R-남 (북향),있음(비0),1422,B형 검토,0,0.2439
2026-02-20,평일,09,멀뫼사거리-북 (남향),없음(NULL),,B형,0,0.2439
2026-02-20,평일,10,멀뫼사거리-동 (서향),있음(비0),347,B형 검토,0,0.2439
2026-02-20,평일,10,멀뫼사거리-서 (동향),있음(비0),775,B형 검토,0,0.2439
2026-02-20,평일,10,멀뫼4R-남 (북향),있음(비0),1327,B형 검토,0,0.2439
2026-02-20,평일,10,멀뫼사거리-북 (남향),없음(NULL),,B형,0,0.2439
2026-02-20,평일,11,멀뫼사거리-동 (서향),있음(비0),352,B형 검토,0,0.2439
2026-02-20,평일,11,멀뫼사거리-서 (동향),있음(비0),772,B형 검토,0,0.2439
2026-02-20,평일,11,멀뫼4R-남 (북향),있음(비0),1256,B형 검토,0,0.2439
2026-02-20,평일,11,멀뫼사거리-북 (남향),없음(NULL),,B형,0,0.2439
2026-02-20,평일,12,멀뫼사거리-동 (서향),있음(비0),334,B형 검토,0,0.2195
2026-02-20,평일,12,멀뫼사거리-서 (동향),있음(비0),773,B형 검토,0,0.2195
2026-02-20,평일,12,멀뫼4R-남 (북향),있음(비0),1131,B형 검토,0,0.2195
2026-02-20,평일,12,멀뫼사거리-북 (남향),없음(NULL),,B형,0,0.2195
2026-02-20,평일,13,멀뫼사거리-동 (서향),있음(비0),349,B형 검토,0,0.2195
2026-02-20,평일,13,멀뫼사거리-서 (동향),있음(비0),753,B형 검토,0,0.2195
2026-02-20,평일,13,멀뫼4R-남 (북향),있음(비0),1263,B형 검토,0,0.2195
2026-02-20,평일,13,멀뫼사거리-북 (남향),없음(NULL),,B형,0,0.2195
2026-02-20,평일,14,멀뫼사거리-동 (서향),있음(비0),326,B형 검토,0,0.2195
2026-02-20,평일,14,멀뫼사거리-서 (동향),있음(비0),785,B형 검토,0,0.2195
2026-02-20,평일,14,멀뫼4R-남 (북향),있음(비0),1327,B형 검토,0,0.2195
2026-02-20,평일,14,멀뫼사거리-북 (남향),없음(NULL),,B형,0,0.2195
2026-02-20,평일,15,멀뫼사거리-동 (서향),있음(비0),349,B형 검토,0,0.1951
2026-02-20,평일,15,멀뫼사거리-서 (동향),있음(비0),785,B형 검토,0,0.1951
2026-02-20,평일,15,멀뫼4R-남 (북향),있음(비0),1333,B형 검토,0,0.1951
2026-02-20,평일,15,멀뫼사거리-북 (남향),없음(NULL),,A형 가능,0,0.1951
2026-02-20,평일,16,멀뫼사거리-동 (서향),있음(비0),396,B형 검토,0,0.2195
2026-02-20,평일,16,멀뫼사거리-서 (동향),있음(비0),795,B형 검토,0,0.2195
2026-02-20,평일,16,멀뫼4R-남 (북향),있음(비0),1346,B형 검토,0,0.2195
2026-02-20,평일,16,멀뫼사거리-북 (남향),없음(NULL),,B형,0,0.2195
2026-02-20,평일,17,멀뫼사거리-동 (서향),있음(비0),445,B형 검토,0,0.2683
2026-02-20,평일,17,멀뫼사거리-서 (동향),있음(비0),750,B형 검토,0,0.2683
2026-02-20,평일,17,멀뫼4R-남 (북향),있음(비0),1394,B형 검토,0,0.2683
2026-02-20,평일,17,멀뫼사거리-북 (남향),없음(NULL),,B형,0,0.2683
2026-02-20,평일,18,멀뫼사거리-동 (서향),있음(비0),413,B형 검토,0,0.2683
2026-02-20,평일,18,멀뫼사거리-서 (동향),있음(비0),731,B형 검토,0,0.2683
2026-02-20,평일,18,멀뫼4R-남 (북향),있음(비0),1430,B형 검토,0,0.2683
2026-02-20,평일,18,멀뫼사거리-북 (남향),없음(NULL),,B형,0,0.2683
2026-02-20,평일,19,멀뫼사거리-동 (서향),있음(비0),257,B형 검토,0,0.2683
2026-02-20,평일,19,멀뫼사거리-서 (동향),있음(비0),554,B형 검토,0,0.2683
2026-02-20,평일,19,멀뫼4R-남 (북향),있음(비0),1231,B형 검토,0,0.2683
2026-02-20,평일,19,멀뫼사거리-북 (남향),없음(NULL),,B형,0,0.2683
2026-02-20,평일,20,멀뫼사거리-동 (서향),있음(비0),195,B형 검토,0,0.2683
2026-02-20,평일,20,멀뫼사거리-서 (동향),있음(비0),436,B형 검토,0,0.2683
2026-02-20,평일,20,멀뫼4R-남 (북향),있음(비0),1030,B형 검토,0,0.2683
2026-02-20,평일,20,멀뫼사거리-북 (남향),없음(NULL),,B형,0,0.2683
2026-02-20,평일,21,멀뫼사거리-동 (서향),있음(비0),202,B형 검토,0,0.2683
2026-02-20,평일,21,멀뫼사거리-서 (동향),있음(비0),450,B형 검토,0,0.2683
2026-02-20,평일,21,멀뫼4R-남 (북향),있음(비0),790,B형 검토,0,0.2683
2026-02-20,평일,21,멀뫼사거리-북 (남향),없음(NULL),,B형,0,0.2683
2026-02-20,평일,22,멀뫼사거리-동 (서향),있음(비0),175,B형 검토,0,0.2927
2026-02-20,평일,22,멀뫼사거리-서 (동향),있음(비0),379,B형 검토,0,0.2927
2026-02-20,평일,22,멀뫼4R-남 (북향),있음(비0),634,B형 검토,0,0.2927
2026-02-20,평일,22,멀뫼사거리-북 (남향),없음(NULL),,B형,0,0.2927
2026-02-20,평일,23,멀뫼사거리-동 (서향),있음(비0),150,B형 검토,0,0.2927
2026-02-20,평일,23,멀뫼사거리-서 (동향),있음(비0),297,B형 검토,0,0.2927
2026-02-20,평일,23,멀뫼4R-남 (북향),있음(비0),444,B형 검토,0,0.2927
2026-02-20,평일,23,멀뫼사거리-북 (남향),없음(NULL),,B형,0,0.2927
2026-02-21,토요일,00,멀뫼사거리-동 (서향),있음(비0),121,B형 검토,0,0.0000
2026-02-21,토요일,00,멀뫼사거리-서 (동향),있음(비0),254,B형 검토,0,0.0000
2026-02-21,토요일,00,멀뫼4R-남 (북향),있음(비0),410,B형 검토,0,0.0000
2026-02-21,토요일,00,멀뫼사거리-북 (남향),없음(NULL),,A형 가능,0,0.0000
2026-02-21,토요일,01,멀뫼사거리-동 (서향),있음(비0),125,B형 검토,0,0.0000
2026-02-21,토요일,01,멀뫼사거리-서 (동향),있음(비0),194,B형 검토,0,0.0000
2026-02-21,토요일,01,멀뫼4R-남 (북향),있음(비0),303,B형 검토,0,0.0000
2026-02-21,토요일,01,멀뫼사거리-북 (남향),없음(NULL),,A형 가능,0,0.0000
2026-02-21,토요일,02,멀뫼사거리-동 (서향),있음(비0),98,B형 검토,0,0.0000
2026-02-21,토요일,02,멀뫼사거리-서 (동향),있음(비0),185,B형 검토,0,0.0000
2026-02-21,토요일,02,멀뫼4R-남 (북향),있음(비0),234,B형 검토,0,0.0000
2026-02-21,토요일,02,멀뫼사거리-북 (남향),없음(NULL),,A형 가능,0,0.0000
2026-02-21,토요일,03,멀뫼사거리-동 (서향),있음(비0),78,B형 검토,0,0.0000
2026-02-21,토요일,03,멀뫼사거리-서 (동향),있음(비0),143,B형 검토,0,0.0000
2026-02-21,토요일,03,멀뫼4R-남 (북향),있음(비0),173,B형 검토,0,0.0000
2026-02-21,토요일,03,멀뫼사거리-북 (남향),없음(NULL),,A형 가능,0,0.0000
2026-02-21,토요일,04,멀뫼사거리-동 (서향),있음(비0),68,B형 검토,0,0.0000
2026-02-21,토요일,04,멀뫼사거리-서 (동향),있음(비0),162,B형 검토,0,0.0000
2026-02-21,토요일,04,멀뫼4R-남 (북향),있음(비0),228,B형 검토,0,0.0000
2026-02-21,토요일,04,멀뫼사거리-북 (남향),없음(NULL),,A형 가능,0,0.0000
2026-02-21,토요일,05,멀뫼사거리-동 (서향),있음(비0),122,B형 검토,0,0.0000
2026-02-21,토요일,05,멀뫼사거리-서 (동향),있음(비0),296,B형 검토,0,0.0000
2026-02-21,토요일,05,멀뫼4R-남 (북향),있음(비0),470,B형 검토,0,0.0000
2026-02-21,토요일,05,멀뫼사거리-북 (남향),없음(NULL),,A형 가능,0,0.0000
2026-02-21,토요일,06,멀뫼사거리-동 (서향),있음(비0),131,B형 검토,0,0.0000
2026-02-21,토요일,06,멀뫼사거리-서 (동향),있음(비0),286,B형 검토,0,0.0000
2026-02-21,토요일,06,멀뫼4R-남 (북향),있음(비0),564,B형 검토,0,0.0000
2026-02-21,토요일,06,멀뫼사거리-북 (남향),없음(NULL),,A형 가능,0,0.0000
2026-02-21,토요일,07,멀뫼사거리-동 (서향),있음(비0),178,B형 검토,0,0.0000
2026-02-21,토요일,07,멀뫼사거리-서 (동향),있음(비0),386,B형 검토,0,0.0000
2026-02-21,토요일,07,멀뫼4R-남 (북향),있음(비0),734,B형 검토,0,0.0000
2026-02-21,토요일,07,멀뫼사거리-북 (남향),없음(NULL),,A형 가능,0,0.0000
2026-02-21,토요일,08,멀뫼사거리-동 (서향),있음(비0),274,B형 검토,0,0.0000
2026-02-21,토요일,08,멀뫼사거리-서 (동향),있음(비0),541,B형 검토,0,0.0000
2026-02-21,토요일,08,멀뫼4R-남 (북향),있음(비0),986,B형 검토,0,0.0000
2026-02-21,토요일,08,멀뫼사거리-북 (남향),없음(NULL),,A형 가능,0,0.0000
2026-02-21,토요일,09,멀뫼사거리-동 (서향),있음(비0),303,B형 검토,0,0.0000
2026-02-21,토요일,09,멀뫼사거리-서 (동향),있음(비0),658,B형 검토,0,0.0000
2026-02-21,토요일,09,멀뫼4R-남 (북향),있음(비0),1175,B형 검토,0,0.0000
2026-02-21,토요일,09,멀뫼사거리-북 (남향),없음(NULL),,A형 가능,0,0.0000
2026-02-21,토요일,10,멀뫼사거리-동 (서향),있음(비0),329,B형 검토,0,0.0000
2026-02-21,토요일,10,멀뫼사거리-서 (동향),있음(비0),675,B형 검토,0,0.0000
2026-02-21,토요일,10,멀뫼4R-남 (북향),있음(비0),1246,B형 검토,0,0.0000
2026-02-21,토요일,10,멀뫼사거리-북 (남향),없음(NULL),,A형 가능,0,0.0000
2026-02-21,토요일,11,멀뫼사거리-동 (서향),있음(비0),362,B형 검토,0,0.0000
2026-02-21,토요일,11,멀뫼사거리-서 (동향),있음(비0),801,B형 검토,0,0.0000
2026-02-21,토요일,11,멀뫼4R-남 (북향),있음(비0),1360,B형 검토,0,0.0000
2026-02-21,토요일,11,멀뫼사거리-북 (남향),없음(NULL),,A형 가능,0,0.0000
2026-02-21,토요일,12,멀뫼사거리-동 (서향),있음(비0),355,B형 검토,0,0.0000
2026-02-21,토요일,12,멀뫼사거리-서 (동향),있음(비0),764,B형 검토,0,0.0000
2026-02-21,토요일,12,멀뫼4R-남 (북향),있음(비0),1374,B형 검토,0,0.0000
2026-02-21,토요일,12,멀뫼사거리-북 (남향),없음(NULL),,A형 가능,0,0.0000
2026-02-21,토요일,13,멀뫼사거리-동 (서향),있음(비0),339,B형 검토,0,0.0000
2026-02-21,토요일,13,멀뫼사거리-서 (동향),있음(비0),763,B형 검토,0,0.0000
2026-02-21,토요일,13,멀뫼4R-남 (북향),있음(비0),1262,B형 검토,0,0.0000
2026-02-21,토요일,13,멀뫼사거리-북 (남향),없음(NULL),,A형 가능,0,0.0000
2026-02-21,토요일,14,멀뫼사거리-동 (서향),있음(비0),340,B형 검토,0,0.0000
2026-02-21,토요일,14,멀뫼사거리-서 (동향),있음(비0),770,B형 검토,0,0.0000
2026-02-21,토요일,14,멀뫼4R-남 (북향),있음(비0),1365,B형 검토,0,0.0000
2026-02-21,토요일,14,멀뫼사거리-북 (남향),있음(비0),421,B형 검토,0,0.0000
2026-02-21,토요일,15,멀뫼사거리-동 (서향),있음(비0),304,B형 검토,0,0.0000
2026-02-21,토요일,15,멀뫼사거리-서 (동향),있음(비0),744,B형 검토,0,0.0000
2026-02-21,토요일,15,멀뫼4R-남 (북향),있음(비0),1226,B형 검토,0,0.0000
2026-02-21,토요일,15,멀뫼사거리-북 (남향),있음(비0),870,B형 검토,0,0.0000
2026-02-21,토요일,16,멀뫼사거리-동 (서향),있음(비0),298,B형 검토,0,0.0000
2026-02-21,토요일,16,멀뫼사거리-서 (동향),있음(비0),728,B형 검토,0,0.0000
2026-02-21,토요일,16,멀뫼4R-남 (북향),있음(비0),1363,B형 검토,0,0.0000
2026-02-21,토요일,16,멀뫼사거리-북 (남향),있음(비0),866,B형 검토,0,0.0000
2026-02-21,토요일,17,멀뫼사거리-동 (서향),있음(비0),337,B형 검토,0,0.0000
2026-02-21,토요일,17,멀뫼사거리-서 (동향),있음(비0),755,B형 검토,0,0.0000
2026-02-21,토요일,17,멀뫼4R-남 (북향),있음(비0),1313,B형 검토,0,0.0000
2026-02-21,토요일,17,멀뫼사거리-북 (남향),있음(비0),890,B형 검토,0,0.0000
2026-02-21,토요일,18,멀뫼사거리-동 (서향),있음(비0),277,B형 검토,0,0.0000
2026-02-21,토요일,18,멀뫼사거리-서 (동향),있음(비0),597,B형 검토,0,0.0000
2026-02-21,토요일,18,멀뫼4R-남 (북향),있음(비0),1282,B형 검토,0,0.0000
2026-02-21,토요일,18,멀뫼사거리-북 (남향),있음(비0),549,B형 검토,0,0.0000
2026-02-21,토요일,19,멀뫼사거리-동 (서향),있음(비0),205,B형 검토,0,0.0000
2026-02-21,토요일,19,멀뫼사거리-서 (동향),있음(비0),512,B형 검토,0,0.0000
2026-02-21,토요일,19,멀뫼4R-남 (북향),있음(비0),913,B형 검토,0,0.0000
2026-02-21,토요일,19,멀뫼사거리-북 (남향),없음(NULL),,A형 가능,0,0.0000
2026-02-21,토요일,20,멀뫼사거리-동 (서향),있음(비0),207,B형 검토,0,0.0000
2026-02-21,토요일,20,멀뫼사거리-서 (동향),있음(비0),392,B형 검토,0,0.0000
2026-02-21,토요일,20,멀뫼4R-남 (북향),있음(비0),763,B형 검토,0,0.0000
2026-02-21,토요일,20,멀뫼사거리-북 (남향),없음(NULL),,A형 가능,0,0.0000
2026-02-21,토요일,21,멀뫼사거리-동 (서향),있음(비0),178,B형 검토,0,0.0000
2026-02-21,토요일,21,멀뫼사거리-서 (동향),있음(비0),362,B형 검토,0,0.0000
2026-02-21,토요일,21,멀뫼4R-남 (북향),있음(비0),683,B형 검토,0,0.0000
2026-02-21,토요일,21,멀뫼사거리-북 (남향),없음(NULL),,A형 가능,0,0.0000
2026-02-21,토요일,22,멀뫼사거리-동 (서향),있음(비0),150,B형 검토,0,0.0000
2026-02-21,토요일,22,멀뫼사거리-서 (동향),있음(비0),381,B형 검토,0,0.0000
2026-02-21,토요일,22,멀뫼4R-남 (북향),있음(비0),556,B형 검토,0,0.0000
2026-02-21,토요일,22,멀뫼사거리-북 (남향),없음(NULL),,A형 가능,0,0.0000
2026-02-21,토요일,23,멀뫼사거리-동 (서향),있음(비0),142,B형 검토,0,0.0000
2026-02-21,토요일,23,멀뫼사거리-서 (동향),있음(비0),316,B형 검토,0,0.0000
2026-02-21,토요일,23,멀뫼4R-남 (북향),있음(비0),409,B형 검토,0,0.0000
2026-02-21,토요일,23,멀뫼사거리-북 (남향),없음(NULL),,A형 가능,0,0.0000
2026-02-22,일·공휴일,00,멀뫼사거리-동 (서향),있음(비0),100,B형 검토,0,0.0000
2026-02-22,일·공휴일,00,멀뫼사거리-서 (동향),있음(비0),260,B형 검토,0,0.0000
2026-02-22,일·공휴일,00,멀뫼4R-남 (북향),있음(비0),374,B형 검토,0,0.0000
2026-02-22,일·공휴일,00,멀뫼사거리-북 (남향),없음(NULL),,A형 가능,0,0.0000
2026-02-22,일·공휴일,01,멀뫼사거리-동 (서향),있음(비0),102,B형 검토,0,0.0000
2026-02-22,일·공휴일,01,멀뫼사거리-서 (동향),있음(비0),189,B형 검토,0,0.0000
2026-02-22,일·공휴일,01,멀뫼4R-남 (북향),있음(비0),267,B형 검토,0,0.0000
2026-02-22,일·공휴일,01,멀뫼사거리-북 (남향),없음(NULL),,A형 가능,0,0.0000
2026-02-22,일·공휴일,02,멀뫼사거리-동 (서향),있음(비0),104,B형 검토,0,0.0000
2026-02-22,일·공휴일,02,멀뫼사거리-서 (동향),있음(비0),190,B형 검토,0,0.0000
2026-02-22,일·공휴일,02,멀뫼4R-남 (북향),있음(비0),221,B형 검토,0,0.0000
2026-02-22,일·공휴일,02,멀뫼사거리-북 (남향),없음(NULL),,A형 가능,0,0.0000
2026-02-22,일·공휴일,03,멀뫼사거리-동 (서향),있음(비0),49,B형 검토,0,0.0000
2026-02-22,일·공휴일,03,멀뫼사거리-서 (동향),있음(비0),125,B형 검토,0,0.0000
2026-02-22,일·공휴일,03,멀뫼4R-남 (북향),있음(비0),164,B형 검토,0,0.0000
2026-02-22,일·공휴일,03,멀뫼사거리-북 (남향),없음(NULL),,A형 가능,0,0.0000
2026-02-22,일·공휴일,04,멀뫼사거리-동 (서향),있음(비0),57,B형 검토,0,0.0000
2026-02-22,일·공휴일,04,멀뫼사거리-서 (동향),있음(비0),126,B형 검토,0,0.0000
2026-02-22,일·공휴일,04,멀뫼4R-남 (북향),있음(비0),165,B형 검토,0,0.0000
2026-02-22,일·공휴일,04,멀뫼사거리-북 (남향),없음(NULL),,A형 가능,0,0.0000
2026-02-22,일·공휴일,05,멀뫼사거리-동 (서향),있음(비0),83,B형 검토,0,0.0000
2026-02-22,일·공휴일,05,멀뫼사거리-서 (동향),있음(비0),146,B형 검토,0,0.0000
2026-02-22,일·공휴일,05,멀뫼4R-남 (북향),있음(비0),286,B형 검토,0,0.0000
2026-02-22,일·공휴일,05,멀뫼사거리-북 (남향),없음(NULL),,A형 가능,0,0.0000
2026-02-22,일·공휴일,06,멀뫼사거리-동 (서향),있음(비0),96,B형 검토,0,0.0000
2026-02-22,일·공휴일,06,멀뫼사거리-서 (동향),있음(비0),213,B형 검토,0,0.0000
2026-02-22,일·공휴일,06,멀뫼4R-남 (북향),있음(비0),359,B형 검토,0,0.0000
2026-02-22,일·공휴일,06,멀뫼사거리-북 (남향),없음(NULL),,A형 가능,0,0.0000
2026-02-22,일·공휴일,07,멀뫼사거리-동 (서향),있음(비0),127,B형 검토,0,0.0000
2026-02-22,일·공휴일,07,멀뫼사거리-서 (동향),있음(비0),281,B형 검토,0,0.0000
2026-02-22,일·공휴일,07,멀뫼4R-남 (북향),있음(비0),399,B형 검토,0,0.0000
2026-02-22,일·공휴일,07,멀뫼사거리-북 (남향),없음(NULL),,A형 가능,0,0.0000
2026-02-22,일·공휴일,08,멀뫼사거리-동 (서향),있음(비0),182,B형 검토,0,0.0000
2026-02-22,일·공휴일,08,멀뫼사거리-서 (동향),있음(비0),397,B형 검토,0,0.0000
2026-02-22,일·공휴일,08,멀뫼4R-남 (북향),있음(비0),669,B형 검토,0,0.0000
2026-02-22,일·공휴일,08,멀뫼사거리-북 (남향),없음(NULL),,A형 가능,0,0.0000
2026-02-22,일·공휴일,09,멀뫼사거리-동 (서향),있음(비0),217,B형 검토,0,0.0000
2026-02-22,일·공휴일,09,멀뫼사거리-서 (동향),있음(비0),482,B형 검토,0,0.0000
2026-02-22,일·공휴일,09,멀뫼4R-남 (북향),있음(비0),908,B형 검토,0,0.0000
2026-02-22,일·공휴일,09,멀뫼사거리-북 (남향),없음(NULL),,A형 가능,0,0.0000
2026-02-22,일·공휴일,10,멀뫼사거리-동 (서향),있음(비0),292,B형 검토,0,0.1250
2026-02-22,일·공휴일,10,멀뫼사거리-서 (동향),있음(비0),557,B형 검토,0,0.1250
2026-02-22,일·공휴일,10,멀뫼4R-남 (북향),있음(비0),1084,B형 검토,0,0.1250
2026-02-22,일·공휴일,10,멀뫼사거리-북 (남향),없음(NULL),,A형 가능,0,0.1250
2026-02-22,일·공휴일,11,멀뫼사거리-동 (서향),있음(비0),270,B형 검토,0,0.1250
2026-02-22,일·공휴일,11,멀뫼사거리-서 (동향),있음(비0),554,B형 검토,0,0.1250
2026-02-22,일·공휴일,11,멀뫼4R-남 (북향),있음(비0),1039,B형 검토,0,0.1250
2026-02-22,일·공휴일,11,멀뫼사거리-북 (남향),없음(NULL),,A형 가능,0,0.1250
2026-02-22,일·공휴일,12,멀뫼사거리-동 (서향),있음(비0),290,B형 검토,0,0.0000
2026-02-22,일·공휴일,12,멀뫼사거리-서 (동향),있음(비0),685,B형 검토,0,0.0000
2026-02-22,일·공휴일,12,멀뫼4R-남 (북향),있음(비0),1078,B형 검토,0,0.0000
2026-02-22,일·공휴일,12,멀뫼사거리-북 (남향),없음(NULL),,A형 가능,0,0.0000
2026-02-22,일·공휴일,13,멀뫼사거리-동 (서향),있음(비0),330,B형 검토,0,0.0000
2026-02-22,일·공휴일,13,멀뫼사거리-서 (동향),있음(비0),673,B형 검토,0,0.0000
2026-02-22,일·공휴일,13,멀뫼4R-남 (북향),있음(비0),1215,B형 검토,0,0.0000
2026-02-22,일·공휴일,13,멀뫼사거리-북 (남향),없음(NULL),,A형 가능,0,0.0000
2026-02-22,일·공휴일,14,멀뫼사거리-동 (서향),있음(비0),274,B형 검토,0,0.0000
2026-02-22,일·공휴일,14,멀뫼사거리-서 (동향),있음(비0),625,B형 검토,0,0.0000
2026-02-22,일·공휴일,14,멀뫼4R-남 (북향),있음(비0),1195,B형 검토,0,0.0000
2026-02-22,일·공휴일,14,멀뫼사거리-북 (남향),없음(NULL),,A형 가능,0,0.0000
2026-02-22,일·공휴일,15,멀뫼사거리-동 (서향),있음(비0),279,B형 검토,0,0.0000
2026-02-22,일·공휴일,15,멀뫼사거리-서 (동향),있음(비0),645,B형 검토,0,0.0000
2026-02-22,일·공휴일,15,멀뫼4R-남 (북향),있음(비0),1128,B형 검토,0,0.0000
2026-02-22,일·공휴일,15,멀뫼사거리-북 (남향),없음(NULL),,A형 가능,0,0.0000
2026-02-22,일·공휴일,16,멀뫼사거리-동 (서향),있음(비0),291,B형 검토,0,0.0000
2026-02-22,일·공휴일,16,멀뫼사거리-서 (동향),있음(비0),632,B형 검토,0,0.0000
2026-02-22,일·공휴일,16,멀뫼4R-남 (북향),있음(비0),1132,B형 검토,0,0.0000
2026-02-22,일·공휴일,16,멀뫼사거리-북 (남향),없음(NULL),,A형 가능,0,0.0000
2026-02-22,일·공휴일,17,멀뫼사거리-동 (서향),있음(비0),274,B형 검토,0,0.0000
2026-02-22,일·공휴일,17,멀뫼사거리-서 (동향),있음(비0),544,B형 검토,0,0.0000
2026-02-22,일·공휴일,17,멀뫼4R-남 (북향),있음(비0),1043,B형 검토,0,0.0000
2026-02-22,일·공휴일,17,멀뫼사거리-북 (남향),없음(NULL),,A형 가능,0,0.0000
2026-02-22,일·공휴일,18,멀뫼사거리-동 (서향),있음(비0),269,B형 검토,0,0.0000
2026-02-22,일·공휴일,18,멀뫼사거리-서 (동향),있음(비0),578,B형 검토,0,0.0000
2026-02-22,일·공휴일,18,멀뫼4R-남 (북향),있음(비0),920,B형 검토,0,0.0000
2026-02-22,일·공휴일,18,멀뫼사거리-북 (남향),없음(NULL),,A형 가능,0,0.0000
2026-02-22,일·공휴일,19,멀뫼사거리-동 (서향),있음(비0),178,B형 검토,0,0.0000
2026-02-22,일·공휴일,19,멀뫼사거리-서 (동향),있음(비0),449,B형 검토,0,0.0000
2026-02-22,일·공휴일,19,멀뫼4R-남 (북향),있음(비0),794,B형 검토,0,0.0000
2026-02-22,일·공휴일,19,멀뫼사거리-북 (남향),없음(NULL),,A형 가능,0,0.0000
2026-02-22,일·공휴일,20,멀뫼사거리-동 (서향),있음(비0),195,B형 검토,0,0.0000
2026-02-22,일·공휴일,20,멀뫼사거리-서 (동향),있음(비0),390,B형 검토,0,0.0000
2026-02-22,일·공휴일,20,멀뫼4R-남 (북향),있음(비0),694,B형 검토,0,0.0000
2026-02-22,일·공휴일,20,멀뫼사거리-북 (남향),없음(NULL),,A형 가능,0,0.0000
2026-02-22,일·공휴일,21,멀뫼사거리-동 (서향),있음(비0),167,B형 검토,0,0.0000
2026-02-22,일·공휴일,21,멀뫼사거리-서 (동향),있음(비0),329,B형 검토,0,0.0000
2026-02-22,일·공휴일,21,멀뫼4R-남 (북향),있음(비0),619,B형 검토,0,0.0000
2026-02-22,일·공휴일,21,멀뫼사거리-북 (남향),없음(NULL),,A형 가능,0,0.0000
2026-02-22,일·공휴일,22,멀뫼사거리-동 (서향),있음(비0),124,B형 검토,0,0.0000
2026-02-22,일·공휴일,22,멀뫼사거리-서 (동향),있음(비0),284,B형 검토,0,0.0000
2026-02-22,일·공휴일,22,멀뫼4R-남 (북향),있음(비0),443,B형 검토,0,0.0000
2026-02-22,일·공휴일,22,멀뫼사거리-북 (남향),없음(NULL),,A형 가능,0,0.0000
2026-02-22,일·공휴일,23,멀뫼사거리-동 (서향),있음(비0),107,B형 검토,0,0.0000
2026-02-22,일·공휴일,23,멀뫼사거리-서 (동향),있음(비0),225,B형 검토,0,0.0000
2026-02-22,일·공휴일,23,멀뫼4R-남 (북향),있음(비0),318,B형 검토,0,0.0000
2026-02-22,일·공휴일,23,멀뫼사거리-북 (남향),없음(NULL),,A형 가능,0,0.0000
2026-02-23,평일,00,멀뫼사거리-동 (서향),있음(비0),93,B형 검토,0,0.1951
2026-02-23,평일,00,멀뫼사거리-서 (동향),있음(비0),166,B형 검토,0,0.1951
2026-02-23,평일,00,멀뫼4R-남 (북향),있음(비0),246,B형 검토,0,0.1951
2026-02-23,평일,00,멀뫼사거리-북 (남향),없음(NULL),,A형 가능,0,0.1951
2026-02-23,평일,01,멀뫼사거리-동 (서향),있음(비0),75,B형 검토,0,0.1951
2026-02-23,평일,01,멀뫼사거리-서 (동향),있음(비0),144,B형 검토,0,0.1951
2026-02-23,평일,01,멀뫼4R-남 (북향),있음(비0),159,B형 검토,0,0.1951
2026-02-23,평일,01,멀뫼사거리-북 (남향),없음(NULL),,A형 가능,0,0.1951
2026-02-23,평일,02,멀뫼사거리-동 (서향),있음(비0),64,B형 검토,0,0.1951
2026-02-23,평일,02,멀뫼사거리-서 (동향),있음(비0),112,B형 검토,0,0.1951
2026-02-23,평일,02,멀뫼4R-남 (북향),있음(비0),132,B형 검토,0,0.1951
2026-02-23,평일,02,멀뫼사거리-북 (남향),없음(NULL),,A형 가능,0,0.1951
2026-02-23,평일,03,멀뫼사거리-동 (서향),있음(비0),41,B형 검토,0,0.1951
2026-02-23,평일,03,멀뫼사거리-서 (동향),있음(비0),88,B형 검토,0,0.1951
2026-02-23,평일,03,멀뫼4R-남 (북향),있음(비0),138,B형 검토,0,0.1951
2026-02-23,평일,03,멀뫼사거리-북 (남향),없음(NULL),,A형 가능,0,0.1951
2026-02-23,평일,04,멀뫼사거리-동 (서향),있음(비0),79,B형 검토,0,0.2195
2026-02-23,평일,04,멀뫼사거리-서 (동향),있음(비0),223,B형 검토,0,0.2195
2026-02-23,평일,04,멀뫼4R-남 (북향),있음(비0),235,B형 검토,0,0.2195
2026-02-23,평일,04,멀뫼사거리-북 (남향),없음(NULL),,B형,0,0.2195
2026-02-23,평일,05,멀뫼사거리-동 (서향),있음(비0),130,B형 검토,0,0.2195
2026-02-23,평일,05,멀뫼사거리-서 (동향),있음(비0),364,B형 검토,0,0.2195
2026-02-23,평일,05,멀뫼4R-남 (북향),있음(비0),582,B형 검토,0,0.2195
2026-02-23,평일,05,멀뫼사거리-북 (남향),없음(NULL),,B형,0,0.2195
2026-02-23,평일,06,멀뫼사거리-동 (서향),있음(비0),226,B형 검토,0,0.2195
2026-02-23,평일,06,멀뫼사거리-서 (동향),있음(비0),518,B형 검토,0,0.2195
2026-02-23,평일,06,멀뫼4R-남 (북향),있음(비0),1046,B형 검토,0,0.2195
2026-02-23,평일,06,멀뫼사거리-북 (남향),없음(NULL),,B형,0,0.2195
2026-02-23,평일,07,멀뫼사거리-동 (서향),있음(비0),333,B형 검토,0,0.2195
2026-02-23,평일,07,멀뫼사거리-서 (동향),있음(비0),713,B형 검토,0,0.2195
2026-02-23,평일,07,멀뫼4R-남 (북향),있음(비0),1725,B형 검토,0,0.2195
2026-02-23,평일,07,멀뫼사거리-북 (남향),없음(NULL),,B형,0,0.2195
2026-02-23,평일,08,멀뫼사거리-동 (서향),있음(비0),442,B형 검토,0,0.2195
2026-02-23,평일,08,멀뫼사거리-서 (동향),있음(비0),836,B형 검토,0,0.2195
2026-02-23,평일,08,멀뫼4R-남 (북향),있음(비0),1817,B형 검토,0,0.2195
2026-02-23,평일,08,멀뫼사거리-북 (남향),없음(NULL),,B형,0,0.2195
2026-02-23,평일,09,멀뫼사거리-동 (서향),있음(비0),386,B형 검토,0,0.2439
2026-02-23,평일,09,멀뫼사거리-서 (동향),있음(비0),709,B형 검토,0,0.2439
2026-02-23,평일,09,멀뫼4R-남 (북향),있음(비0),1412,B형 검토,0,0.2439
2026-02-23,평일,09,멀뫼사거리-북 (남향),없음(NULL),,B형,0,0.2439
2026-02-23,평일,10,멀뫼사거리-동 (서향),있음(비0),393,B형 검토,0,0.2439
2026-02-23,평일,10,멀뫼사거리-서 (동향),있음(비0),736,B형 검토,0,0.2439
2026-02-23,평일,10,멀뫼4R-남 (북향),있음(비0),1253,B형 검토,0,0.2439
2026-02-23,평일,10,멀뫼사거리-북 (남향),없음(NULL),,B형,0,0.2439
2026-02-23,평일,11,멀뫼사거리-동 (서향),있음(비0),325,B형 검토,0,0.2439
2026-02-23,평일,11,멀뫼사거리-서 (동향),있음(비0),756,B형 검토,0,0.2439
2026-02-23,평일,11,멀뫼4R-남 (북향),있음(비0),1246,B형 검토,0,0.2439
2026-02-23,평일,11,멀뫼사거리-북 (남향),없음(NULL),,B형,0,0.2439
2026-02-23,평일,12,멀뫼사거리-동 (서향),있음(비0),316,B형 검토,0,0.2195
2026-02-23,평일,12,멀뫼사거리-서 (동향),있음(비0),739,B형 검토,0,0.2195
2026-02-23,평일,12,멀뫼4R-남 (북향),있음(비0),1177,B형 검토,0,0.2195
2026-02-23,평일,12,멀뫼사거리-북 (남향),없음(NULL),,B형,0,0.2195
2026-02-23,평일,13,멀뫼사거리-동 (서향),있음(비0),308,B형 검토,0,0.2195
2026-02-23,평일,13,멀뫼사거리-서 (동향),있음(비0),697,B형 검토,0,0.2195
2026-02-23,평일,13,멀뫼4R-남 (북향),있음(비0),1288,B형 검토,0,0.2195
2026-02-23,평일,13,멀뫼사거리-북 (남향),없음(NULL),,B형,0,0.2195
2026-02-23,평일,14,멀뫼사거리-동 (서향),있음(비0),328,B형 검토,0,0.2195
2026-02-23,평일,14,멀뫼사거리-서 (동향),있음(비0),765,B형 검토,0,0.2195
2026-02-23,평일,14,멀뫼4R-남 (북향),있음(비0),1291,B형 검토,0,0.2195
2026-02-23,평일,14,멀뫼사거리-북 (남향),없음(NULL),,B형,0,0.2195
2026-02-23,평일,15,멀뫼사거리-동 (서향),있음(비0),380,B형 검토,0,0.1951
2026-02-23,평일,15,멀뫼사거리-서 (동향),있음(비0),780,B형 검토,0,0.1951
2026-02-23,평일,15,멀뫼4R-남 (북향),있음(비0),1291,B형 검토,0,0.1951
2026-02-23,평일,15,멀뫼사거리-북 (남향),없음(NULL),,A형 가능,0,0.1951
2026-02-23,평일,16,멀뫼사거리-동 (서향),있음(비0),380,B형 검토,0,0.2195
2026-02-23,평일,16,멀뫼사거리-서 (동향),있음(비0),844,B형 검토,0,0.2195
2026-02-23,평일,16,멀뫼4R-남 (북향),있음(비0),1338,B형 검토,0,0.2195
2026-02-23,평일,16,멀뫼사거리-북 (남향),없음(NULL),,B형,0,0.2195
2026-02-23,평일,17,멀뫼사거리-동 (서향),있음(비0),453,B형 검토,0,0.2683
2026-02-23,평일,17,멀뫼사거리-서 (동향),있음(비0),754,B형 검토,0,0.2683
2026-02-23,평일,17,멀뫼4R-남 (북향),있음(비0),1448,B형 검토,0,0.2683
2026-02-23,평일,17,멀뫼사거리-북 (남향),없음(NULL),,B형,0,0.2683
2026-02-23,평일,18,멀뫼사거리-동 (서향),있음(비0),457,B형 검토,0,0.2683
2026-02-23,평일,18,멀뫼사거리-서 (동향),있음(비0),716,B형 검토,0,0.2683
2026-02-23,평일,18,멀뫼4R-남 (북향),있음(비0),1371,B형 검토,0,0.2683
2026-02-23,평일,18,멀뫼사거리-북 (남향),없음(NULL),,B형,0,0.2683
2026-02-23,평일,19,멀뫼사거리-동 (서향),있음(비0),257,B형 검토,0,0.2683
2026-02-23,평일,19,멀뫼사거리-서 (동향),있음(비0),504,B형 검토,0,0.2683
2026-02-23,평일,19,멀뫼4R-남 (북향),있음(비0),1223,B형 검토,0,0.2683
2026-02-23,평일,19,멀뫼사거리-북 (남향),없음(NULL),,B형,0,0.2683
2026-02-23,평일,20,멀뫼사거리-동 (서향),있음(비0),197,B형 검토,0,0.2683
2026-02-23,평일,20,멀뫼사거리-서 (동향),있음(비0),444,B형 검토,0,0.2683
2026-02-23,평일,20,멀뫼4R-남 (북향),있음(비0),902,B형 검토,0,0.2683
2026-02-23,평일,20,멀뫼사거리-북 (남향),없음(NULL),,B형,0,0.2683
2026-02-23,평일,21,멀뫼사거리-동 (서향),있음(비0),195,B형 검토,0,0.2683
2026-02-23,평일,21,멀뫼사거리-서 (동향),있음(비0),363,B형 검토,0,0.2683
2026-02-23,평일,21,멀뫼4R-남 (북향),있음(비0),696,B형 검토,0,0.2683
2026-02-23,평일,21,멀뫼사거리-북 (남향),없음(NULL),,B형,0,0.2683
2026-02-23,평일,22,멀뫼사거리-동 (서향),있음(비0),131,B형 검토,0,0.2927
2026-02-23,평일,22,멀뫼사거리-서 (동향),있음(비0),345,B형 검토,0,0.2927
2026-02-23,평일,22,멀뫼4R-남 (북향),있음(비0),476,B형 검토,0,0.2927
2026-02-23,평일,22,멀뫼사거리-북 (남향),없음(NULL),,B형,0,0.2927
2026-02-23,평일,23,멀뫼사거리-동 (서향),있음(비0),109,B형 검토,0,0.2927
2026-02-23,평일,23,멀뫼사거리-서 (동향),있음(비0),292,B형 검토,0,0.2927
2026-02-23,평일,23,멀뫼4R-남 (북향),있음(비0),364,B형 검토,0,0.2927
2026-02-23,평일,23,멀뫼사거리-북 (남향),없음(NULL),,B형,0,0.2927
2026-02-24,평일,00,멀뫼사거리-동 (서향),있음(비0),88,B형 검토,0,0.1951
2026-02-24,평일,00,멀뫼사거리-서 (동향),있음(비0),166,B형 검토,0,0.1951
2026-02-24,평일,00,멀뫼4R-남 (북향),있음(비0),277,B형 검토,0,0.1951
2026-02-24,평일,00,멀뫼사거리-북 (남향),없음(NULL),,A형 가능,0,0.1951
2026-02-24,평일,01,멀뫼사거리-동 (서향),있음(비0),79,B형 검토,0,0.1951
2026-02-24,평일,01,멀뫼사거리-서 (동향),있음(비0),162,B형 검토,0,0.1951
2026-02-24,평일,01,멀뫼4R-남 (북향),있음(비0),185,B형 검토,0,0.1951
2026-02-24,평일,01,멀뫼사거리-북 (남향),없음(NULL),,A형 가능,0,0.1951
2026-02-24,평일,02,멀뫼사거리-동 (서향),있음(비0),72,B형 검토,0,0.1951
2026-02-24,평일,02,멀뫼사거리-서 (동향),있음(비0),113,B형 검토,0,0.1951
2026-02-24,평일,02,멀뫼4R-남 (북향),있음(비0),164,B형 검토,0,0.1951
2026-02-24,평일,02,멀뫼사거리-북 (남향),없음(NULL),,A형 가능,0,0.1951
2026-02-24,평일,03,멀뫼사거리-동 (서향),있음(비0),50,B형 검토,0,0.1951
2026-02-24,평일,03,멀뫼사거리-서 (동향),있음(비0),106,B형 검토,0,0.1951
2026-02-24,평일,03,멀뫼4R-남 (북향),있음(비0),145,B형 검토,0,0.1951
2026-02-24,평일,03,멀뫼사거리-북 (남향),없음(NULL),,A형 가능,0,0.1951
2026-02-24,평일,04,멀뫼사거리-동 (서향),있음(비0),72,B형 검토,0,0.2195
2026-02-24,평일,04,멀뫼사거리-서 (동향),있음(비0),204,B형 검토,0,0.2195
2026-02-24,평일,04,멀뫼4R-남 (북향),있음(비0),251,B형 검토,0,0.2195
2026-02-24,평일,04,멀뫼사거리-북 (남향),없음(NULL),,B형,0,0.2195
2026-02-24,평일,05,멀뫼사거리-동 (서향),있음(비0),146,B형 검토,0,0.2195
2026-02-24,평일,05,멀뫼사거리-서 (동향),있음(비0),342,B형 검토,0,0.2195
2026-02-24,평일,05,멀뫼4R-남 (북향),있음(비0),609,B형 검토,0,0.2195
2026-02-24,평일,05,멀뫼사거리-북 (남향),없음(NULL),,B형,0,0.2195
2026-02-24,평일,06,멀뫼사거리-동 (서향),있음(비0),188,B형 검토,0,0.2195
2026-02-24,평일,06,멀뫼사거리-서 (동향),있음(비0),518,B형 검토,0,0.2195
2026-02-24,평일,06,멀뫼4R-남 (북향),있음(비0),1001,B형 검토,0,0.2195
2026-02-24,평일,06,멀뫼사거리-북 (남향),없음(NULL),,B형,0,0.2195
2026-02-24,평일,07,멀뫼사거리-동 (서향),있음(비0),307,B형 검토,0,0.2195
2026-02-24,평일,07,멀뫼사거리-서 (동향),있음(비0),678,B형 검토,0,0.2195
2026-02-24,평일,07,멀뫼4R-남 (북향),있음(비0),1668,B형 검토,0,0.2195
2026-02-24,평일,07,멀뫼사거리-북 (남향),없음(NULL),,B형,0,0.2195
2026-02-24,평일,08,멀뫼사거리-동 (서향),있음(비0),445,B형 검토,0,0.2195
2026-02-24,평일,08,멀뫼사거리-서 (동향),있음(비0),797,B형 검토,0,0.2195
2026-02-24,평일,08,멀뫼4R-남 (북향),있음(비0),1802,B형 검토,0,0.2195
2026-02-24,평일,08,멀뫼사거리-북 (남향),없음(NULL),,B형,0,0.2195
2026-02-24,평일,09,멀뫼사거리-동 (서향),있음(비0),357,B형 검토,0,0.2439
2026-02-24,평일,09,멀뫼사거리-서 (동향),있음(비0),747,B형 검토,0,0.2439
2026-02-24,평일,09,멀뫼4R-남 (북향),있음(비0),1478,B형 검토,0,0.2439
2026-02-24,평일,09,멀뫼사거리-북 (남향),없음(NULL),,B형,0,0.2439
2026-02-24,평일,10,멀뫼사거리-동 (서향),있음(비0),333,B형 검토,0,0.2439
2026-02-24,평일,10,멀뫼사거리-서 (동향),있음(비0),738,B형 검토,0,0.2439
2026-02-24,평일,10,멀뫼4R-남 (북향),있음(비0),1325,B형 검토,0,0.2439
2026-02-24,평일,10,멀뫼사거리-북 (남향),없음(NULL),,B형,0,0.2439
2026-02-24,평일,11,멀뫼사거리-동 (서향),있음(비0),316,B형 검토,0,0.2439
2026-02-24,평일,11,멀뫼사거리-서 (동향),있음(비0),747,B형 검토,0,0.2439
2026-02-24,평일,11,멀뫼4R-남 (북향),있음(비0),1244,B형 검토,0,0.2439
2026-02-24,평일,11,멀뫼사거리-북 (남향),없음(NULL),,B형,0,0.2439
2026-02-24,평일,12,멀뫼사거리-동 (서향),있음(비0),265,B형 검토,0,0.2195
2026-02-24,평일,12,멀뫼사거리-서 (동향),있음(비0),725,B형 검토,0,0.2195
2026-02-24,평일,12,멀뫼4R-남 (북향),있음(비0),1176,B형 검토,0,0.2195
2026-02-24,평일,12,멀뫼사거리-북 (남향),없음(NULL),,B형,0,0.2195
2026-02-24,평일,13,멀뫼사거리-동 (서향),있음(비0),360,B형 검토,0,0.2195
2026-02-24,평일,13,멀뫼사거리-서 (동향),있음(비0),773,B형 검토,0,0.2195
2026-02-24,평일,13,멀뫼4R-남 (북향),있음(비0),1246,B형 검토,0,0.2195
2026-02-24,평일,13,멀뫼사거리-북 (남향),없음(NULL),,B형,0,0.2195
2026-02-24,평일,14,멀뫼사거리-동 (서향),있음(비0),302,B형 검토,0,0.2195
2026-02-24,평일,14,멀뫼사거리-서 (동향),있음(비0),747,B형 검토,0,0.2195
2026-02-24,평일,14,멀뫼4R-남 (북향),있음(비0),1280,B형 검토,0,0.2195
2026-02-24,평일,14,멀뫼사거리-북 (남향),없음(NULL),,B형,0,0.2195
2026-02-24,평일,15,멀뫼사거리-동 (서향),있음(비0),351,B형 검토,0,0.1951
2026-02-24,평일,15,멀뫼사거리-서 (동향),있음(비0),760,B형 검토,0,0.1951
2026-02-24,평일,15,멀뫼4R-남 (북향),있음(비0),1240,B형 검토,0,0.1951
2026-02-24,평일,15,멀뫼사거리-북 (남향),없음(NULL),,A형 가능,0,0.1951
2026-02-24,평일,16,멀뫼사거리-동 (서향),있음(비0),334,B형 검토,0,0.2195
2026-02-24,평일,16,멀뫼사거리-서 (동향),있음(비0),825,B형 검토,0,0.2195
2026-02-24,평일,16,멀뫼4R-남 (북향),있음(비0),1378,B형 검토,0,0.2195
2026-02-24,평일,16,멀뫼사거리-북 (남향),없음(NULL),,B형,0,0.2195
2026-02-24,평일,17,멀뫼사거리-동 (서향),있음(비0),484,B형 검토,0,0.2683
2026-02-24,평일,17,멀뫼사거리-서 (동향),있음(비0),726,B형 검토,0,0.2683
2026-02-24,평일,17,멀뫼4R-남 (북향),있음(비0),1446,B형 검토,0,0.2683
2026-02-24,평일,17,멀뫼사거리-북 (남향),없음(NULL),,B형,0,0.2683
2026-02-24,평일,18,멀뫼사거리-동 (서향),있음(비0),447,B형 검토,0,0.2683
2026-02-24,평일,18,멀뫼사거리-서 (동향),있음(비0),670,B형 검토,0,0.2683
2026-02-24,평일,18,멀뫼4R-남 (북향),있음(비0),1389,B형 검토,0,0.2683
2026-02-24,평일,18,멀뫼사거리-북 (남향),없음(NULL),,B형,0,0.2683
2026-02-24,평일,19,멀뫼사거리-동 (서향),있음(비0),246,B형 검토,0,0.2683
2026-02-24,평일,19,멀뫼사거리-서 (동향),있음(비0),519,B형 검토,0,0.2683
2026-02-24,평일,19,멀뫼4R-남 (북향),있음(비0),1218,B형 검토,0,0.2683
2026-02-24,평일,19,멀뫼사거리-북 (남향),없음(NULL),,B형,0,0.2683
2026-02-24,평일,20,멀뫼사거리-동 (서향),있음(비0),225,B형 검토,0,0.2683
2026-02-24,평일,20,멀뫼사거리-서 (동향),있음(비0),436,B형 검토,0,0.2683
2026-02-24,평일,20,멀뫼4R-남 (북향),있음(비0),883,B형 검토,0,0.2683
2026-02-24,평일,20,멀뫼사거리-북 (남향),없음(NULL),,B형,0,0.2683
2026-02-24,평일,21,멀뫼사거리-동 (서향),있음(비0),181,B형 검토,0,0.2683
2026-02-24,평일,21,멀뫼사거리-서 (동향),있음(비0),413,B형 검토,0,0.2683
2026-02-24,평일,21,멀뫼4R-남 (북향),있음(비0),755,B형 검토,0,0.2683
2026-02-24,평일,21,멀뫼사거리-북 (남향),없음(NULL),,B형,0,0.2683
2026-02-24,평일,22,멀뫼사거리-동 (서향),있음(비0),126,B형 검토,0,0.2927
2026-02-24,평일,22,멀뫼사거리-서 (동향),있음(비0),338,B형 검토,0,0.2927
2026-02-24,평일,22,멀뫼4R-남 (북향),있음(비0),574,B형 검토,0,0.2927
2026-02-24,평일,22,멀뫼사거리-북 (남향),없음(NULL),,B형,0,0.2927
2026-02-24,평일,23,멀뫼사거리-동 (서향),있음(비0),140,B형 검토,0,0.2927
2026-02-24,평일,23,멀뫼사거리-서 (동향),있음(비0),289,B형 검토,0,0.2927
2026-02-24,평일,23,멀뫼4R-남 (북향),있음(비0),375,B형 검토,0,0.2927
2026-02-24,평일,23,멀뫼사거리-북 (남향),없음(NULL),,B형,0,0.2927
2026-02-25,평일,00,멀뫼사거리-동 (서향),있음(비0),92,B형 검토,0,0.1951
2026-02-25,평일,00,멀뫼사거리-서 (동향),있음(비0),222,B형 검토,0,0.1951
2026-02-25,평일,00,멀뫼4R-남 (북향),있음(비0),302,B형 검토,0,0.1951
2026-02-25,평일,00,멀뫼사거리-북 (남향),없음(NULL),,A형 가능,0,0.1951
2026-02-25,평일,01,멀뫼사거리-동 (서향),있음(비0),81,B형 검토,0,0.1951
2026-02-25,평일,01,멀뫼사거리-서 (동향),있음(비0),171,B형 검토,0,0.1951
2026-02-25,평일,01,멀뫼4R-남 (북향),있음(비0),204,B형 검토,0,0.1951
2026-02-25,평일,01,멀뫼사거리-북 (남향),없음(NULL),,A형 가능,0,0.1951
2026-02-25,평일,02,멀뫼사거리-동 (서향),있음(비0),70,B형 검토,0,0.1951
2026-02-25,평일,02,멀뫼사거리-서 (동향),있음(비0),118,B형 검토,0,0.1951
2026-02-25,평일,02,멀뫼4R-남 (북향),있음(비0),149,B형 검토,0,0.1951
2026-02-25,평일,02,멀뫼사거리-북 (남향),없음(NULL),,A형 가능,0,0.1951
2026-02-25,평일,03,멀뫼사거리-동 (서향),있음(비0),50,B형 검토,0,0.1951
2026-02-25,평일,03,멀뫼사거리-서 (동향),있음(비0),109,B형 검토,0,0.1951
2026-02-25,평일,03,멀뫼4R-남 (북향),있음(비0),131,B형 검토,0,0.1951
2026-02-25,평일,03,멀뫼사거리-북 (남향),없음(NULL),,A형 가능,0,0.1951
2026-02-25,평일,04,멀뫼사거리-동 (서향),있음(비0),96,B형 검토,0,0.2195
2026-02-25,평일,04,멀뫼사거리-서 (동향),있음(비0),192,B형 검토,0,0.2195
2026-02-25,평일,04,멀뫼4R-남 (북향),있음(비0),251,B형 검토,0,0.2195
2026-02-25,평일,04,멀뫼사거리-북 (남향),없음(NULL),,B형,0,0.2195
2026-02-25,평일,05,멀뫼사거리-동 (서향),있음(비0),160,B형 검토,0,0.2195
2026-02-25,평일,05,멀뫼사거리-서 (동향),있음(비0),340,B형 검토,0,0.2195
2026-02-25,평일,05,멀뫼4R-남 (북향),있음(비0),586,B형 검토,0,0.2195
2026-02-25,평일,05,멀뫼사거리-북 (남향),없음(NULL),,B형,0,0.2195
2026-02-25,평일,06,멀뫼사거리-동 (서향),있음(비0),223,B형 검토,0,0.2195
2026-02-25,평일,06,멀뫼사거리-서 (동향),있음(비0),460,B형 검토,0,0.2195
2026-02-25,평일,06,멀뫼4R-남 (북향),있음(비0),976,B형 검토,0,0.2195
2026-02-25,평일,06,멀뫼사거리-북 (남향),없음(NULL),,B형,0,0.2195
2026-02-25,평일,07,멀뫼사거리-동 (서향),있음(비0),274,B형 검토,0,0.2195
2026-02-25,평일,07,멀뫼사거리-서 (동향),있음(비0),701,B형 검토,0,0.2195
2026-02-25,평일,07,멀뫼4R-남 (북향),있음(비0),1680,B형 검토,0,0.2195
2026-02-25,평일,07,멀뫼사거리-북 (남향),없음(NULL),,B형,0,0.2195
2026-02-25,평일,08,멀뫼사거리-동 (서향),있음(비0),436,B형 검토,0,0.2195
2026-02-25,평일,08,멀뫼사거리-서 (동향),있음(비0),813,B형 검토,0,0.2195
2026-02-25,평일,08,멀뫼4R-남 (북향),있음(비0),1792,B형 검토,0,0.2195
2026-02-25,평일,08,멀뫼사거리-북 (남향),없음(NULL),,B형,0,0.2195
2026-02-25,평일,09,멀뫼사거리-동 (서향),있음(비0),346,B형 검토,0,0.2439
2026-02-25,평일,09,멀뫼사거리-서 (동향),있음(비0),764,B형 검토,0,0.2439
2026-02-25,평일,09,멀뫼4R-남 (북향),있음(비0),1471,B형 검토,0,0.2439
2026-02-25,평일,09,멀뫼사거리-북 (남향),없음(NULL),,B형,0,0.2439
2026-02-25,평일,10,멀뫼사거리-동 (서향),있음(비0),307,B형 검토,0,0.2439
2026-02-25,평일,10,멀뫼사거리-서 (동향),있음(비0),729,B형 검토,0,0.2439
2026-02-25,평일,10,멀뫼4R-남 (북향),있음(비0),1290,B형 검토,0,0.2439
2026-02-25,평일,10,멀뫼사거리-북 (남향),없음(NULL),,B형,0,0.2439
2026-02-25,평일,11,멀뫼사거리-동 (서향),있음(비0),313,B형 검토,0,0.2439
2026-02-25,평일,11,멀뫼사거리-서 (동향),있음(비0),686,B형 검토,0,0.2439
2026-02-25,평일,11,멀뫼4R-남 (북향),있음(비0),1232,B형 검토,0,0.2439
2026-02-25,평일,11,멀뫼사거리-북 (남향),없음(NULL),,B형,0,0.2439
2026-02-25,평일,12,멀뫼사거리-동 (서향),있음(비0),279,B형 검토,0,0.2195
2026-02-25,평일,12,멀뫼사거리-서 (동향),있음(비0),698,B형 검토,0,0.2195
2026-02-25,평일,12,멀뫼4R-남 (북향),있음(비0),1196,B형 검토,0,0.2195
2026-02-25,평일,12,멀뫼사거리-북 (남향),없음(NULL),,B형,0,0.2195
2026-02-25,평일,13,멀뫼사거리-동 (서향),있음(비0),334,B형 검토,0,0.2195
2026-02-25,평일,13,멀뫼사거리-서 (동향),있음(비0),680,B형 검토,0,0.2195
2026-02-25,평일,13,멀뫼4R-남 (북향),있음(비0),1269,B형 검토,0,0.2195
2026-02-25,평일,13,멀뫼사거리-북 (남향),없음(NULL),,B형,0,0.2195
2026-02-25,평일,14,멀뫼사거리-동 (서향),있음(비0),299,B형 검토,0,0.2195
2026-02-25,평일,14,멀뫼사거리-서 (동향),있음(비0),764,B형 검토,0,0.2195
2026-02-25,평일,14,멀뫼4R-남 (북향),있음(비0),1299,B형 검토,0,0.2195
2026-02-25,평일,14,멀뫼사거리-북 (남향),없음(NULL),,B형,0,0.2195
2026-02-25,평일,15,멀뫼사거리-동 (서향),있음(비0),338,B형 검토,0,0.1951
2026-02-25,평일,15,멀뫼사거리-서 (동향),있음(비0),820,B형 검토,0,0.1951
2026-02-25,평일,15,멀뫼4R-남 (북향),있음(비0),1302,B형 검토,0,0.1951
2026-02-25,평일,15,멀뫼사거리-북 (남향),없음(NULL),,A형 가능,0,0.1951
2026-02-25,평일,16,멀뫼사거리-동 (서향),있음(비0),378,B형 검토,0,0.2195
2026-02-25,평일,16,멀뫼사거리-서 (동향),있음(비0),815,B형 검토,0,0.2195
2026-02-25,평일,16,멀뫼4R-남 (북향),있음(비0),1340,B형 검토,0,0.2195
2026-02-25,평일,16,멀뫼사거리-북 (남향),있음(비0),126,B형 검토,0,0.2195
2026-02-25,평일,17,멀뫼사거리-동 (서향),있음(비0),428,B형 검토,0,0.2683
2026-02-25,평일,17,멀뫼사거리-서 (동향),있음(비0),724,B형 검토,0,0.2683
2026-02-25,평일,17,멀뫼4R-남 (북향),있음(비0),1469,B형 검토,0,0.2683
2026-02-25,평일,17,멀뫼사거리-북 (남향),있음(비0),868,B형 검토,0,0.2683
2026-02-25,평일,18,멀뫼사거리-동 (서향),있음(비0),464,B형 검토,0,0.2683
2026-02-25,평일,18,멀뫼사거리-서 (동향),있음(비0),723,B형 검토,0,0.2683
2026-02-25,평일,18,멀뫼4R-남 (북향),있음(비0),1385,B형 검토,0,0.2683
2026-02-25,평일,18,멀뫼사거리-북 (남향),있음(비0),833,B형 검토,0,0.2683
2026-02-25,평일,19,멀뫼사거리-동 (서향),있음(비0),244,B형 검토,0,0.2683
2026-02-25,평일,19,멀뫼사거리-서 (동향),있음(비0),566,B형 검토,0,0.2683
2026-02-25,평일,19,멀뫼4R-남 (북향),있음(비0),1311,B형 검토,0,0.2683
2026-02-25,평일,19,멀뫼사거리-북 (남향),있음(비0),39,B형 검토,0,0.2683
2026-02-25,평일,20,멀뫼사거리-동 (서향),있음(비0),240,B형 검토,0,0.2683
2026-02-25,평일,20,멀뫼사거리-서 (동향),있음(비0),473,B형 검토,0,0.2683
2026-02-25,평일,20,멀뫼4R-남 (북향),있음(비0),1047,B형 검토,0,0.2683
2026-02-25,평일,20,멀뫼사거리-북 (남향),없음(NULL),,B형,0,0.2683
2026-02-25,평일,21,멀뫼사거리-동 (서향),있음(비0),176,B형 검토,0,0.2683
2026-02-25,평일,21,멀뫼사거리-서 (동향),있음(비0),424,B형 검토,0,0.2683
2026-02-25,평일,21,멀뫼4R-남 (북향),있음(비0),815,B형 검토,0,0.2683
2026-02-25,평일,21,멀뫼사거리-북 (남향),없음(NULL),,B형,0,0.2683
2026-02-25,평일,22,멀뫼사거리-동 (서향),있음(비0),163,B형 검토,0,0.2927
2026-02-25,평일,22,멀뫼사거리-서 (동향),있음(비0),346,B형 검토,0,0.2927
2026-02-25,평일,22,멀뫼4R-남 (북향),있음(비0),575,B형 검토,0,0.2927
2026-02-25,평일,22,멀뫼사거리-북 (남향),없음(NULL),,B형,0,0.2927
2026-02-25,평일,23,멀뫼사거리-동 (서향),있음(비0),124,B형 검토,0,0.2927
2026-02-25,평일,23,멀뫼사거리-서 (동향),있음(비0),274,B형 검토,0,0.2927
2026-02-25,평일,23,멀뫼4R-남 (북향),있음(비0),416,B형 검토,0,0.2927
2026-02-25,평일,23,멀뫼사거리-북 (남향),없음(NULL),,B형,0,0.2927
2026-02-26,평일,00,멀뫼사거리-동 (서향),있음(비0),103,B형 검토,0,0.1951
2026-02-26,평일,00,멀뫼사거리-서 (동향),있음(비0),210,B형 검토,0,0.1951
2026-02-26,평일,00,멀뫼4R-남 (북향),있음(비0),327,B형 검토,0,0.1951
2026-02-26,평일,00,멀뫼사거리-북 (남향),없음(NULL),,A형 가능,0,0.1951
2026-02-26,평일,01,멀뫼사거리-동 (서향),있음(비0),75,B형 검토,0,0.1951
2026-02-26,평일,01,멀뫼사거리-서 (동향),있음(비0),173,B형 검토,0,0.1951
2026-02-26,평일,01,멀뫼4R-남 (북향),있음(비0),183,B형 검토,0,0.1951
2026-02-26,평일,01,멀뫼사거리-북 (남향),없음(NULL),,A형 가능,0,0.1951
2026-02-26,평일,02,멀뫼사거리-동 (서향),있음(비0),67,B형 검토,0,0.1951
2026-02-26,평일,02,멀뫼사거리-서 (동향),있음(비0),128,B형 검토,0,0.1951
2026-02-26,평일,02,멀뫼4R-남 (북향),있음(비0),177,B형 검토,0,0.1951
2026-02-26,평일,02,멀뫼사거리-북 (남향),없음(NULL),,A형 가능,0,0.1951
2026-02-26,평일,03,멀뫼사거리-동 (서향),있음(비0),59,B형 검토,0,0.1951
2026-02-26,평일,03,멀뫼사거리-서 (동향),있음(비0),126,B형 검토,0,0.1951
2026-02-26,평일,03,멀뫼4R-남 (북향),있음(비0),165,B형 검토,0,0.1951
2026-02-26,평일,03,멀뫼사거리-북 (남향),없음(NULL),,A형 가능,0,0.1951
2026-02-26,평일,04,멀뫼사거리-동 (서향),있음(비0),87,B형 검토,0,0.2195
2026-02-26,평일,04,멀뫼사거리-서 (동향),있음(비0),206,B형 검토,0,0.2195
2026-02-26,평일,04,멀뫼4R-남 (북향),있음(비0),249,B형 검토,0,0.2195
2026-02-26,평일,04,멀뫼사거리-북 (남향),없음(NULL),,B형,0,0.2195
2026-02-26,평일,05,멀뫼사거리-동 (서향),있음(비0),151,B형 검토,0,0.2195
2026-02-26,평일,05,멀뫼사거리-서 (동향),있음(비0),332,B형 검토,0,0.2195
2026-02-26,평일,05,멀뫼4R-남 (북향),있음(비0),592,B형 검토,0,0.2195
2026-02-26,평일,05,멀뫼사거리-북 (남향),없음(NULL),,B형,0,0.2195
2026-02-26,평일,06,멀뫼사거리-동 (서향),있음(비0),195,B형 검토,0,0.2195
2026-02-26,평일,06,멀뫼사거리-서 (동향),있음(비0),502,B형 검토,0,0.2195
2026-02-26,평일,06,멀뫼4R-남 (북향),있음(비0),937,B형 검토,0,0.2195
2026-02-26,평일,06,멀뫼사거리-북 (남향),없음(NULL),,B형,0,0.2195
2026-02-26,평일,07,멀뫼사거리-동 (서향),있음(비0),282,B형 검토,0,0.2195
2026-02-26,평일,07,멀뫼사거리-서 (동향),있음(비0),682,B형 검토,0,0.2195
2026-02-26,평일,07,멀뫼4R-남 (북향),있음(비0),1649,B형 검토,0,0.2195
2026-02-26,평일,07,멀뫼사거리-북 (남향),없음(NULL),,B형,0,0.2195
2026-02-26,평일,08,멀뫼사거리-동 (서향),있음(비0),388,B형 검토,0,0.2195
2026-02-26,평일,08,멀뫼사거리-서 (동향),있음(비0),761,B형 검토,0,0.2195
2026-02-26,평일,08,멀뫼4R-남 (북향),있음(비0),1666,B형 검토,0,0.2195
2026-02-26,평일,08,멀뫼사거리-북 (남향),없음(NULL),,B형,0,0.2195
2026-02-26,평일,09,멀뫼사거리-동 (서향),있음(비0),358,B형 검토,0,0.2439
2026-02-26,평일,09,멀뫼사거리-서 (동향),있음(비0),749,B형 검토,0,0.2439
2026-02-26,평일,09,멀뫼4R-남 (북향),있음(비0),1406,B형 검토,0,0.2439
2026-02-26,평일,09,멀뫼사거리-북 (남향),없음(NULL),,B형,0,0.2439
2026-02-26,평일,10,멀뫼사거리-동 (서향),있음(비0),324,B형 검토,0,0.2439
2026-02-26,평일,10,멀뫼사거리-서 (동향),있음(비0),734,B형 검토,0,0.2439
2026-02-26,평일,10,멀뫼4R-남 (북향),있음(비0),1381,B형 검토,0,0.2439
2026-02-26,평일,10,멀뫼사거리-북 (남향),없음(NULL),,B형,0,0.2439
2026-02-26,평일,11,멀뫼사거리-동 (서향),있음(비0),303,B형 검토,0,0.2439
2026-02-26,평일,11,멀뫼사거리-서 (동향),있음(비0),773,B형 검토,0,0.2439
2026-02-26,평일,11,멀뫼4R-남 (북향),있음(비0),1215,B형 검토,0,0.2439
2026-02-26,평일,11,멀뫼사거리-북 (남향),없음(NULL),,B형,0,0.2439
2026-02-26,평일,12,멀뫼사거리-동 (서향),있음(비0),319,B형 검토,0,0.2195
2026-02-26,평일,12,멀뫼사거리-서 (동향),있음(비0),731,B형 검토,0,0.2195
2026-02-26,평일,12,멀뫼4R-남 (북향),있음(비0),1245,B형 검토,0,0.2195
2026-02-26,평일,12,멀뫼사거리-북 (남향),없음(NULL),,B형,0,0.2195
2026-02-26,평일,13,멀뫼사거리-동 (서향),있음(비0),331,B형 검토,0,0.2195
2026-02-26,평일,13,멀뫼사거리-서 (동향),있음(비0),723,B형 검토,0,0.2195
2026-02-26,평일,13,멀뫼4R-남 (북향),있음(비0),1296,B형 검토,0,0.2195
2026-02-26,평일,13,멀뫼사거리-북 (남향),없음(NULL),,B형,0,0.2195
2026-02-26,평일,14,멀뫼사거리-동 (서향),있음(비0),320,B형 검토,0,0.2195
2026-02-26,평일,14,멀뫼사거리-서 (동향),있음(비0),730,B형 검토,0,0.2195
2026-02-26,평일,14,멀뫼4R-남 (북향),있음(비0),1297,B형 검토,0,0.2195
2026-02-26,평일,14,멀뫼사거리-북 (남향),없음(NULL),,B형,0,0.2195
2026-02-26,평일,15,멀뫼사거리-동 (서향),있음(비0),346,B형 검토,0,0.1951
2026-02-26,평일,15,멀뫼사거리-서 (동향),있음(비0),769,B형 검토,0,0.1951
2026-02-26,평일,15,멀뫼4R-남 (북향),있음(비0),1354,B형 검토,0,0.1951
2026-02-26,평일,15,멀뫼사거리-북 (남향),없음(NULL),,A형 가능,0,0.1951
2026-02-26,평일,16,멀뫼사거리-동 (서향),있음(비0),386,B형 검토,0,0.2195
2026-02-26,평일,16,멀뫼사거리-서 (동향),있음(비0),827,B형 검토,0,0.2195
2026-02-26,평일,16,멀뫼4R-남 (북향),있음(비0),1384,B형 검토,0,0.2195
2026-02-26,평일,16,멀뫼사거리-북 (남향),없음(NULL),,B형,0,0.2195
2026-02-26,평일,17,멀뫼사거리-동 (서향),있음(비0),436,B형 검토,0,0.2683
2026-02-26,평일,17,멀뫼사거리-서 (동향),있음(비0),788,B형 검토,0,0.2683
2026-02-26,평일,17,멀뫼4R-남 (북향),있음(비0),1453,B형 검토,0,0.2683
2026-02-26,평일,17,멀뫼사거리-북 (남향),없음(NULL),,B형,0,0.2683
2026-02-26,평일,18,멀뫼사거리-동 (서향),있음(비0),461,B형 검토,0,0.2683
2026-02-26,평일,18,멀뫼사거리-서 (동향),있음(비0),672,B형 검토,0,0.2683
2026-02-26,평일,18,멀뫼4R-남 (북향),있음(비0),1369,B형 검토,0,0.2683
2026-02-26,평일,18,멀뫼사거리-북 (남향),없음(NULL),,B형,0,0.2683
2026-02-26,평일,19,멀뫼사거리-동 (서향),있음(비0),242,B형 검토,0,0.2683
2026-02-26,평일,19,멀뫼사거리-서 (동향),있음(비0),487,B형 검토,0,0.2683
2026-02-26,평일,19,멀뫼4R-남 (북향),있음(비0),1255,B형 검토,0,0.2683
2026-02-26,평일,19,멀뫼사거리-북 (남향),없음(NULL),,B형,0,0.2683
2026-02-26,평일,20,멀뫼사거리-동 (서향),있음(비0),225,B형 검토,0,0.2683
2026-02-26,평일,20,멀뫼사거리-서 (동향),있음(비0),452,B형 검토,0,0.2683
2026-02-26,평일,20,멀뫼4R-남 (북향),있음(비0),1034,B형 검토,0,0.2683
2026-02-26,평일,20,멀뫼사거리-북 (남향),없음(NULL),,B형,0,0.2683
2026-02-26,평일,21,멀뫼사거리-동 (서향),있음(비0),213,B형 검토,0,0.2683
2026-02-26,평일,21,멀뫼사거리-서 (동향),있음(비0),444,B형 검토,0,0.2683
2026-02-26,평일,21,멀뫼4R-남 (북향),있음(비0),831,B형 검토,0,0.2683
2026-02-26,평일,21,멀뫼사거리-북 (남향),없음(NULL),,B형,0,0.2683
2026-02-26,평일,22,멀뫼사거리-동 (서향),있음(비0),149,B형 검토,0,0.2927
2026-02-26,평일,22,멀뫼사거리-서 (동향),있음(비0),328,B형 검토,0,0.2927
2026-02-26,평일,22,멀뫼4R-남 (북향),있음(비0),584,B형 검토,0,0.2927
2026-02-26,평일,22,멀뫼사거리-북 (남향),없음(NULL),,B형,0,0.2927
2026-02-26,평일,23,멀뫼사거리-동 (서향),있음(비0),107,B형 검토,0,0.2927
2026-02-26,평일,23,멀뫼사거리-서 (동향),있음(비0),258,B형 검토,0,0.2927
2026-02-26,평일,23,멀뫼4R-남 (북향),있음(비0),432,B형 검토,0,0.2927
2026-02-26,평일,23,멀뫼사거리-북 (남향),없음(NULL),,B형,0,0.2927
2026-02-27,평일,00,멀뫼사거리-동 (서향),있음(비0),93,B형 검토,0,0.1951
2026-02-27,평일,00,멀뫼사거리-서 (동향),있음(비0),236,B형 검토,0,0.1951
2026-02-27,평일,00,멀뫼4R-남 (북향),있음(비0),301,B형 검토,0,0.1951
2026-02-27,평일,00,멀뫼사거리-북 (남향),없음(NULL),,A형 가능,0,0.1951
2026-02-27,평일,01,멀뫼사거리-동 (서향),있음(비0),86,B형 검토,0,0.1951
2026-02-27,평일,01,멀뫼사거리-서 (동향),있음(비0),168,B형 검토,0,0.1951
2026-02-27,평일,01,멀뫼4R-남 (북향),있음(비0),217,B형 검토,0,0.1951
2026-02-27,평일,01,멀뫼사거리-북 (남향),없음(NULL),,A형 가능,0,0.1951
2026-02-27,평일,02,멀뫼사거리-동 (서향),있음(비0),65,B형 검토,0,0.1951
2026-02-27,평일,02,멀뫼사거리-서 (동향),있음(비0),172,B형 검토,0,0.1951
2026-02-27,평일,02,멀뫼4R-남 (북향),있음(비0),179,B형 검토,0,0.1951
2026-02-27,평일,02,멀뫼사거리-북 (남향),없음(NULL),,A형 가능,0,0.1951
2026-02-27,평일,03,멀뫼사거리-동 (서향),있음(비0),55,B형 검토,0,0.1951
2026-02-27,평일,03,멀뫼사거리-서 (동향),있음(비0),82,B형 검토,0,0.1951
2026-02-27,평일,03,멀뫼4R-남 (북향),있음(비0),147,B형 검토,0,0.1951
2026-02-27,평일,03,멀뫼사거리-북 (남향),없음(NULL),,A형 가능,0,0.1951
2026-02-27,평일,04,멀뫼사거리-동 (서향),있음(비0),78,B형 검토,0,0.2195
2026-02-27,평일,04,멀뫼사거리-서 (동향),있음(비0),200,B형 검토,0,0.2195
2026-02-27,평일,04,멀뫼4R-남 (북향),있음(비0),243,B형 검토,0,0.2195
2026-02-27,평일,04,멀뫼사거리-북 (남향),없음(NULL),,B형,0,0.2195
2026-02-27,평일,05,멀뫼사거리-동 (서향),있음(비0),151,B형 검토,0,0.2195
2026-02-27,평일,05,멀뫼사거리-서 (동향),있음(비0),334,B형 검토,0,0.2195
2026-02-27,평일,05,멀뫼4R-남 (북향),있음(비0),590,B형 검토,0,0.2195
2026-02-27,평일,05,멀뫼사거리-북 (남향),없음(NULL),,B형,0,0.2195
2026-02-27,평일,06,멀뫼사거리-동 (서향),있음(비0),210,B형 검토,0,0.2195
2026-02-27,평일,06,멀뫼사거리-서 (동향),있음(비0),482,B형 검토,0,0.2195
2026-02-27,평일,06,멀뫼4R-남 (북향),있음(비0),954,B형 검토,0,0.2195
2026-02-27,평일,06,멀뫼사거리-북 (남향),없음(NULL),,B형,0,0.2195
2026-02-27,평일,07,멀뫼사거리-동 (서향),있음(비0),322,B형 검토,0,0.2195
2026-02-27,평일,07,멀뫼사거리-서 (동향),있음(비0),662,B형 검토,0,0.2195
2026-02-27,평일,07,멀뫼4R-남 (북향),있음(비0),1619,B형 검토,0,0.2195
2026-02-27,평일,07,멀뫼사거리-북 (남향),없음(NULL),,B형,0,0.2195
2026-02-27,평일,08,멀뫼사거리-동 (서향),있음(비0),403,B형 검토,0,0.2195
2026-02-27,평일,08,멀뫼사거리-서 (동향),있음(비0),771,B형 검토,0,0.2195
2026-02-27,평일,08,멀뫼4R-남 (북향),있음(비0),1771,B형 검토,0,0.2195
2026-02-27,평일,08,멀뫼사거리-북 (남향),없음(NULL),,B형,0,0.2195
2026-02-27,평일,09,멀뫼사거리-동 (서향),있음(비0),350,B형 검토,0,0.2439
2026-02-27,평일,09,멀뫼사거리-서 (동향),있음(비0),747,B형 검토,0,0.2439
2026-02-27,평일,09,멀뫼4R-남 (북향),있음(비0),1361,B형 검토,0,0.2439
2026-02-27,평일,09,멀뫼사거리-북 (남향),없음(NULL),,B형,0,0.2439
2026-02-27,평일,10,멀뫼사거리-동 (서향),있음(비0),353,B형 검토,0,0.2439
2026-02-27,평일,10,멀뫼사거리-서 (동향),있음(비0),805,B형 검토,0,0.2439
2026-02-27,평일,10,멀뫼4R-남 (북향),있음(비0),1305,B형 검토,0,0.2439
2026-02-27,평일,10,멀뫼사거리-북 (남향),없음(NULL),,B형,0,0.2439
2026-02-27,평일,11,멀뫼사거리-동 (서향),있음(비0),342,B형 검토,0,0.2439
2026-02-27,평일,11,멀뫼사거리-서 (동향),있음(비0),719,B형 검토,0,0.2439
2026-02-27,평일,11,멀뫼4R-남 (북향),있음(비0),1289,B형 검토,0,0.2439
2026-02-27,평일,11,멀뫼사거리-북 (남향),없음(NULL),,B형,0,0.2439
2026-02-27,평일,12,멀뫼사거리-동 (서향),있음(비0),311,B형 검토,0,0.2195
2026-02-27,평일,12,멀뫼사거리-서 (동향),있음(비0),704,B형 검토,0,0.2195
2026-02-27,평일,12,멀뫼4R-남 (북향),있음(비0),1245,B형 검토,0,0.2195
2026-02-27,평일,12,멀뫼사거리-북 (남향),없음(NULL),,B형,0,0.2195
2026-02-27,평일,13,멀뫼사거리-동 (서향),있음(비0),354,B형 검토,0,0.2195
2026-02-27,평일,13,멀뫼사거리-서 (동향),있음(비0),671,B형 검토,0,0.2195
2026-02-27,평일,13,멀뫼4R-남 (북향),있음(비0),1300,B형 검토,0,0.2195
2026-02-27,평일,13,멀뫼사거리-북 (남향),없음(NULL),,B형,0,0.2195
2026-02-27,평일,14,멀뫼사거리-동 (서향),있음(비0),370,B형 검토,0,0.2195
2026-02-27,평일,14,멀뫼사거리-서 (동향),있음(비0),642,B형 검토,0,0.2195
2026-02-27,평일,14,멀뫼4R-남 (북향),있음(비0),1320,B형 검토,0,0.2195
2026-02-27,평일,14,멀뫼사거리-북 (남향),없음(NULL),,B형,0,0.2195
2026-02-27,평일,15,멀뫼사거리-동 (서향),있음(비0),411,B형 검토,0,0.1951
2026-02-27,평일,15,멀뫼사거리-서 (동향),있음(비0),777,B형 검토,0,0.1951
2026-02-27,평일,15,멀뫼4R-남 (북향),있음(비0),1345,B형 검토,0,0.1951
2026-02-27,평일,15,멀뫼사거리-북 (남향),없음(NULL),,A형 가능,0,0.1951
2026-02-27,평일,16,멀뫼사거리-동 (서향),있음(비0),383,B형 검토,0,0.2195
2026-02-27,평일,16,멀뫼사거리-서 (동향),있음(비0),812,B형 검토,0,0.2195
2026-02-27,평일,16,멀뫼4R-남 (북향),있음(비0),1387,B형 검토,0,0.2195
2026-02-27,평일,16,멀뫼사거리-북 (남향),없음(NULL),,B형,0,0.2195
2026-02-27,평일,17,멀뫼사거리-동 (서향),있음(비0),505,B형 검토,0,0.2683
2026-02-27,평일,17,멀뫼사거리-서 (동향),있음(비0),720,B형 검토,0,0.2683
2026-02-27,평일,17,멀뫼4R-남 (북향),있음(비0),1459,B형 검토,0,0.2683
2026-02-27,평일,17,멀뫼사거리-북 (남향),없음(NULL),,B형,0,0.2683
2026-02-27,평일,18,멀뫼사거리-동 (서향),있음(비0),490,B형 검토,0,0.2683
2026-02-27,평일,18,멀뫼사거리-서 (동향),있음(비0),662,B형 검토,0,0.2683
2026-02-27,평일,18,멀뫼4R-남 (북향),있음(비0),1290,B형 검토,0,0.2683
2026-02-27,평일,18,멀뫼사거리-북 (남향),없음(NULL),,B형,0,0.2683
2026-02-27,평일,19,멀뫼사거리-동 (서향),있음(비0),286,B형 검토,0,0.2683
2026-02-27,평일,19,멀뫼사거리-서 (동향),있음(비0),508,B형 검토,0,0.2683
2026-02-27,평일,19,멀뫼4R-남 (북향),있음(비0),1269,B형 검토,0,0.2683
2026-02-27,평일,19,멀뫼사거리-북 (남향),없음(NULL),,B형,0,0.2683
2026-02-27,평일,20,멀뫼사거리-동 (서향),있음(비0),237,B형 검토,0,0.2683
2026-02-27,평일,20,멀뫼사거리-서 (동향),있음(비0),474,B형 검토,0,0.2683
2026-02-27,평일,20,멀뫼4R-남 (북향),있음(비0),1155,B형 검토,0,0.2683
2026-02-27,평일,20,멀뫼사거리-북 (남향),없음(NULL),,B형,0,0.2683
2026-02-27,평일,21,멀뫼사거리-동 (서향),있음(비0),216,B형 검토,0,0.2683
2026-02-27,평일,21,멀뫼사거리-서 (동향),있음(비0),469,B형 검토,0,0.2683
2026-02-27,평일,21,멀뫼4R-남 (북향),있음(비0),1018,B형 검토,0,0.2683
2026-02-27,평일,21,멀뫼사거리-북 (남향),없음(NULL),,B형,0,0.2683
2026-02-27,평일,22,멀뫼사거리-동 (서향),있음(비0),166,B형 검토,0,0.2927
2026-02-27,평일,22,멀뫼사거리-서 (동향),있음(비0),393,B형 검토,0,0.2927
2026-02-27,평일,22,멀뫼4R-남 (북향),있음(비0),724,B형 검토,0,0.2927
2026-02-27,평일,22,멀뫼사거리-북 (남향),없음(NULL),,B형,0,0.2927
2026-02-27,평일,23,멀뫼사거리-동 (서향),있음(비0),154,B형 검토,0,0.2927
2026-02-27,평일,23,멀뫼사거리-서 (동향),있음(비0),348,B형 검토,0,0.2927
2026-02-27,평일,23,멀뫼4R-남 (북향),있음(비0),521,B형 검토,0,0.2927
2026-02-27,평일,23,멀뫼사거리-북 (남향),없음(NULL),,B형,0,0.2927
2026-02-28,토요일,00,멀뫼사거리-동 (서향),있음(비0),130,B형 검토,0,0.0000
2026-02-28,토요일,00,멀뫼사거리-서 (동향),있음(비0),302,B형 검토,0,0.0000
2026-02-28,토요일,00,멀뫼4R-남 (북향),있음(비0),397,B형 검토,0,0.0000
2026-02-28,토요일,00,멀뫼사거리-북 (남향),없음(NULL),,A형 가능,0,0.0000
2026-02-28,토요일,01,멀뫼사거리-동 (서향),있음(비0),111,B형 검토,0,0.0000
2026-02-28,토요일,01,멀뫼사거리-서 (동향),있음(비0),233,B형 검토,0,0.0000
2026-02-28,토요일,01,멀뫼4R-남 (북향),있음(비0),329,B형 검토,0,0.0000
2026-02-28,토요일,01,멀뫼사거리-북 (남향),없음(NULL),,A형 가능,0,0.0000
2026-02-28,토요일,02,멀뫼사거리-동 (서향),있음(비0),88,B형 검토,0,0.0000
2026-02-28,토요일,02,멀뫼사거리-서 (동향),있음(비0),187,B형 검토,0,0.0000
2026-02-28,토요일,02,멀뫼4R-남 (북향),있음(비0),226,B형 검토,0,0.0000
2026-02-28,토요일,02,멀뫼사거리-북 (남향),없음(NULL),,A형 가능,0,0.0000
2026-02-28,토요일,03,멀뫼사거리-동 (서향),있음(비0),77,B형 검토,0,0.0000
2026-02-28,토요일,03,멀뫼사거리-서 (동향),있음(비0),148,B형 검토,0,0.0000
2026-02-28,토요일,03,멀뫼4R-남 (북향),있음(비0),204,B형 검토,0,0.0000
2026-02-28,토요일,03,멀뫼사거리-북 (남향),없음(NULL),,A형 가능,0,0.0000
2026-02-28,토요일,04,멀뫼사거리-동 (서향),있음(비0),87,B형 검토,0,0.0000
2026-02-28,토요일,04,멀뫼사거리-서 (동향),있음(비0),183,B형 검토,0,0.0000
2026-02-28,토요일,04,멀뫼4R-남 (북향),있음(비0),252,B형 검토,0,0.0000
2026-02-28,토요일,04,멀뫼사거리-북 (남향),없음(NULL),,A형 가능,0,0.0000
2026-02-28,토요일,05,멀뫼사거리-동 (서향),있음(비0),134,B형 검토,0,0.0000
2026-02-28,토요일,05,멀뫼사거리-서 (동향),있음(비0),307,B형 검토,0,0.0000
2026-02-28,토요일,05,멀뫼4R-남 (북향),있음(비0),512,B형 검토,0,0.0000
2026-02-28,토요일,05,멀뫼사거리-북 (남향),없음(NULL),,A형 가능,0,0.0000
2026-02-28,토요일,06,멀뫼사거리-동 (서향),있음(비0),142,B형 검토,0,0.0000
2026-02-28,토요일,06,멀뫼사거리-서 (동향),있음(비0),366,B형 검토,0,0.0000
2026-02-28,토요일,06,멀뫼4R-남 (북향),있음(비0),600,B형 검토,0,0.0000
2026-02-28,토요일,06,멀뫼사거리-북 (남향),없음(NULL),,A형 가능,0,0.0000
2026-02-28,토요일,07,멀뫼사거리-동 (서향),있음(비0),178,B형 검토,0,0.0000
2026-02-28,토요일,07,멀뫼사거리-서 (동향),있음(비0),454,B형 검토,0,0.0000
2026-02-28,토요일,07,멀뫼4R-남 (북향),있음(비0),737,B형 검토,0,0.0000
2026-02-28,토요일,07,멀뫼사거리-북 (남향),없음(NULL),,A형 가능,0,0.0000
2026-02-28,토요일,08,멀뫼사거리-동 (서향),있음(비0),268,B형 검토,0,0.0000
2026-02-28,토요일,08,멀뫼사거리-서 (동향),있음(비0),544,B형 검토,0,0.0000
2026-02-28,토요일,08,멀뫼4R-남 (북향),있음(비0),1026,B형 검토,0,0.0000
2026-02-28,토요일,08,멀뫼사거리-북 (남향),없음(NULL),,A형 가능,0,0.0000
2026-02-28,토요일,09,멀뫼사거리-동 (서향),있음(비0),335,B형 검토,0,0.0000
2026-02-28,토요일,09,멀뫼사거리-서 (동향),있음(비0),632,B형 검토,0,0.0000
2026-02-28,토요일,09,멀뫼4R-남 (북향),있음(비0),1190,B형 검토,0,0.0000
2026-02-28,토요일,09,멀뫼사거리-북 (남향),없음(NULL),,A형 가능,0,0.0000
2026-02-28,토요일,10,멀뫼사거리-동 (서향),있음(비0),325,B형 검토,0,0.0000
2026-02-28,토요일,10,멀뫼사거리-서 (동향),있음(비0),740,B형 검토,0,0.0000
2026-02-28,토요일,10,멀뫼4R-남 (북향),있음(비0),1303,B형 검토,0,0.0000
2026-02-28,토요일,10,멀뫼사거리-북 (남향),없음(NULL),,A형 가능,0,0.0000
2026-02-28,토요일,11,멀뫼사거리-동 (서향),있음(비0),409,B형 검토,0,0.0000
2026-02-28,토요일,11,멀뫼사거리-서 (동향),있음(비0),780,B형 검토,0,0.0000
2026-02-28,토요일,11,멀뫼4R-남 (북향),있음(비0),1401,B형 검토,0,0.0000
2026-02-28,토요일,11,멀뫼사거리-북 (남향),없음(NULL),,A형 가능,0,0.0000
2026-02-28,토요일,12,멀뫼사거리-동 (서향),있음(비0),361,B형 검토,0,0.0000
2026-02-28,토요일,12,멀뫼사거리-서 (동향),있음(비0),793,B형 검토,0,0.0000
2026-02-28,토요일,12,멀뫼4R-남 (북향),있음(비0),1378,B형 검토,0,0.0000
2026-02-28,토요일,12,멀뫼사거리-북 (남향),없음(NULL),,A형 가능,0,0.0000
2026-02-28,토요일,13,멀뫼사거리-동 (서향),있음(비0),394,B형 검토,0,0.0000
2026-02-28,토요일,13,멀뫼사거리-서 (동향),있음(비0),738,B형 검토,0,0.0000
2026-02-28,토요일,13,멀뫼4R-남 (북향),있음(비0),1389,B형 검토,0,0.0000
2026-02-28,토요일,13,멀뫼사거리-북 (남향),없음(NULL),,A형 가능,0,0.0000
2026-02-28,토요일,14,멀뫼사거리-동 (서향),있음(비0),368,B형 검토,0,0.0000
2026-02-28,토요일,14,멀뫼사거리-서 (동향),있음(비0),738,B형 검토,0,0.0000
2026-02-28,토요일,14,멀뫼4R-남 (북향),있음(비0),1385,B형 검토,0,0.0000
2026-02-28,토요일,14,멀뫼사거리-북 (남향),없음(NULL),,A형 가능,0,0.0000
2026-02-28,토요일,15,멀뫼사거리-동 (서향),있음(비0),365,B형 검토,0,0.0000
2026-02-28,토요일,15,멀뫼사거리-서 (동향),있음(비0),835,B형 검토,0,0.0000
2026-02-28,토요일,15,멀뫼4R-남 (북향),있음(비0),1263,B형 검토,0,0.0000
2026-02-28,토요일,15,멀뫼사거리-북 (남향),없음(NULL),,A형 가능,0,0.0000
2026-02-28,토요일,16,멀뫼사거리-동 (서향),있음(비0),328,B형 검토,0,0.0000
2026-02-28,토요일,16,멀뫼사거리-서 (동향),있음(비0),757,B형 검토,0,0.0000
2026-02-28,토요일,16,멀뫼4R-남 (북향),있음(비0),1360,B형 검토,0,0.0000
2026-02-28,토요일,16,멀뫼사거리-북 (남향),없음(NULL),,A형 가능,0,0.0000
2026-02-28,토요일,17,멀뫼사거리-동 (서향),있음(비0),367,B형 검토,0,0.0000
2026-02-28,토요일,17,멀뫼사거리-서 (동향),있음(비0),768,B형 검토,0,0.0000
2026-02-28,토요일,17,멀뫼4R-남 (북향),있음(비0),1374,B형 검토,0,0.0000
2026-02-28,토요일,17,멀뫼사거리-북 (남향),없음(NULL),,A형 가능,0,0.0000
2026-02-28,토요일,18,멀뫼사거리-동 (서향),있음(비0),318,B형 검토,0,0.0000
2026-02-28,토요일,18,멀뫼사거리-서 (동향),있음(비0),671,B형 검토,0,0.0000
2026-02-28,토요일,18,멀뫼4R-남 (북향),있음(비0),1299,B형 검토,0,0.0000
2026-02-28,토요일,18,멀뫼사거리-북 (남향),없음(NULL),,A형 가능,0,0.0000
2026-02-28,토요일,19,멀뫼사거리-동 (서향),있음(비0),233,B형 검토,0,0.0000
2026-02-28,토요일,19,멀뫼사거리-서 (동향),있음(비0),516,B형 검토,0,0.0000
2026-02-28,토요일,19,멀뫼4R-남 (북향),있음(비0),1011,B형 검토,0,0.0000
2026-02-28,토요일,19,멀뫼사거리-북 (남향),없음(NULL),,A형 가능,0,0.0000
2026-02-28,토요일,20,멀뫼사거리-동 (서향),있음(비0),174,B형 검토,0,0.0000
2026-02-28,토요일,20,멀뫼사거리-서 (동향),있음(비0),454,B형 검토,0,0.0000
2026-02-28,토요일,20,멀뫼4R-남 (북향),있음(비0),897,B형 검토,0,0.0000
2026-02-28,토요일,20,멀뫼사거리-북 (남향),없음(NULL),,A형 가능,0,0.0000
2026-02-28,토요일,21,멀뫼사거리-동 (서향),있음(비0),201,B형 검토,0,0.0000
2026-02-28,토요일,21,멀뫼사거리-서 (동향),있음(비0),400,B형 검토,0,0.0000
2026-02-28,토요일,21,멀뫼4R-남 (북향),있음(비0),782,B형 검토,0,0.0000
2026-02-28,토요일,21,멀뫼사거리-북 (남향),없음(NULL),,A형 가능,0,0.0000
2026-02-28,토요일,22,멀뫼사거리-동 (서향),있음(비0),145,B형 검토,0,0.0000
2026-02-28,토요일,22,멀뫼사거리-서 (동향),있음(비0),356,B형 검토,0,0.0000
2026-02-28,토요일,22,멀뫼4R-남 (북향),있음(비0),587,B형 검토,0,0.0000
2026-02-28,토요일,22,멀뫼사거리-북 (남향),없음(NULL),,A형 가능,0,0.0000
2026-02-28,토요일,23,멀뫼사거리-동 (서향),있음(비0),125,B형 검토,0,0.0000
2026-02-28,토요일,23,멀뫼사거리-서 (동향),있음(비0),287,B형 검토,0,0.0000
2026-02-28,토요일,23,멀뫼4R-남 (북향),있음(비0),443,B형 검토,0,0.0000
2026-02-28,토요일,23,멀뫼사거리-북 (남향),없음(NULL),,A형 가능,0,0.0000
2026-03-01,일·공휴일,00,멀뫼사거리-동 (서향),있음(비0),109,B형 검토,0,0.2000
2026-03-01,일·공휴일,00,멀뫼사거리-서 (동향),있음(비0),258,B형 검토,0,0.2000
2026-03-01,일·공휴일,00,멀뫼4R-남 (북향),있음(비0),364,B형 검토,0,0.2000
2026-03-01,일·공휴일,00,멀뫼사거리-북 (남향),없음(NULL),,B형,0,0.2000
2026-03-01,일·공휴일,01,멀뫼사거리-동 (서향),있음(비0),124,B형 검토,0,0.2000
2026-03-01,일·공휴일,01,멀뫼사거리-서 (동향),있음(비0),212,B형 검토,0,0.2000
2026-03-01,일·공휴일,01,멀뫼4R-남 (북향),있음(비0),287,B형 검토,0,0.2000
2026-03-01,일·공휴일,01,멀뫼사거리-북 (남향),없음(NULL),,B형,0,0.2000
2026-03-01,일·공휴일,02,멀뫼사거리-동 (서향),있음(비0),109,B형 검토,0,0.2000
2026-03-01,일·공휴일,02,멀뫼사거리-서 (동향),있음(비0),194,B형 검토,0,0.2000
2026-03-01,일·공휴일,02,멀뫼4R-남 (북향),있음(비0),222,B형 검토,0,0.2000
2026-03-01,일·공휴일,02,멀뫼사거리-북 (남향),없음(NULL),,B형,0,0.2000
2026-03-01,일·공휴일,03,멀뫼사거리-동 (서향),있음(비0),70,B형 검토,0,0.2000
2026-03-01,일·공휴일,03,멀뫼사거리-서 (동향),있음(비0),137,B형 검토,0,0.2000
2026-03-01,일·공휴일,03,멀뫼4R-남 (북향),있음(비0),154,B형 검토,0,0.2000
2026-03-01,일·공휴일,03,멀뫼사거리-북 (남향),없음(NULL),,B형,0,0.2000
2026-03-01,일·공휴일,04,멀뫼사거리-동 (서향),있음(비0),67,B형 검토,0,0.2000
2026-03-01,일·공휴일,04,멀뫼사거리-서 (동향),있음(비0),136,B형 검토,0,0.2000
2026-03-01,일·공휴일,04,멀뫼4R-남 (북향),있음(비0),162,B형 검토,0,0.2000
2026-03-01,일·공휴일,04,멀뫼사거리-북 (남향),없음(NULL),,B형,0,0.2000
2026-03-01,일·공휴일,05,멀뫼사거리-동 (서향),있음(비0),76,B형 검토,0,0.2000
2026-03-01,일·공휴일,05,멀뫼사거리-서 (동향),있음(비0),154,B형 검토,0,0.2000
2026-03-01,일·공휴일,05,멀뫼4R-남 (북향),있음(비0),287,B형 검토,0,0.2000
2026-03-01,일·공휴일,05,멀뫼사거리-북 (남향),없음(NULL),,B형,0,0.2000
2026-03-01,일·공휴일,06,멀뫼사거리-동 (서향),있음(비0),94,B형 검토,0,0.2000
2026-03-01,일·공휴일,06,멀뫼사거리-서 (동향),있음(비0),214,B형 검토,0,0.2000
2026-03-01,일·공휴일,06,멀뫼4R-남 (북향),있음(비0),384,B형 검토,0,0.2000
2026-03-01,일·공휴일,06,멀뫼사거리-북 (남향),없음(NULL),,B형,0,0.2000
2026-03-01,일·공휴일,07,멀뫼사거리-동 (서향),있음(비0),131,B형 검토,0,0.2000
2026-03-01,일·공휴일,07,멀뫼사거리-서 (동향),있음(비0),306,B형 검토,0,0.2000
2026-03-01,일·공휴일,07,멀뫼4R-남 (북향),있음(비0),472,B형 검토,0,0.2000
2026-03-01,일·공휴일,07,멀뫼사거리-북 (남향),없음(NULL),,B형,0,0.2000
2026-03-01,일·공휴일,08,멀뫼사거리-동 (서향),있음(비0),200,B형 검토,0,0.2000
2026-03-01,일·공휴일,08,멀뫼사거리-서 (동향),있음(비0),460,B형 검토,0,0.2000
2026-03-01,일·공휴일,08,멀뫼4R-남 (북향),있음(비0),678,B형 검토,0,0.2000
2026-03-01,일·공휴일,08,멀뫼사거리-북 (남향),없음(NULL),,B형,0,0.2000
2026-03-01,일·공휴일,09,멀뫼사거리-동 (서향),있음(비0),237,B형 검토,0,0.2000
2026-03-01,일·공휴일,09,멀뫼사거리-서 (동향),있음(비0),527,B형 검토,0,0.2000
2026-03-01,일·공휴일,09,멀뫼4R-남 (북향),있음(비0),914,B형 검토,0,0.2000
2026-03-01,일·공휴일,09,멀뫼사거리-북 (남향),없음(NULL),,B형,0,0.2000
2026-03-01,일·공휴일,10,멀뫼사거리-동 (서향),있음(비0),326,B형 검토,0,0.2000
2026-03-01,일·공휴일,10,멀뫼사거리-서 (동향),있음(비0),606,B형 검토,0,0.2000
2026-03-01,일·공휴일,10,멀뫼4R-남 (북향),있음(비0),1161,B형 검토,0,0.2000
2026-03-01,일·공휴일,10,멀뫼사거리-북 (남향),없음(NULL),,B형,0,0.2000
2026-03-01,일·공휴일,11,멀뫼사거리-동 (서향),있음(비0),295,B형 검토,0,0.2000
2026-03-01,일·공휴일,11,멀뫼사거리-서 (동향),있음(비0),607,B형 검토,0,0.2000
2026-03-01,일·공휴일,11,멀뫼4R-남 (북향),있음(비0),1147,B형 검토,0,0.2000
2026-03-01,일·공휴일,11,멀뫼사거리-북 (남향),없음(NULL),,B형,0,0.2000
2026-03-01,일·공휴일,12,멀뫼사거리-동 (서향),있음(비0),299,B형 검토,0,0.2000
2026-03-01,일·공휴일,12,멀뫼사거리-서 (동향),있음(비0),665,B형 검토,0,0.2000
2026-03-01,일·공휴일,12,멀뫼4R-남 (북향),있음(비0),1136,B형 검토,0,0.2000
2026-03-01,일·공휴일,12,멀뫼사거리-북 (남향),없음(NULL),,B형,0,0.2000
2026-03-01,일·공휴일,13,멀뫼사거리-동 (서향),있음(비0),322,B형 검토,0,0.2000
2026-03-01,일·공휴일,13,멀뫼사거리-서 (동향),있음(비0),717,B형 검토,0,0.2000
2026-03-01,일·공휴일,13,멀뫼4R-남 (북향),있음(비0),1211,B형 검토,0,0.2000
2026-03-01,일·공휴일,13,멀뫼사거리-북 (남향),없음(NULL),,B형,0,0.2000
2026-03-01,일·공휴일,14,멀뫼사거리-동 (서향),있음(비0),317,B형 검토,0,0.2000
2026-03-01,일·공휴일,14,멀뫼사거리-서 (동향),있음(비0),720,B형 검토,0,0.2000
2026-03-01,일·공휴일,14,멀뫼4R-남 (북향),있음(비0),1179,B형 검토,0,0.2000
2026-03-01,일·공휴일,14,멀뫼사거리-북 (남향),없음(NULL),,B형,0,0.2000
2026-03-01,일·공휴일,15,멀뫼사거리-동 (서향),있음(비0),281,B형 검토,0,0.2000
2026-03-01,일·공휴일,15,멀뫼사거리-서 (동향),있음(비0),695,B형 검토,0,0.2000
2026-03-01,일·공휴일,15,멀뫼4R-남 (북향),있음(비0),1198,B형 검토,0,0.2000
2026-03-01,일·공휴일,15,멀뫼사거리-북 (남향),없음(NULL),,B형,0,0.2000
2026-03-01,일·공휴일,16,멀뫼사거리-동 (서향),있음(비0),342,B형 검토,0,0.2000
2026-03-01,일·공휴일,16,멀뫼사거리-서 (동향),있음(비0),648,B형 검토,0,0.2000
2026-03-01,일·공휴일,16,멀뫼4R-남 (북향),있음(비0),1242,B형 검토,0,0.2000
2026-03-01,일·공휴일,16,멀뫼사거리-북 (남향),없음(NULL),,B형,0,0.2000
2026-03-01,일·공휴일,17,멀뫼사거리-동 (서향),있음(비0),298,B형 검토,0,0.2000
2026-03-01,일·공휴일,17,멀뫼사거리-서 (동향),있음(비0),718,B형 검토,0,0.2000
2026-03-01,일·공휴일,17,멀뫼4R-남 (북향),있음(비0),1259,B형 검토,0,0.2000
2026-03-01,일·공휴일,17,멀뫼사거리-북 (남향),없음(NULL),,B형,0,0.2000
2026-03-01,일·공휴일,18,멀뫼사거리-동 (서향),있음(비0),210,B형 검토,0,0.2000
2026-03-01,일·공휴일,18,멀뫼사거리-서 (동향),있음(비0),527,B형 검토,0,0.2000
2026-03-01,일·공휴일,18,멀뫼4R-남 (북향),있음(비0),1061,B형 검토,0,0.2000
2026-03-01,일·공휴일,18,멀뫼사거리-북 (남향),없음(NULL),,B형,0,0.2000
2026-03-01,일·공휴일,19,멀뫼사거리-동 (서향),있음(비0),191,B형 검토,0,0.2000
2026-03-01,일·공휴일,19,멀뫼사거리-서 (동향),있음(비0),437,B형 검토,0,0.2000
2026-03-01,일·공휴일,19,멀뫼4R-남 (북향),있음(비0),905,B형 검토,0,0.2000
2026-03-01,일·공휴일,19,멀뫼사거리-북 (남향),없음(NULL),,B형,0,0.2000
2026-03-01,일·공휴일,20,멀뫼사거리-동 (서향),있음(비0),217,B형 검토,0,0.2000
2026-03-01,일·공휴일,20,멀뫼사거리-서 (동향),있음(비0),433,B형 검토,0,0.2000
2026-03-01,일·공휴일,20,멀뫼4R-남 (북향),있음(비0),861,B형 검토,0,0.2000
2026-03-01,일·공휴일,20,멀뫼사거리-북 (남향),없음(NULL),,B형,0,0.2000
2026-03-01,일·공휴일,21,멀뫼사거리-동 (서향),있음(비0),157,B형 검토,0,0.2000
2026-03-01,일·공휴일,21,멀뫼사거리-서 (동향),있음(비0),356,B형 검토,0,0.2000
2026-03-01,일·공휴일,21,멀뫼4R-남 (북향),있음(비0),686,B형 검토,0,0.2000
2026-03-01,일·공휴일,21,멀뫼사거리-북 (남향),없음(NULL),,B형,0,0.2000
2026-03-01,일·공휴일,22,멀뫼사거리-동 (서향),있음(비0),117,B형 검토,0,0.2000
2026-03-01,일·공휴일,22,멀뫼사거리-서 (동향),있음(비0),327,B형 검토,0,0.2000
2026-03-01,일·공휴일,22,멀뫼4R-남 (북향),있음(비0),606,B형 검토,0,0.2000
2026-03-01,일·공휴일,22,멀뫼사거리-북 (남향),없음(NULL),,B형,0,0.2000
2026-03-01,일·공휴일,23,멀뫼사거리-동 (서향),있음(비0),118,B형 검토,0,0.2000
2026-03-01,일·공휴일,23,멀뫼사거리-서 (동향),있음(비0),269,B형 검토,0,0.2000
2026-03-01,일·공휴일,23,멀뫼4R-남 (북향),있음(비0),395,B형 검토,0,0.2000
2026-03-01,일·공휴일,23,멀뫼사거리-북 (남향),없음(NULL),,B형,0,0.2000
2026-03-02,일·공휴일,00,멀뫼사거리-동 (서향),있음(비0),94,B형 검토,0,0.2000
2026-03-02,일·공휴일,00,멀뫼사거리-서 (동향),있음(비0),207,B형 검토,0,0.2000
2026-03-02,일·공휴일,00,멀뫼4R-남 (북향),있음(비0),318,B형 검토,0,0.2000
2026-03-02,일·공휴일,00,멀뫼사거리-북 (남향),없음(NULL),,B형,0,0.2000
2026-03-02,일·공휴일,01,멀뫼사거리-동 (서향),있음(비0),98,B형 검토,0,0.2000
2026-03-02,일·공휴일,01,멀뫼사거리-서 (동향),있음(비0),170,B형 검토,0,0.2000
2026-03-02,일·공휴일,01,멀뫼4R-남 (북향),있음(비0),221,B형 검토,0,0.2000
2026-03-02,일·공휴일,01,멀뫼사거리-북 (남향),없음(NULL),,B형,0,0.2000
2026-03-02,일·공휴일,02,멀뫼사거리-동 (서향),있음(비0),77,B형 검토,0,0.2000
2026-03-02,일·공휴일,02,멀뫼사거리-서 (동향),있음(비0),143,B형 검토,0,0.2000
2026-03-02,일·공휴일,02,멀뫼4R-남 (북향),있음(비0),178,B형 검토,0,0.2000
2026-03-02,일·공휴일,02,멀뫼사거리-북 (남향),없음(NULL),,B형,0,0.2000
2026-03-02,일·공휴일,03,멀뫼사거리-동 (서향),있음(비0),64,B형 검토,0,0.2000
2026-03-02,일·공휴일,03,멀뫼사거리-서 (동향),있음(비0),149,B형 검토,0,0.2000
2026-03-02,일·공휴일,03,멀뫼4R-남 (북향),있음(비0),166,B형 검토,0,0.2000
2026-03-02,일·공휴일,03,멀뫼사거리-북 (남향),없음(NULL),,B형,0,0.2000
2026-03-02,일·공휴일,04,멀뫼사거리-동 (서향),있음(비0),84,B형 검토,0,0.2000
2026-03-02,일·공휴일,04,멀뫼사거리-서 (동향),있음(비0),187,B형 검토,0,0.2000
2026-03-02,일·공휴일,04,멀뫼4R-남 (북향),있음(비0),198,B형 검토,0,0.2000
2026-03-02,일·공휴일,04,멀뫼사거리-북 (남향),없음(NULL),,B형,0,0.2000
2026-03-02,일·공휴일,05,멀뫼사거리-동 (서향),있음(비0),117,B형 검토,0,0.2000
2026-03-02,일·공휴일,05,멀뫼사거리-서 (동향),있음(비0),253,B형 검토,0,0.2000
2026-03-02,일·공휴일,05,멀뫼4R-남 (북향),있음(비0),412,B형 검토,0,0.2000
2026-03-02,일·공휴일,05,멀뫼사거리-북 (남향),없음(NULL),,B형,0,0.2000
2026-03-02,일·공휴일,06,멀뫼사거리-동 (서향),있음(비0),122,B형 검토,0,0.2000
2026-03-02,일·공휴일,06,멀뫼사거리-서 (동향),있음(비0),302,B형 검토,0,0.2000
2026-03-02,일·공휴일,06,멀뫼4R-남 (북향),있음(비0),550,B형 검토,0,0.2000
2026-03-02,일·공휴일,06,멀뫼사거리-북 (남향),없음(NULL),,B형,0,0.2000
2026-03-02,일·공휴일,07,멀뫼사거리-동 (서향),있음(비0),143,B형 검토,0,0.2000
2026-03-02,일·공휴일,07,멀뫼사거리-서 (동향),있음(비0),338,B형 검토,0,0.2000
2026-03-02,일·공휴일,07,멀뫼4R-남 (북향),있음(비0),607,B형 검토,0,0.2000
2026-03-02,일·공휴일,07,멀뫼사거리-북 (남향),없음(NULL),,B형,0,0.2000
2026-03-02,일·공휴일,08,멀뫼사거리-동 (서향),있음(비0),190,B형 검토,0,0.2000
2026-03-02,일·공휴일,08,멀뫼사거리-서 (동향),있음(비0),378,B형 검토,0,0.2000
2026-03-02,일·공휴일,08,멀뫼4R-남 (북향),있음(비0),698,B형 검토,0,0.2000
2026-03-02,일·공휴일,08,멀뫼사거리-북 (남향),없음(NULL),,B형,0,0.2000
2026-03-02,일·공휴일,09,멀뫼사거리-동 (서향),있음(비0),239,B형 검토,0,0.2000
2026-03-02,일·공휴일,09,멀뫼사거리-서 (동향),있음(비0),439,B형 검토,0,0.2000
2026-03-02,일·공휴일,09,멀뫼4R-남 (북향),있음(비0),828,B형 검토,0,0.2000
2026-03-02,일·공휴일,09,멀뫼사거리-북 (남향),없음(NULL),,B형,0,0.2000
2026-03-02,일·공휴일,10,멀뫼사거리-동 (서향),있음(비0),232,B형 검토,0,0.2000
2026-03-02,일·공휴일,10,멀뫼사거리-서 (동향),있음(비0),552,B형 검토,0,0.2000
2026-03-02,일·공휴일,10,멀뫼4R-남 (북향),있음(비0),979,B형 검토,0,0.2000
2026-03-02,일·공휴일,10,멀뫼사거리-북 (남향),없음(NULL),,B형,0,0.2000
2026-03-02,일·공휴일,11,멀뫼사거리-동 (서향),있음(비0),270,B형 검토,0,0.2000
2026-03-02,일·공휴일,11,멀뫼사거리-서 (동향),있음(비0),599,B형 검토,0,0.2000
2026-03-02,일·공휴일,11,멀뫼4R-남 (북향),있음(비0),1083,B형 검토,0,0.2000
2026-03-02,일·공휴일,11,멀뫼사거리-북 (남향),없음(NULL),,B형,0,0.2000
2026-03-02,일·공휴일,12,멀뫼사거리-동 (서향),있음(비0),306,B형 검토,0,0.2000
2026-03-02,일·공휴일,12,멀뫼사거리-서 (동향),있음(비0),594,B형 검토,0,0.2000
2026-03-02,일·공휴일,12,멀뫼4R-남 (북향),있음(비0),1072,B형 검토,0,0.2000
2026-03-02,일·공휴일,12,멀뫼사거리-북 (남향),없음(NULL),,B형,0,0.2000
2026-03-02,일·공휴일,13,멀뫼사거리-동 (서향),있음(비0),290,B형 검토,0,0.2000
2026-03-02,일·공휴일,13,멀뫼사거리-서 (동향),있음(비0),668,B형 검토,0,0.2000
2026-03-02,일·공휴일,13,멀뫼4R-남 (북향),있음(비0),1083,B형 검토,0,0.2000
2026-03-02,일·공휴일,13,멀뫼사거리-북 (남향),없음(NULL),,B형,0,0.2000
2026-03-02,일·공휴일,14,멀뫼사거리-동 (서향),있음(비0),228,B형 검토,0,0.2000
2026-03-02,일·공휴일,14,멀뫼사거리-서 (동향),있음(비0),651,B형 검토,0,0.2000
2026-03-02,일·공휴일,14,멀뫼4R-남 (북향),있음(비0),1064,B형 검토,0,0.2000
2026-03-02,일·공휴일,14,멀뫼사거리-북 (남향),없음(NULL),,B형,0,0.2000
2026-03-02,일·공휴일,15,멀뫼사거리-동 (서향),있음(비0),253,B형 검토,0,0.2000
2026-03-02,일·공휴일,15,멀뫼사거리-서 (동향),있음(비0),705,B형 검토,0,0.2000
2026-03-02,일·공휴일,15,멀뫼4R-남 (북향),있음(비0),1074,B형 검토,0,0.2000
2026-03-02,일·공휴일,15,멀뫼사거리-북 (남향),없음(NULL),,B형,0,0.2000
2026-03-02,일·공휴일,16,멀뫼사거리-동 (서향),있음(비0),294,B형 검토,0,0.2000
2026-03-02,일·공휴일,16,멀뫼사거리-서 (동향),있음(비0),655,B형 검토,0,0.2000
2026-03-02,일·공휴일,16,멀뫼4R-남 (북향),있음(비0),1140,B형 검토,0,0.2000
2026-03-02,일·공휴일,16,멀뫼사거리-북 (남향),없음(NULL),,B형,0,0.2000
2026-03-02,일·공휴일,17,멀뫼사거리-동 (서향),있음(비0),311,B형 검토,0,0.2000
2026-03-02,일·공휴일,17,멀뫼사거리-서 (동향),있음(비0),709,B형 검토,0,0.2000
2026-03-02,일·공휴일,17,멀뫼4R-남 (북향),있음(비0),1161,B형 검토,0,0.2000
2026-03-02,일·공휴일,17,멀뫼사거리-북 (남향),없음(NULL),,B형,0,0.2000
2026-03-02,일·공휴일,18,멀뫼사거리-동 (서향),있음(비0),175,B형 검토,0,0.2000
2026-03-02,일·공휴일,18,멀뫼사거리-서 (동향),있음(비0),478,B형 검토,0,0.2000
2026-03-02,일·공휴일,18,멀뫼4R-남 (북향),있음(비0),926,B형 검토,0,0.2000
2026-03-02,일·공휴일,18,멀뫼사거리-북 (남향),없음(NULL),,B형,0,0.2000
2026-03-02,일·공휴일,19,멀뫼사거리-동 (서향),있음(비0),185,B형 검토,0,0.2000
2026-03-02,일·공휴일,19,멀뫼사거리-서 (동향),있음(비0),390,B형 검토,0,0.2000
2026-03-02,일·공휴일,19,멀뫼4R-남 (북향),있음(비0),729,B형 검토,0,0.2000
2026-03-02,일·공휴일,19,멀뫼사거리-북 (남향),없음(NULL),,B형,0,0.2000
2026-03-02,일·공휴일,20,멀뫼사거리-동 (서향),있음(비0),111,B형 검토,0,0.2000
2026-03-02,일·공휴일,20,멀뫼사거리-서 (동향),있음(비0),275,B형 검토,0,0.2000
2026-03-02,일·공휴일,20,멀뫼4R-남 (북향),있음(비0),568,B형 검토,0,0.2000
2026-03-02,일·공휴일,20,멀뫼사거리-북 (남향),없음(NULL),,B형,0,0.2000
2026-03-02,일·공휴일,21,멀뫼사거리-동 (서향),있음(비0),133,B형 검토,0,0.2000
2026-03-02,일·공휴일,21,멀뫼사거리-서 (동향),있음(비0),268,B형 검토,0,0.2000
2026-03-02,일·공휴일,21,멀뫼4R-남 (북향),있음(비0),549,B형 검토,0,0.2000
2026-03-02,일·공휴일,21,멀뫼사거리-북 (남향),없음(NULL),,B형,0,0.2000
2026-03-02,일·공휴일,22,멀뫼사거리-동 (서향),있음(비0),116,B형 검토,0,0.2000
2026-03-02,일·공휴일,22,멀뫼사거리-서 (동향),있음(비0),226,B형 검토,0,0.2000
2026-03-02,일·공휴일,22,멀뫼4R-남 (북향),있음(비0),420,B형 검토,0,0.2000
2026-03-02,일·공휴일,22,멀뫼사거리-북 (남향),없음(NULL),,B형,0,0.2000
2026-03-02,일·공휴일,23,멀뫼사거리-동 (서향),있음(비0),86,B형 검토,0,0.2000
2026-03-02,일·공휴일,23,멀뫼사거리-서 (동향),있음(비0),174,B형 검토,0,0.2000
2026-03-02,일·공휴일,23,멀뫼4R-남 (북향),있음(비0),269,B형 검토,0,0.2000
2026-03-02,일·공휴일,23,멀뫼사거리-북 (남향),없음(NULL),,B형,0,0.2000
2026-03-03,평일,00,멀뫼사거리-동 (서향),있음(비0),72,B형 검토,0,0.4762
2026-03-03,평일,00,멀뫼사거리-서 (동향),있음(비0),90,B형 검토,0,0.4762
2026-03-03,평일,00,멀뫼4R-남 (북향),있음(비0),210,B형 검토,0,0.4762
2026-03-03,평일,00,멀뫼사거리-북 (남향),없음(NULL),,B형,0,0.4762
2026-03-03,평일,01,멀뫼사거리-동 (서향),있음(비0),54,B형 검토,0,0.4762
2026-03-03,평일,01,멀뫼사거리-서 (동향),있음(비0),49,B형 검토,0,0.4762
2026-03-03,평일,01,멀뫼4R-남 (북향),있음(비0),132,B형 검토,0,0.4762
2026-03-03,평일,01,멀뫼사거리-북 (남향),없음(NULL),,B형,0,0.4762
2026-03-03,평일,02,멀뫼사거리-동 (서향),있음(비0),52,B형 검토,0,0.4762
2026-03-03,평일,02,멀뫼사거리-서 (동향),있음(비0),82,B형 검토,0,0.4762
2026-03-03,평일,02,멀뫼4R-남 (북향),있음(비0),139,B형 검토,0,0.4762
2026-03-03,평일,02,멀뫼사거리-북 (남향),없음(NULL),,B형,0,0.4762
2026-03-03,평일,03,멀뫼사거리-동 (서향),있음(비0),44,B형 검토,0,0.4762
2026-03-03,평일,03,멀뫼사거리-서 (동향),있음(비0),76,B형 검토,0,0.4762
2026-03-03,평일,03,멀뫼4R-남 (북향),있음(비0),112,B형 검토,0,0.4762
2026-03-03,평일,03,멀뫼사거리-북 (남향),없음(NULL),,B형,0,0.4762
2026-03-03,평일,04,멀뫼사거리-동 (서향),있음(비0),78,B형 검토,0,0.4762
2026-03-03,평일,04,멀뫼사거리-서 (동향),있음(비0),184,B형 검토,0,0.4762
2026-03-03,평일,04,멀뫼4R-남 (북향),있음(비0),216,B형 검토,0,0.4762
2026-03-03,평일,04,멀뫼사거리-북 (남향),없음(NULL),,B형,0,0.4762
2026-03-03,평일,05,멀뫼사거리-동 (서향),있음(비0),143,B형 검토,0,0.4762
2026-03-03,평일,05,멀뫼사거리-서 (동향),있음(비0),405,B형 검토,0,0.4762
2026-03-03,평일,05,멀뫼4R-남 (북향),있음(비0),604,B형 검토,0,0.4762
2026-03-03,평일,05,멀뫼사거리-북 (남향),없음(NULL),,B형,0,0.4762
2026-03-03,평일,06,멀뫼사거리-동 (서향),있음(비0),199,B형 검토,0,0.4762
2026-03-03,평일,06,멀뫼사거리-서 (동향),있음(비0),508,B형 검토,0,0.4762
2026-03-03,평일,06,멀뫼4R-남 (북향),있음(비0),1066,B형 검토,0,0.4762
2026-03-03,평일,06,멀뫼사거리-북 (남향),없음(NULL),,B형,0,0.4762
2026-03-03,평일,07,멀뫼사거리-동 (서향),있음(비0),340,B형 검토,0,0.4762
2026-03-03,평일,07,멀뫼사거리-서 (동향),있음(비0),758,B형 검토,0,0.4762
2026-03-03,평일,07,멀뫼4R-남 (북향),있음(비0),1749,B형 검토,0,0.4762
2026-03-03,평일,07,멀뫼사거리-북 (남향),없음(NULL),,B형,0,0.4762
2026-03-03,평일,08,멀뫼사거리-동 (서향),있음(비0),489,B형 검토,0,0.4762
2026-03-03,평일,08,멀뫼사거리-서 (동향),있음(비0),801,B형 검토,0,0.4762
2026-03-03,평일,08,멀뫼4R-남 (북향),있음(비0),1825,B형 검토,0,0.4762
2026-03-03,평일,08,멀뫼사거리-북 (남향),없음(NULL),,B형,0,0.4762
2026-03-03,평일,09,멀뫼사거리-동 (서향),있음(비0),386,B형 검토,0,0.4762
2026-03-03,평일,09,멀뫼사거리-서 (동향),있음(비0),809,B형 검토,0,0.4762
2026-03-03,평일,09,멀뫼4R-남 (북향),있음(비0),1542,B형 검토,0,0.4762
2026-03-03,평일,09,멀뫼사거리-북 (남향),없음(NULL),,B형,0,0.4762
2026-03-03,평일,10,멀뫼사거리-동 (서향),있음(비0),336,B형 검토,0,0.5000
2026-03-03,평일,10,멀뫼사거리-서 (동향),있음(비0),777,B형 검토,0,0.5000
2026-03-03,평일,10,멀뫼4R-남 (북향),있음(비0),1288,B형 검토,0,0.5000
2026-03-03,평일,10,멀뫼사거리-북 (남향),없음(NULL),,B형,0,0.5000
2026-03-03,평일,11,멀뫼사거리-동 (서향),있음(비0),304,B형 검토,0,0.4762
2026-03-03,평일,11,멀뫼사거리-서 (동향),있음(비0),695,B형 검토,0,0.4762
2026-03-03,평일,11,멀뫼4R-남 (북향),있음(비0),1197,B형 검토,0,0.4762
2026-03-03,평일,11,멀뫼사거리-북 (남향),없음(NULL),,B형,0,0.4762
2026-03-03,평일,12,멀뫼사거리-동 (서향),있음(비0),292,B형 검토,0,0.4762
2026-03-03,평일,12,멀뫼사거리-서 (동향),있음(비0),690,B형 검토,0,0.4762
2026-03-03,평일,12,멀뫼4R-남 (북향),있음(비0),1156,B형 검토,0,0.4762
2026-03-03,평일,12,멀뫼사거리-북 (남향),없음(NULL),,B형,0,0.4762
2026-03-03,평일,13,멀뫼사거리-동 (서향),있음(비0),357,B형 검토,0,0.4762
2026-03-03,평일,13,멀뫼사거리-서 (동향),있음(비0),687,B형 검토,0,0.4762
2026-03-03,평일,13,멀뫼4R-남 (북향),있음(비0),1279,B형 검토,0,0.4762
2026-03-03,평일,13,멀뫼사거리-북 (남향),없음(NULL),,B형,0,0.4762
2026-03-03,평일,14,멀뫼사거리-동 (서향),있음(비0),318,B형 검토,0,0.4762
2026-03-03,평일,14,멀뫼사거리-서 (동향),있음(비0),762,B형 검토,0,0.4762
2026-03-03,평일,14,멀뫼4R-남 (북향),있음(비0),1268,B형 검토,0,0.4762
2026-03-03,평일,14,멀뫼사거리-북 (남향),없음(NULL),,B형,0,0.4762
2026-03-03,평일,15,멀뫼사거리-동 (서향),있음(비0),313,B형 검토,0,0.5000
2026-03-03,평일,15,멀뫼사거리-서 (동향),있음(비0),733,B형 검토,0,0.5000
2026-03-03,평일,15,멀뫼4R-남 (북향),있음(비0),1305,B형 검토,0,0.5000
2026-03-03,평일,15,멀뫼사거리-북 (남향),없음(NULL),,B형,0,0.5000
2026-03-03,평일,16,멀뫼사거리-동 (서향),있음(비0),374,B형 검토,0,0.4762
2026-03-03,평일,16,멀뫼사거리-서 (동향),있음(비0),842,B형 검토,0,0.4762
2026-03-03,평일,16,멀뫼4R-남 (북향),있음(비0),1354,B형 검토,0,0.4762
2026-03-03,평일,16,멀뫼사거리-북 (남향),없음(NULL),,B형,0,0.4762
2026-03-03,평일,17,멀뫼사거리-동 (서향),있음(비0),423,B형 검토,0,0.4762
2026-03-03,평일,17,멀뫼사거리-서 (동향),있음(비0),810,B형 검토,0,0.4762
2026-03-03,평일,17,멀뫼4R-남 (북향),있음(비0),1371,B형 검토,0,0.4762
2026-03-03,평일,17,멀뫼사거리-북 (남향),없음(NULL),,B형,0,0.4762
2026-03-03,평일,18,멀뫼사거리-동 (서향),있음(비0),461,B형 검토,0,0.4762
2026-03-03,평일,18,멀뫼사거리-서 (동향),있음(비0),752,B형 검토,0,0.4762
2026-03-03,평일,18,멀뫼4R-남 (북향),있음(비0),1398,B형 검토,0,0.4762
2026-03-03,평일,18,멀뫼사거리-북 (남향),없음(NULL),,B형,0,0.4762
2026-03-03,평일,19,멀뫼사거리-동 (서향),있음(비0),258,B형 검토,0,0.4762
2026-03-03,평일,19,멀뫼사거리-서 (동향),있음(비0),535,B형 검토,0,0.4762
2026-03-03,평일,19,멀뫼4R-남 (북향),있음(비0),1162,B형 검토,0,0.4762
2026-03-03,평일,19,멀뫼사거리-북 (남향),없음(NULL),,B형,0,0.4762
2026-03-03,평일,20,멀뫼사거리-동 (서향),있음(비0),198,B형 검토,0,0.4762
2026-03-03,평일,20,멀뫼사거리-서 (동향),있음(비0),400,B형 검토,0,0.4762
2026-03-03,평일,20,멀뫼4R-남 (북향),있음(비0),967,B형 검토,0,0.4762
2026-03-03,평일,20,멀뫼사거리-북 (남향),없음(NULL),,B형,0,0.4762
2026-03-03,평일,21,멀뫼사거리-동 (서향),있음(비0),194,B형 검토,0,0.4762
2026-03-03,평일,21,멀뫼사거리-서 (동향),있음(비0),414,B형 검토,0,0.4762
2026-03-03,평일,21,멀뫼4R-남 (북향),있음(비0),747,B형 검토,0,0.4762
2026-03-03,평일,21,멀뫼사거리-북 (남향),없음(NULL),,B형,0,0.4762
2026-03-03,평일,22,멀뫼사거리-동 (서향),있음(비0),170,B형 검토,0,0.4762
2026-03-03,평일,22,멀뫼사거리-서 (동향),있음(비0),339,B형 검토,0,0.4762
2026-03-03,평일,22,멀뫼4R-남 (북향),있음(비0),513,B형 검토,0,0.4762
2026-03-03,평일,22,멀뫼사거리-북 (남향),없음(NULL),,B형,0,0.4762
2026-03-03,평일,23,멀뫼사거리-동 (서향),있음(비0),122,B형 검토,0,0.4762
2026-03-03,평일,23,멀뫼사거리-서 (동향),있음(비0),258,B형 검토,0,0.4762
2026-03-03,평일,23,멀뫼4R-남 (북향),있음(비0),404,B형 검토,0,0.4762
2026-03-03,평일,23,멀뫼사거리-북 (남향),없음(NULL),,B형,0,0.4762
2026-03-04,평일,00,멀뫼사거리-동 (서향),있음(비0),81,B형 검토,0,0.4762
2026-03-04,평일,00,멀뫼사거리-서 (동향),있음(비0),201,B형 검토,0,0.4762
2026-03-04,평일,00,멀뫼4R-남 (북향),있음(비0),287,B형 검토,0,0.4762
2026-03-04,평일,00,멀뫼사거리-북 (남향),없음(NULL),,B형,0,0.4762
2026-03-04,평일,01,멀뫼사거리-동 (서향),있음(비0),81,B형 검토,0,0.4762
2026-03-04,평일,01,멀뫼사거리-서 (동향),있음(비0),154,B형 검토,0,0.4762
2026-03-04,평일,01,멀뫼4R-남 (북향),있음(비0),176,B형 검토,0,0.4762
2026-03-04,평일,01,멀뫼사거리-북 (남향),없음(NULL),,B형,0,0.4762
2026-03-04,평일,02,멀뫼사거리-동 (서향),있음(비0),65,B형 검토,0,0.4762
2026-03-04,평일,02,멀뫼사거리-서 (동향),있음(비0),115,B형 검토,0,0.4762
2026-03-04,평일,02,멀뫼4R-남 (북향),있음(비0),130,B형 검토,0,0.4762
2026-03-04,평일,02,멀뫼사거리-북 (남향),없음(NULL),,B형,0,0.4762
2026-03-04,평일,03,멀뫼사거리-동 (서향),있음(비0),57,B형 검토,0,0.4762
2026-03-04,평일,03,멀뫼사거리-서 (동향),있음(비0),118,B형 검토,0,0.4762
2026-03-04,평일,03,멀뫼4R-남 (북향),있음(비0),124,B형 검토,0,0.4762
2026-03-04,평일,03,멀뫼사거리-북 (남향),없음(NULL),,B형,0,0.4762
2026-03-04,평일,04,멀뫼사거리-동 (서향),있음(비0),103,B형 검토,0,0.4762
2026-03-04,평일,04,멀뫼사거리-서 (동향),있음(비0),187,B형 검토,0,0.4762
2026-03-04,평일,04,멀뫼4R-남 (북향),있음(비0),244,B형 검토,0,0.4762
2026-03-04,평일,04,멀뫼사거리-북 (남향),없음(NULL),,B형,0,0.4762
2026-03-04,평일,05,멀뫼사거리-동 (서향),있음(비0),159,B형 검토,0,0.4762
2026-03-04,평일,05,멀뫼사거리-서 (동향),있음(비0),384,B형 검토,0,0.4762
2026-03-04,평일,05,멀뫼4R-남 (북향),있음(비0),575,B형 검토,0,0.4762
2026-03-04,평일,05,멀뫼사거리-북 (남향),없음(NULL),,B형,0,0.4762
2026-03-04,평일,06,멀뫼사거리-동 (서향),있음(비0),225,B형 검토,0,0.4762
2026-03-04,평일,06,멀뫼사거리-서 (동향),있음(비0),518,B형 검토,0,0.4762
2026-03-04,평일,06,멀뫼4R-남 (북향),있음(비0),1059,B형 검토,0,0.4762
2026-03-04,평일,06,멀뫼사거리-북 (남향),없음(NULL),,B형,0,0.4762
2026-03-04,평일,07,멀뫼사거리-동 (서향),있음(비0),300,B형 검토,0,0.4762
2026-03-04,평일,07,멀뫼사거리-서 (동향),있음(비0),770,B형 검토,0,0.4762
2026-03-04,평일,07,멀뫼4R-남 (북향),있음(비0),1664,B형 검토,0,0.4762
2026-03-04,평일,07,멀뫼사거리-북 (남향),없음(NULL),,B형,0,0.4762
2026-03-04,평일,08,멀뫼사거리-동 (서향),있음(비0),492,B형 검토,0,0.4762
2026-03-04,평일,08,멀뫼사거리-서 (동향),있음(비0),849,B형 검토,0,0.4762
2026-03-04,평일,08,멀뫼4R-남 (북향),있음(비0),1814,B형 검토,0,0.4762
2026-03-04,평일,08,멀뫼사거리-북 (남향),없음(NULL),,B형,0,0.4762
2026-03-04,평일,09,멀뫼사거리-동 (서향),있음(비0),404,B형 검토,0,0.4762
2026-03-04,평일,09,멀뫼사거리-서 (동향),있음(비0),791,B형 검토,0,0.4762
2026-03-04,평일,09,멀뫼4R-남 (북향),있음(비0),1536,B형 검토,0,0.4762
2026-03-04,평일,09,멀뫼사거리-북 (남향),없음(NULL),,B형,0,0.4762
2026-03-04,평일,10,멀뫼사거리-동 (서향),있음(비0),308,B형 검토,0,0.5000
2026-03-04,평일,10,멀뫼사거리-서 (동향),있음(비0),739,B형 검토,0,0.5000
2026-03-04,평일,10,멀뫼4R-남 (북향),있음(비0),1284,B형 검토,0,0.5000
2026-03-04,평일,10,멀뫼사거리-북 (남향),없음(NULL),,B형,0,0.5000
2026-03-04,평일,11,멀뫼사거리-동 (서향),있음(비0),317,B형 검토,0,0.4762
2026-03-04,평일,11,멀뫼사거리-서 (동향),있음(비0),744,B형 검토,0,0.4762
2026-03-04,평일,11,멀뫼4R-남 (북향),있음(비0),1190,B형 검토,0,0.4762
2026-03-04,평일,11,멀뫼사거리-북 (남향),없음(NULL),,B형,0,0.4762
2026-03-04,평일,12,멀뫼사거리-동 (서향),있음(비0),320,B형 검토,0,0.4762
2026-03-04,평일,12,멀뫼사거리-서 (동향),있음(비0),708,B형 검토,0,0.4762
2026-03-04,평일,12,멀뫼4R-남 (북향),있음(비0),1170,B형 검토,0,0.4762
2026-03-04,평일,12,멀뫼사거리-북 (남향),없음(NULL),,B형,0,0.4762
2026-03-04,평일,13,멀뫼사거리-동 (서향),있음(비0),339,B형 검토,0,0.4762
2026-03-04,평일,13,멀뫼사거리-서 (동향),있음(비0),698,B형 검토,0,0.4762
2026-03-04,평일,13,멀뫼4R-남 (북향),있음(비0),1240,B형 검토,0,0.4762
2026-03-04,평일,13,멀뫼사거리-북 (남향),없음(NULL),,B형,0,0.4762
2026-03-04,평일,14,멀뫼사거리-동 (서향),있음(비0),332,B형 검토,0,0.4762
2026-03-04,평일,14,멀뫼사거리-서 (동향),있음(비0),779,B형 검토,0,0.4762
2026-03-04,평일,14,멀뫼4R-남 (북향),있음(비0),1217,B형 검토,0,0.4762
2026-03-04,평일,14,멀뫼사거리-북 (남향),없음(NULL),,B형,0,0.4762
2026-03-04,평일,15,멀뫼사거리-동 (서향),있음(비0),355,B형 검토,0,0.5000
2026-03-04,평일,15,멀뫼사거리-서 (동향),있음(비0),821,B형 검토,0,0.5000
2026-03-04,평일,15,멀뫼4R-남 (북향),있음(비0),1333,B형 검토,0,0.5000
2026-03-04,평일,15,멀뫼사거리-북 (남향),없음(NULL),,B형,0,0.5000
2026-03-04,평일,16,멀뫼사거리-동 (서향),있음(비0),359,B형 검토,0,0.4762
2026-03-04,평일,16,멀뫼사거리-서 (동향),있음(비0),795,B형 검토,0,0.4762
2026-03-04,평일,16,멀뫼4R-남 (북향),있음(비0),1391,B형 검토,0,0.4762
2026-03-04,평일,16,멀뫼사거리-북 (남향),없음(NULL),,B형,0,0.4762
2026-03-04,평일,17,멀뫼사거리-동 (서향),있음(비0),459,B형 검토,0,0.4762
2026-03-04,평일,17,멀뫼사거리-서 (동향),있음(비0),773,B형 검토,0,0.4762
2026-03-04,평일,17,멀뫼4R-남 (북향),있음(비0),1417,B형 검토,0,0.4762
2026-03-04,평일,17,멀뫼사거리-북 (남향),없음(NULL),,B형,0,0.4762
2026-03-04,평일,18,멀뫼사거리-동 (서향),있음(비0),451,B형 검토,0,0.4762
2026-03-04,평일,18,멀뫼사거리-서 (동향),있음(비0),722,B형 검토,0,0.4762
2026-03-04,평일,18,멀뫼4R-남 (북향),있음(비0),1385,B형 검토,0,0.4762
2026-03-04,평일,18,멀뫼사거리-북 (남향),없음(NULL),,B형,0,0.4762
2026-03-04,평일,19,멀뫼사거리-동 (서향),있음(비0),273,B형 검토,0,0.4762
2026-03-04,평일,19,멀뫼사거리-서 (동향),있음(비0),520,B형 검토,0,0.4762
2026-03-04,평일,19,멀뫼4R-남 (북향),있음(비0),1214,B형 검토,0,0.4762
2026-03-04,평일,19,멀뫼사거리-북 (남향),없음(NULL),,B형,0,0.4762
2026-03-04,평일,20,멀뫼사거리-동 (서향),있음(비0),220,B형 검토,0,0.4762
2026-03-04,평일,20,멀뫼사거리-서 (동향),있음(비0),457,B형 검토,0,0.4762
2026-03-04,평일,20,멀뫼4R-남 (북향),있음(비0),935,B형 검토,0,0.4762
2026-03-04,평일,20,멀뫼사거리-북 (남향),없음(NULL),,B형,0,0.4762
2026-03-04,평일,21,멀뫼사거리-동 (서향),있음(비0),184,B형 검토,0,0.4762
2026-03-04,평일,21,멀뫼사거리-서 (동향),있음(비0),422,B형 검토,0,0.4762
2026-03-04,평일,21,멀뫼4R-남 (북향),있음(비0),781,B형 검토,0,0.4762
2026-03-04,평일,21,멀뫼사거리-북 (남향),없음(NULL),,B형,0,0.4762
2026-03-04,평일,22,멀뫼사거리-동 (서향),있음(비0),143,B형 검토,0,0.4762
2026-03-04,평일,22,멀뫼사거리-서 (동향),있음(비0),352,B형 검토,0,0.4762
2026-03-04,평일,22,멀뫼4R-남 (북향),있음(비0),580,B형 검토,0,0.4762
2026-03-04,평일,22,멀뫼사거리-북 (남향),없음(NULL),,B형,0,0.4762
2026-03-04,평일,23,멀뫼사거리-동 (서향),있음(비0),102,B형 검토,0,0.4762
2026-03-04,평일,23,멀뫼사거리-서 (동향),있음(비0),269,B형 검토,0,0.4762
2026-03-04,평일,23,멀뫼4R-남 (북향),있음(비0),369,B형 검토,0,0.4762
2026-03-04,평일,23,멀뫼사거리-북 (남향),없음(NULL),,B형,0,0.4762
2026-03-05,평일,00,멀뫼사거리-동 (서향),있음(비0),118,B형 검토,0,0.4762
2026-03-05,평일,00,멀뫼사거리-서 (동향),있음(비0),219,B형 검토,0,0.4762
2026-03-05,평일,00,멀뫼4R-남 (북향),있음(비0),320,B형 검토,0,0.4762
2026-03-05,평일,00,멀뫼사거리-북 (남향),없음(NULL),,B형,0,0.4762
2026-03-05,평일,01,멀뫼사거리-동 (서향),있음(비0),73,B형 검토,0,0.4762
2026-03-05,평일,01,멀뫼사거리-서 (동향),있음(비0),169,B형 검토,0,0.4762
2026-03-05,평일,01,멀뫼4R-남 (북향),있음(비0),214,B형 검토,0,0.4762
2026-03-05,평일,01,멀뫼사거리-북 (남향),없음(NULL),,B형,0,0.4762
2026-03-05,평일,02,멀뫼사거리-동 (서향),있음(비0),65,B형 검토,0,0.4762
2026-03-05,평일,02,멀뫼사거리-서 (동향),있음(비0),120,B형 검토,0,0.4762
2026-03-05,평일,02,멀뫼4R-남 (북향),있음(비0),131,B형 검토,0,0.4762
2026-03-05,평일,02,멀뫼사거리-북 (남향),없음(NULL),,B형,0,0.4762
2026-03-05,평일,03,멀뫼사거리-동 (서향),있음(비0),49,B형 검토,0,0.4762
2026-03-05,평일,03,멀뫼사거리-서 (동향),있음(비0),106,B형 검토,0,0.4762
2026-03-05,평일,03,멀뫼4R-남 (북향),있음(비0),163,B형 검토,0,0.4762
2026-03-05,평일,03,멀뫼사거리-북 (남향),없음(NULL),,B형,0,0.4762
2026-03-05,평일,04,멀뫼사거리-동 (서향),있음(비0),84,B형 검토,0,0.4762
2026-03-05,평일,04,멀뫼사거리-서 (동향),있음(비0),203,B형 검토,0,0.4762
2026-03-05,평일,04,멀뫼4R-남 (북향),있음(비0),243,B형 검토,0,0.4762
2026-03-05,평일,04,멀뫼사거리-북 (남향),없음(NULL),,B형,0,0.4762
2026-03-05,평일,05,멀뫼사거리-동 (서향),있음(비0),144,B형 검토,0,0.4762
2026-03-05,평일,05,멀뫼사거리-서 (동향),있음(비0),371,B형 검토,0,0.4762
2026-03-05,평일,05,멀뫼4R-남 (북향),있음(비0),567,B형 검토,0,0.4762
2026-03-05,평일,05,멀뫼사거리-북 (남향),없음(NULL),,B형,0,0.4762
2026-03-05,평일,06,멀뫼사거리-동 (서향),있음(비0),228,B형 검토,0,0.4762
2026-03-05,평일,06,멀뫼사거리-서 (동향),있음(비0),532,B형 검토,0,0.4762
2026-03-05,평일,06,멀뫼4R-남 (북향),있음(비0),1020,B형 검토,0,0.4762
2026-03-05,평일,06,멀뫼사거리-북 (남향),없음(NULL),,B형,0,0.4762
2026-03-05,평일,07,멀뫼사거리-동 (서향),있음(비0),302,B형 검토,0,0.4762
2026-03-05,평일,07,멀뫼사거리-서 (동향),있음(비0),745,B형 검토,0,0.4762
2026-03-05,평일,07,멀뫼4R-남 (북향),있음(비0),1685,B형 검토,0,0.4762
2026-03-05,평일,07,멀뫼사거리-북 (남향),없음(NULL),,B형,0,0.4762
2026-03-05,평일,08,멀뫼사거리-동 (서향),있음(비0),515,B형 검토,0,0.4762
2026-03-05,평일,08,멀뫼사거리-서 (동향),있음(비0),842,B형 검토,0,0.4762
2026-03-05,평일,08,멀뫼4R-남 (북향),있음(비0),1823,B형 검토,0,0.4762
2026-03-05,평일,08,멀뫼사거리-북 (남향),없음(NULL),,B형,0,0.4762
2026-03-05,평일,09,멀뫼사거리-동 (서향),있음(비0),404,B형 검토,0,0.4762
2026-03-05,평일,09,멀뫼사거리-서 (동향),있음(비0),768,B형 검토,0,0.4762
2026-03-05,평일,09,멀뫼4R-남 (북향),있음(비0),1542,B형 검토,0,0.4762
2026-03-05,평일,09,멀뫼사거리-북 (남향),없음(NULL),,B형,0,0.4762
2026-03-05,평일,10,멀뫼사거리-동 (서향),있음(비0),356,B형 검토,0,0.5000
2026-03-05,평일,10,멀뫼사거리-서 (동향),있음(비0),726,B형 검토,0,0.5000
2026-03-05,평일,10,멀뫼4R-남 (북향),있음(비0),1308,B형 검토,0,0.5000
2026-03-05,평일,10,멀뫼사거리-북 (남향),없음(NULL),,B형,0,0.5000
2026-03-05,평일,11,멀뫼사거리-동 (서향),있음(비0),329,B형 검토,0,0.4762
2026-03-05,평일,11,멀뫼사거리-서 (동향),있음(비0),754,B형 검토,0,0.4762
2026-03-05,평일,11,멀뫼4R-남 (북향),있음(비0),1196,B형 검토,0,0.4762
2026-03-05,평일,11,멀뫼사거리-북 (남향),없음(NULL),,B형,0,0.4762
2026-03-05,평일,12,멀뫼사거리-동 (서향),있음(비0),335,B형 검토,0,0.4762
2026-03-05,평일,12,멀뫼사거리-서 (동향),있음(비0),727,B형 검토,0,0.4762
2026-03-05,평일,12,멀뫼4R-남 (북향),있음(비0),1137,B형 검토,0,0.4762
2026-03-05,평일,12,멀뫼사거리-북 (남향),없음(NULL),,B형,0,0.4762
2026-03-05,평일,13,멀뫼사거리-동 (서향),있음(비0),289,B형 검토,0,0.4762
2026-03-05,평일,13,멀뫼사거리-서 (동향),있음(비0),687,B형 검토,0,0.4762
2026-03-05,평일,13,멀뫼4R-남 (북향),있음(비0),1155,B형 검토,0,0.4762
2026-03-05,평일,13,멀뫼사거리-북 (남향),없음(NULL),,B형,0,0.4762
2026-03-05,평일,14,멀뫼사거리-동 (서향),있음(비0),319,B형 검토,0,0.4762
2026-03-05,평일,14,멀뫼사거리-서 (동향),있음(비0),718,B형 검토,0,0.4762
2026-03-05,평일,14,멀뫼4R-남 (북향),있음(비0),1289,B형 검토,0,0.4762
2026-03-05,평일,14,멀뫼사거리-북 (남향),없음(NULL),,B형,0,0.4762
2026-03-05,평일,15,멀뫼사거리-동 (서향),있음(비0),294,B형 검토,0,0.5000
2026-03-05,평일,15,멀뫼사거리-서 (동향),있음(비0),825,B형 검토,0,0.5000
2026-03-05,평일,15,멀뫼4R-남 (북향),있음(비0),1316,B형 검토,0,0.5000
2026-03-05,평일,15,멀뫼사거리-북 (남향),없음(NULL),,B형,0,0.5000
2026-03-05,평일,16,멀뫼사거리-동 (서향),있음(비0),401,B형 검토,0,0.4762
2026-03-05,평일,16,멀뫼사거리-서 (동향),있음(비0),842,B형 검토,0,0.4762
2026-03-05,평일,16,멀뫼4R-남 (북향),있음(비0),1336,B형 검토,0,0.4762
2026-03-05,평일,16,멀뫼사거리-북 (남향),없음(NULL),,B형,0,0.4762
2026-03-05,평일,17,멀뫼사거리-동 (서향),있음(비0),471,B형 검토,0,0.4762
2026-03-05,평일,17,멀뫼사거리-서 (동향),있음(비0),686,B형 검토,0,0.4762
2026-03-05,평일,17,멀뫼4R-남 (북향),있음(비0),1390,B형 검토,0,0.4762
2026-03-05,평일,17,멀뫼사거리-북 (남향),없음(NULL),,B형,0,0.4762
2026-03-05,평일,18,멀뫼사거리-동 (서향),있음(비0),432,B형 검토,0,0.4762
2026-03-05,평일,18,멀뫼사거리-서 (동향),있음(비0),352,B형 검토,0,0.4762
2026-03-05,평일,18,멀뫼4R-남 (북향),있음(비0),1285,B형 검토,0,0.4762
2026-03-05,평일,18,멀뫼사거리-북 (남향),없음(NULL),,B형,0,0.4762
2026-03-05,평일,19,멀뫼사거리-동 (서향),있음(비0),278,B형 검토,0,0.4762
2026-03-05,평일,19,멀뫼사거리-서 (동향),있음(비0),365,B형 검토,0,0.4762
2026-03-05,평일,19,멀뫼4R-남 (북향),있음(비0),1158,B형 검토,0,0.4762
2026-03-05,평일,19,멀뫼사거리-북 (남향),없음(NULL),,B형,0,0.4762
2026-03-05,평일,20,멀뫼사거리-동 (서향),있음(비0),186,B형 검토,0,0.4762
2026-03-05,평일,20,멀뫼사거리-서 (동향),있음(비0),259,B형 검토,0,0.4762
2026-03-05,평일,20,멀뫼4R-남 (북향),있음(비0),956,B형 검토,0,0.4762
2026-03-05,평일,20,멀뫼사거리-북 (남향),없음(NULL),,B형,0,0.4762
2026-03-05,평일,21,멀뫼사거리-동 (서향),있음(비0),158,B형 검토,0,0.4762
2026-03-05,평일,21,멀뫼사거리-서 (동향),있음(비0),145,B형 검토,0,0.4762
2026-03-05,평일,21,멀뫼4R-남 (북향),있음(비0),784,B형 검토,0,0.4762
2026-03-05,평일,21,멀뫼사거리-북 (남향),없음(NULL),,B형,0,0.4762
2026-03-05,평일,22,멀뫼사거리-동 (서향),있음(비0),128,B형 검토,0,0.4762
2026-03-05,평일,22,멀뫼사거리-서 (동향),있음(비0),31,B형 검토,0,0.4762
2026-03-05,평일,22,멀뫼4R-남 (북향),있음(비0),487,B형 검토,0,0.4762
2026-03-05,평일,22,멀뫼사거리-북 (남향),없음(NULL),,B형,0,0.4762
2026-03-05,평일,23,멀뫼사거리-동 (서향),있음(비0),100,B형 검토,0,0.4762
2026-03-05,평일,23,멀뫼사거리-서 (동향),있음(비0),183,B형 검토,0,0.4762
2026-03-05,평일,23,멀뫼4R-남 (북향),있음(비0),320,B형 검토,0,0.4762
2026-03-05,평일,23,멀뫼사거리-북 (남향),없음(NULL),,B형,0,0.4762
2026-03-06,평일,00,멀뫼사거리-동 (서향),있음(비0),85,B형 검토,0,0.4762
2026-03-06,평일,00,멀뫼사거리-서 (동향),있음(비0),194,B형 검토,0,0.4762
2026-03-06,평일,00,멀뫼4R-남 (북향),있음(비0),284,B형 검토,0,0.4762
2026-03-06,평일,00,멀뫼사거리-북 (남향),없음(NULL),,B형,0,0.4762
2026-03-06,평일,01,멀뫼사거리-동 (서향),있음(비0),86,B형 검토,0,0.4762
2026-03-06,평일,01,멀뫼사거리-서 (동향),있음(비0),180,B형 검토,0,0.4762
2026-03-06,평일,01,멀뫼4R-남 (북향),있음(비0),206,B형 검토,0,0.4762
2026-03-06,평일,01,멀뫼사거리-북 (남향),없음(NULL),,B형,0,0.4762
2026-03-06,평일,02,멀뫼사거리-동 (서향),있음(비0),75,B형 검토,0,0.4762
2026-03-06,평일,02,멀뫼사거리-서 (동향),있음(비0),158,B형 검토,0,0.4762
2026-03-06,평일,02,멀뫼4R-남 (북향),있음(비0),169,B형 검토,0,0.4762
2026-03-06,평일,02,멀뫼사거리-북 (남향),없음(NULL),,B형,0,0.4762
2026-03-06,평일,03,멀뫼사거리-동 (서향),있음(비0),42,B형 검토,0,0.4762
2026-03-06,평일,03,멀뫼사거리-서 (동향),있음(비0),117,B형 검토,0,0.4762
2026-03-06,평일,03,멀뫼4R-남 (북향),있음(비0),145,B형 검토,0,0.4762
2026-03-06,평일,03,멀뫼사거리-북 (남향),없음(NULL),,B형,0,0.4762
2026-03-06,평일,04,멀뫼사거리-동 (서향),있음(비0),76,B형 검토,0,0.4762
2026-03-06,평일,04,멀뫼사거리-서 (동향),있음(비0),177,B형 검토,0,0.4762
2026-03-06,평일,04,멀뫼4R-남 (북향),있음(비0),238,B형 검토,0,0.4762
2026-03-06,평일,04,멀뫼사거리-북 (남향),없음(NULL),,B형,0,0.4762
2026-03-06,평일,05,멀뫼사거리-동 (서향),있음(비0),155,B형 검토,0,0.4762
2026-03-06,평일,05,멀뫼사거리-서 (동향),있음(비0),368,B형 검토,0,0.4762
2026-03-06,평일,05,멀뫼4R-남 (북향),있음(비0),548,B형 검토,0,0.4762
2026-03-06,평일,05,멀뫼사거리-북 (남향),없음(NULL),,B형,0,0.4762
2026-03-06,평일,06,멀뫼사거리-동 (서향),있음(비0),201,B형 검토,0,0.4762
2026-03-06,평일,06,멀뫼사거리-서 (동향),있음(비0),514,B형 검토,0,0.4762
2026-03-06,평일,06,멀뫼4R-남 (북향),있음(비0),968,B형 검토,0,0.4762
2026-03-06,평일,06,멀뫼사거리-북 (남향),없음(NULL),,B형,0,0.4762
2026-03-06,평일,07,멀뫼사거리-동 (서향),있음(비0),333,B형 검토,0,0.4762
2026-03-06,평일,07,멀뫼사거리-서 (동향),있음(비0),709,B형 검토,0,0.4762
2026-03-06,평일,07,멀뫼4R-남 (북향),있음(비0),1595,B형 검토,0,0.4762
2026-03-06,평일,07,멀뫼사거리-북 (남향),없음(NULL),,B형,0,0.4762
2026-03-06,평일,08,멀뫼사거리-동 (서향),있음(비0),501,B형 검토,0,0.4762
2026-03-06,평일,08,멀뫼사거리-서 (동향),있음(비0),832,B형 검토,0,0.4762
2026-03-06,평일,08,멀뫼4R-남 (북향),있음(비0),1826,B형 검토,0,0.4762
2026-03-06,평일,08,멀뫼사거리-북 (남향),없음(NULL),,B형,0,0.4762
2026-03-06,평일,09,멀뫼사거리-동 (서향),있음(비0),409,B형 검토,0,0.4762
2026-03-06,평일,09,멀뫼사거리-서 (동향),있음(비0),783,B형 검토,0,0.4762
2026-03-06,평일,09,멀뫼4R-남 (북향),있음(비0),1452,B형 검토,0,0.4762
2026-03-06,평일,09,멀뫼사거리-북 (남향),없음(NULL),,B형,0,0.4762
2026-03-06,평일,10,멀뫼사거리-동 (서향),있음(비0),347,B형 검토,0,0.5000
2026-03-06,평일,10,멀뫼사거리-서 (동향),있음(비0),732,B형 검토,0,0.5000
2026-03-06,평일,10,멀뫼4R-남 (북향),있음(비0),1319,B형 검토,0,0.5000
2026-03-06,평일,10,멀뫼사거리-북 (남향),없음(NULL),,B형,0,0.5000
2026-03-06,평일,11,멀뫼사거리-동 (서향),있음(비0),315,B형 검토,0,0.4762
2026-03-06,평일,11,멀뫼사거리-서 (동향),있음(비0),768,B형 검토,0,0.4762
2026-03-06,평일,11,멀뫼4R-남 (북향),있음(비0),1166,B형 검토,0,0.4762
2026-03-06,평일,11,멀뫼사거리-북 (남향),없음(NULL),,B형,0,0.4762
2026-03-06,평일,12,멀뫼사거리-동 (서향),있음(비0),291,B형 검토,0,0.4762
2026-03-06,평일,12,멀뫼사거리-서 (동향),있음(비0),724,B형 검토,0,0.4762
2026-03-06,평일,12,멀뫼4R-남 (북향),있음(비0),1149,B형 검토,0,0.4762
2026-03-06,평일,12,멀뫼사거리-북 (남향),없음(NULL),,B형,0,0.4762
2026-03-06,평일,13,멀뫼사거리-동 (서향),있음(비0),331,B형 검토,0,0.4762
2026-03-06,평일,13,멀뫼사거리-서 (동향),있음(비0),734,B형 검토,0,0.4762
2026-03-06,평일,13,멀뫼4R-남 (북향),있음(비0),1318,B형 검토,0,0.4762
2026-03-06,평일,13,멀뫼사거리-북 (남향),없음(NULL),,B형,0,0.4762
2026-03-06,평일,14,멀뫼사거리-동 (서향),있음(비0),338,B형 검토,0,0.4762
2026-03-06,평일,14,멀뫼사거리-서 (동향),있음(비0),786,B형 검토,0,0.4762
2026-03-06,평일,14,멀뫼4R-남 (북향),있음(비0),1288,B형 검토,0,0.4762
2026-03-06,평일,14,멀뫼사거리-북 (남향),있음(비0),13,B형 검토,0,0.4762
2026-03-06,평일,15,멀뫼사거리-동 (서향),있음(비0),363,B형 검토,0,0.5000
2026-03-06,평일,15,멀뫼사거리-서 (동향),있음(비0),765,B형 검토,0,0.5000
2026-03-06,평일,15,멀뫼4R-남 (북향),있음(비0),1298,B형 검토,0,0.5000
2026-03-06,평일,15,멀뫼사거리-북 (남향),없음(NULL),,B형,0,0.5000
2026-03-06,평일,16,멀뫼사거리-동 (서향),있음(비0),394,B형 검토,0,0.4762
2026-03-06,평일,16,멀뫼사거리-서 (동향),있음(비0),818,B형 검토,0,0.4762
2026-03-06,평일,16,멀뫼4R-남 (북향),있음(비0),1410,B형 검토,0,0.4762
2026-03-06,평일,16,멀뫼사거리-북 (남향),없음(NULL),,B형,0,0.4762
2026-03-06,평일,17,멀뫼사거리-동 (서향),있음(비0),472,B형 검토,0,0.4762
2026-03-06,평일,17,멀뫼사거리-서 (동향),있음(비0),815,B형 검토,0,0.4762
2026-03-06,평일,17,멀뫼4R-남 (북향),있음(비0),1458,B형 검토,0,0.4762
2026-03-06,평일,17,멀뫼사거리-북 (남향),없음(NULL),,B형,0,0.4762
2026-03-06,평일,18,멀뫼사거리-동 (서향),있음(비0),428,B형 검토,0,0.4762
2026-03-06,평일,18,멀뫼사거리-서 (동향),있음(비0),755,B형 검토,0,0.4762
2026-03-06,평일,18,멀뫼4R-남 (북향),있음(비0),1431,B형 검토,0,0.4762
2026-03-06,평일,18,멀뫼사거리-북 (남향),없음(NULL),,B형,0,0.4762
2026-03-06,평일,19,멀뫼사거리-동 (서향),있음(비0),297,B형 검토,0,0.4762
2026-03-06,평일,19,멀뫼사거리-서 (동향),있음(비0),563,B형 검토,0,0.4762
2026-03-06,평일,19,멀뫼4R-남 (북향),있음(비0),1288,B형 검토,0,0.4762
2026-03-06,평일,19,멀뫼사거리-북 (남향),없음(NULL),,B형,0,0.4762
2026-03-06,평일,20,멀뫼사거리-동 (서향),있음(비0),250,B형 검토,0,0.4762
2026-03-06,평일,20,멀뫼사거리-서 (동향),있음(비0),429,B형 검토,0,0.4762
2026-03-06,평일,20,멀뫼4R-남 (북향),있음(비0),1066,B형 검토,0,0.4762
2026-03-06,평일,20,멀뫼사거리-북 (남향),없음(NULL),,B형,0,0.4762
2026-03-06,평일,21,멀뫼사거리-동 (서향),있음(비0),183,B형 검토,0,0.4762
2026-03-06,평일,21,멀뫼사거리-서 (동향),있음(비0),406,B형 검토,0,0.4762
2026-03-06,평일,21,멀뫼4R-남 (북향),있음(비0),866,B형 검토,0,0.4762
2026-03-06,평일,21,멀뫼사거리-북 (남향),없음(NULL),,B형,0,0.4762
2026-03-06,평일,22,멀뫼사거리-동 (서향),있음(비0),186,B형 검토,0,0.4762
2026-03-06,평일,22,멀뫼사거리-서 (동향),있음(비0),411,B형 검토,0,0.4762
2026-03-06,평일,22,멀뫼4R-남 (북향),있음(비0),686,B형 검토,0,0.4762
2026-03-06,평일,22,멀뫼사거리-북 (남향),없음(NULL),,B형,0,0.4762
2026-03-06,평일,23,멀뫼사거리-동 (서향),있음(비0),159,B형 검토,0,0.4762
2026-03-06,평일,23,멀뫼사거리-서 (동향),있음(비0),358,B형 검토,0,0.4762
2026-03-06,평일,23,멀뫼4R-남 (북향),있음(비0),486,B형 검토,0,0.4762
2026-03-06,평일,23,멀뫼사거리-북 (남향),없음(NULL),,B형,0,0.4762
2026-03-07,토요일,00,멀뫼사거리-동 (서향),있음(비0),142,B형 검토,0,0.4000
2026-03-07,토요일,00,멀뫼사거리-서 (동향),있음(비0),284,B형 검토,0,0.4000
2026-03-07,토요일,00,멀뫼4R-남 (북향),있음(비0),393,B형 검토,0,0.4000
2026-03-07,토요일,00,멀뫼사거리-북 (남향),없음(NULL),,B형,0,0.4000
2026-03-07,토요일,01,멀뫼사거리-동 (서향),있음(비0),102,B형 검토,0,0.4000
2026-03-07,토요일,01,멀뫼사거리-서 (동향),있음(비0),187,B형 검토,0,0.4000
2026-03-07,토요일,01,멀뫼4R-남 (북향),있음(비0),289,B형 검토,0,0.4000
2026-03-07,토요일,01,멀뫼사거리-북 (남향),없음(NULL),,B형,0,0.4000
2026-03-07,토요일,02,멀뫼사거리-동 (서향),있음(비0),103,B형 검토,0,0.4000
2026-03-07,토요일,02,멀뫼사거리-서 (동향),있음(비0),191,B형 검토,0,0.4000
2026-03-07,토요일,02,멀뫼4R-남 (북향),있음(비0),196,B형 검토,0,0.4000
2026-03-07,토요일,02,멀뫼사거리-북 (남향),없음(NULL),,B형,0,0.4000
2026-03-07,토요일,03,멀뫼사거리-동 (서향),있음(비0),76,B형 검토,0,0.4000
2026-03-07,토요일,03,멀뫼사거리-서 (동향),있음(비0),140,B형 검토,0,0.4000
2026-03-07,토요일,03,멀뫼4R-남 (북향),있음(비0),197,B형 검토,0,0.4000
2026-03-07,토요일,03,멀뫼사거리-북 (남향),없음(NULL),,B형,0,0.4000
2026-03-07,토요일,04,멀뫼사거리-동 (서향),있음(비0),87,B형 검토,0,0.4000
2026-03-07,토요일,04,멀뫼사거리-서 (동향),있음(비0),207,B형 검토,0,0.4000
2026-03-07,토요일,04,멀뫼4R-남 (북향),있음(비0),256,B형 검토,0,0.4000
2026-03-07,토요일,04,멀뫼사거리-북 (남향),없음(NULL),,B형,0,0.4000
2026-03-07,토요일,05,멀뫼사거리-동 (서향),있음(비0),126,B형 검토,0,0.4000
2026-03-07,토요일,05,멀뫼사거리-서 (동향),있음(비0),291,B형 검토,0,0.4000
2026-03-07,토요일,05,멀뫼4R-남 (북향),있음(비0),508,B형 검토,0,0.4000
2026-03-07,토요일,05,멀뫼사거리-북 (남향),없음(NULL),,B형,0,0.4000
2026-03-07,토요일,06,멀뫼사거리-동 (서향),있음(비0),138,B형 검토,0,0.4000
2026-03-07,토요일,06,멀뫼사거리-서 (동향),있음(비0),343,B형 검토,0,0.4000
2026-03-07,토요일,06,멀뫼4R-남 (북향),있음(비0),641,B형 검토,0,0.4000
2026-03-07,토요일,06,멀뫼사거리-북 (남향),없음(NULL),,B형,0,0.4000
2026-03-07,토요일,07,멀뫼사거리-동 (서향),있음(비0),169,B형 검토,0,0.4000
2026-03-07,토요일,07,멀뫼사거리-서 (동향),있음(비0),379,B형 검토,0,0.4000
2026-03-07,토요일,07,멀뫼4R-남 (북향),있음(비0),694,B형 검토,0,0.4000
2026-03-07,토요일,07,멀뫼사거리-북 (남향),없음(NULL),,B형,0,0.4000
2026-03-07,토요일,08,멀뫼사거리-동 (서향),있음(비0),261,B형 검토,0,0.4000
2026-03-07,토요일,08,멀뫼사거리-서 (동향),있음(비0),554,B형 검토,0,0.4000
2026-03-07,토요일,08,멀뫼4R-남 (북향),있음(비0),1006,B형 검토,0,0.4000
2026-03-07,토요일,08,멀뫼사거리-북 (남향),없음(NULL),,B형,0,0.4000
2026-03-07,토요일,09,멀뫼사거리-동 (서향),있음(비0),324,B형 검토,0,0.4000
2026-03-07,토요일,09,멀뫼사거리-서 (동향),있음(비0),641,B형 검토,0,0.4000
2026-03-07,토요일,09,멀뫼4R-남 (북향),있음(비0),1194,B형 검토,0,0.4000
2026-03-07,토요일,09,멀뫼사거리-북 (남향),있음(비0),36,B형 검토,0,0.4000
2026-03-07,토요일,10,멀뫼사거리-동 (서향),있음(비0),310,B형 검토,0,0.4000
2026-03-07,토요일,10,멀뫼사거리-서 (동향),있음(비0),682,B형 검토,0,0.4000
2026-03-07,토요일,10,멀뫼4R-남 (북향),있음(비0),1237,B형 검토,0,0.4000
2026-03-07,토요일,10,멀뫼사거리-북 (남향),없음(NULL),,B형,0,0.4000
2026-03-07,토요일,11,멀뫼사거리-동 (서향),있음(비0),369,B형 검토,0,0.4000
2026-03-07,토요일,11,멀뫼사거리-서 (동향),있음(비0),784,B형 검토,0,0.4000
2026-03-07,토요일,11,멀뫼4R-남 (북향),있음(비0),1321,B형 검토,0,0.4000
2026-03-07,토요일,11,멀뫼사거리-북 (남향),없음(NULL),,B형,0,0.4000
2026-03-07,토요일,12,멀뫼사거리-동 (서향),있음(비0),353,B형 검토,0,0.4000
2026-03-07,토요일,12,멀뫼사거리-서 (동향),있음(비0),798,B형 검토,0,0.4000
2026-03-07,토요일,12,멀뫼4R-남 (북향),있음(비0),1416,B형 검토,0,0.4000
2026-03-07,토요일,12,멀뫼사거리-북 (남향),없음(NULL),,B형,0,0.4000
2026-03-07,토요일,13,멀뫼사거리-동 (서향),있음(비0),329,B형 검토,0,0.4000
2026-03-07,토요일,13,멀뫼사거리-서 (동향),있음(비0),748,B형 검토,0,0.4000
2026-03-07,토요일,13,멀뫼4R-남 (북향),있음(비0),1376,B형 검토,0,0.4000
2026-03-07,토요일,13,멀뫼사거리-북 (남향),있음(비0),4,B형 검토,0,0.4000
2026-03-07,토요일,14,멀뫼사거리-동 (서향),있음(비0),315,B형 검토,0,0.4000
2026-03-07,토요일,14,멀뫼사거리-서 (동향),있음(비0),733,B형 검토,0,0.4000
2026-03-07,토요일,14,멀뫼4R-남 (북향),있음(비0),1311,B형 검토,0,0.4000
2026-03-07,토요일,14,멀뫼사거리-북 (남향),없음(NULL),,B형,0,0.4000
2026-03-07,토요일,15,멀뫼사거리-동 (서향),있음(비0),331,B형 검토,0,0.4000
2026-03-07,토요일,15,멀뫼사거리-서 (동향),있음(비0),781,B형 검토,0,0.4000
2026-03-07,토요일,15,멀뫼4R-남 (북향),있음(비0),1418,B형 검토,0,0.4000
2026-03-07,토요일,15,멀뫼사거리-북 (남향),없음(NULL),,B형,0,0.4000
2026-03-07,토요일,16,멀뫼사거리-동 (서향),있음(비0),337,B형 검토,0,0.4000
2026-03-07,토요일,16,멀뫼사거리-서 (동향),있음(비0),811,B형 검토,0,0.4000
2026-03-07,토요일,16,멀뫼4R-남 (북향),있음(비0),1425,B형 검토,0,0.4000
2026-03-07,토요일,16,멀뫼사거리-북 (남향),없음(NULL),,B형,0,0.4000
2026-03-07,토요일,17,멀뫼사거리-동 (서향),있음(비0),337,B형 검토,0,0.4000
2026-03-07,토요일,17,멀뫼사거리-서 (동향),있음(비0),791,B형 검토,0,0.4000
2026-03-07,토요일,17,멀뫼4R-남 (북향),있음(비0),1408,B형 검토,0,0.4000
2026-03-07,토요일,17,멀뫼사거리-북 (남향),없음(NULL),,B형,0,0.4000
2026-03-07,토요일,18,멀뫼사거리-동 (서향),있음(비0),296,B형 검토,0,0.4000
2026-03-07,토요일,18,멀뫼사거리-서 (동향),있음(비0),713,B형 검토,0,0.4000
2026-03-07,토요일,18,멀뫼4R-남 (북향),있음(비0),1288,B형 검토,0,0.4000
2026-03-07,토요일,18,멀뫼사거리-북 (남향),없음(NULL),,B형,0,0.4000
2026-03-07,토요일,19,멀뫼사거리-동 (서향),있음(비0),260,B형 검토,0,0.4000
2026-03-07,토요일,19,멀뫼사거리-서 (동향),있음(비0),542,B형 검토,0,0.4000
2026-03-07,토요일,19,멀뫼4R-남 (북향),있음(비0),951,B형 검토,0,0.4000
2026-03-07,토요일,19,멀뫼사거리-북 (남향),있음(비0),437,B형 검토,0,0.4000
2026-03-07,토요일,20,멀뫼사거리-동 (서향),있음(비0),215,B형 검토,0,0.4000
2026-03-07,토요일,20,멀뫼사거리-서 (동향),있음(비0),461,B형 검토,0,0.4000
2026-03-07,토요일,20,멀뫼4R-남 (북향),있음(비0),813,B형 검토,0,0.4000
2026-03-07,토요일,20,멀뫼사거리-북 (남향),있음(비0),628,B형 검토,0,0.4000
2026-03-07,토요일,21,멀뫼사거리-동 (서향),있음(비0),194,B형 검토,0,0.4000
2026-03-07,토요일,21,멀뫼사거리-서 (동향),있음(비0),443,B형 검토,0,0.4000
2026-03-07,토요일,21,멀뫼4R-남 (북향),있음(비0),766,B형 검토,0,0.4000
2026-03-07,토요일,21,멀뫼사거리-북 (남향),있음(비0),543,B형 검토,0,0.4000
2026-03-07,토요일,22,멀뫼사거리-동 (서향),있음(비0),166,B형 검토,0,0.4000
2026-03-07,토요일,22,멀뫼사거리-서 (동향),있음(비0),381,B형 검토,0,0.4000
2026-03-07,토요일,22,멀뫼4R-남 (북향),있음(비0),566,B형 검토,0,0.4000
2026-03-07,토요일,22,멀뫼사거리-북 (남향),있음(비0),467,B형 검토,0,0.4000
2026-03-07,토요일,23,멀뫼사거리-동 (서향),있음(비0),149,B형 검토,0,0.4000
2026-03-07,토요일,23,멀뫼사거리-서 (동향),있음(비0),333,B형 검토,0,0.4000
2026-03-07,토요일,23,멀뫼4R-남 (북향),있음(비0),441,B형 검토,0,0.4000
2026-03-07,토요일,23,멀뫼사거리-북 (남향),있음(비0),287,B형 검토,0,0.4000
2026-03-08,일·공휴일,00,멀뫼사거리-동 (서향),있음(비0),125,B형 검토,0,0.2000
2026-03-08,일·공휴일,00,멀뫼사거리-서 (동향),있음(비0),260,B형 검토,0,0.2000
2026-03-08,일·공휴일,00,멀뫼4R-남 (북향),있음(비0),369,B형 검토,0,0.2000
2026-03-08,일·공휴일,00,멀뫼사거리-북 (남향),있음(비0),225,B형 검토,0,0.2000
2026-03-08,일·공휴일,01,멀뫼사거리-동 (서향),있음(비0),97,B형 검토,0,0.2000
2026-03-08,일·공휴일,01,멀뫼사거리-서 (동향),있음(비0),228,B형 검토,0,0.2000
2026-03-08,일·공휴일,01,멀뫼4R-남 (북향),있음(비0),269,B형 검토,0,0.2000
2026-03-08,일·공휴일,01,멀뫼사거리-북 (남향),있음(비0),176,B형 검토,0,0.2000
2026-03-08,일·공휴일,02,멀뫼사거리-동 (서향),있음(비0),109,B형 검토,0,0.2000
2026-03-08,일·공휴일,02,멀뫼사거리-서 (동향),있음(비0),206,B형 검토,0,0.2000
2026-03-08,일·공휴일,02,멀뫼4R-남 (북향),있음(비0),231,B형 검토,0,0.2000
2026-03-08,일·공휴일,02,멀뫼사거리-북 (남향),있음(비0),119,B형 검토,0,0.2000
2026-03-08,일·공휴일,03,멀뫼사거리-동 (서향),있음(비0),71,B형 검토,0,0.2000
2026-03-08,일·공휴일,03,멀뫼사거리-서 (동향),있음(비0),147,B형 검토,0,0.2000
2026-03-08,일·공휴일,03,멀뫼4R-남 (북향),있음(비0),155,B형 검토,0,0.2000
2026-03-08,일·공휴일,03,멀뫼사거리-북 (남향),있음(비0),105,B형 검토,0,0.2000
2026-03-08,일·공휴일,04,멀뫼사거리-동 (서향),있음(비0),60,B형 검토,0,0.2000
2026-03-08,일·공휴일,04,멀뫼사거리-서 (동향),있음(비0),151,B형 검토,0,0.2000
2026-03-08,일·공휴일,04,멀뫼4R-남 (북향),있음(비0),151,B형 검토,0,0.2000
2026-03-08,일·공휴일,04,멀뫼사거리-북 (남향),있음(비0),116,B형 검토,0,0.2000
2026-03-08,일·공휴일,05,멀뫼사거리-동 (서향),있음(비0),72,B형 검토,0,0.2000
2026-03-08,일·공휴일,05,멀뫼사거리-서 (동향),있음(비0),153,B형 검토,0,0.2000
2026-03-08,일·공휴일,05,멀뫼4R-남 (북향),있음(비0),273,B형 검토,0,0.2000
2026-03-08,일·공휴일,05,멀뫼사거리-북 (남향),있음(비0),195,B형 검토,0,0.2000
2026-03-08,일·공휴일,06,멀뫼사거리-동 (서향),있음(비0),111,B형 검토,0,0.2000
2026-03-08,일·공휴일,06,멀뫼사거리-서 (동향),있음(비0),219,B형 검토,0,0.2000
2026-03-08,일·공휴일,06,멀뫼4R-남 (북향),있음(비0),401,B형 검토,0,0.2000
2026-03-08,일·공휴일,06,멀뫼사거리-북 (남향),있음(비0),270,B형 검토,0,0.2000
2026-03-08,일·공휴일,07,멀뫼사거리-동 (서향),있음(비0),122,B형 검토,0,0.2000
2026-03-08,일·공휴일,07,멀뫼사거리-서 (동향),있음(비0),259,B형 검토,0,0.2000
2026-03-08,일·공휴일,07,멀뫼4R-남 (북향),있음(비0),515,B형 검토,0,0.2000
2026-03-08,일·공휴일,07,멀뫼사거리-북 (남향),있음(비0),21,B형 검토,0,0.2000
2026-03-08,일·공휴일,08,멀뫼사거리-동 (서향),있음(비0),150,B형 검토,0,0.2000
2026-03-08,일·공휴일,08,멀뫼사거리-서 (동향),있음(비0),405,B형 검토,0,0.2000
2026-03-08,일·공휴일,08,멀뫼4R-남 (북향),있음(비0),662,B형 검토,0,0.2000
2026-03-08,일·공휴일,08,멀뫼사거리-북 (남향),없음(NULL),,B형,0,0.2000
2026-03-08,일·공휴일,09,멀뫼사거리-동 (서향),있음(비0),216,B형 검토,0,0.2000
2026-03-08,일·공휴일,09,멀뫼사거리-서 (동향),있음(비0),476,B형 검토,0,0.2000
2026-03-08,일·공휴일,09,멀뫼4R-남 (북향),있음(비0),757,B형 검토,0,0.2000
2026-03-08,일·공휴일,09,멀뫼사거리-북 (남향),없음(NULL),,B형,0,0.2000
2026-03-08,일·공휴일,10,멀뫼사거리-동 (서향),있음(비0),262,B형 검토,0,0.2000
2026-03-08,일·공휴일,10,멀뫼사거리-서 (동향),있음(비0),554,B형 검토,0,0.2000
2026-03-08,일·공휴일,10,멀뫼4R-남 (북향),있음(비0),1104,B형 검토,0,0.2000
2026-03-08,일·공휴일,10,멀뫼사거리-북 (남향),없음(NULL),,B형,0,0.2000
2026-03-08,일·공휴일,11,멀뫼사거리-동 (서향),있음(비0),304,B형 검토,0,0.2000
2026-03-08,일·공휴일,11,멀뫼사거리-서 (동향),있음(비0),570,B형 검토,0,0.2000
2026-03-08,일·공휴일,11,멀뫼4R-남 (북향),있음(비0),1082,B형 검토,0,0.2000
2026-03-08,일·공휴일,11,멀뫼사거리-북 (남향),없음(NULL),,B형,0,0.2000
2026-03-08,일·공휴일,12,멀뫼사거리-동 (서향),있음(비0),330,B형 검토,0,0.2000
2026-03-08,일·공휴일,12,멀뫼사거리-서 (동향),있음(비0),663,B형 검토,0,0.2000
2026-03-08,일·공휴일,12,멀뫼4R-남 (북향),있음(비0),1085,B형 검토,0,0.2000
2026-03-08,일·공휴일,12,멀뫼사거리-북 (남향),없음(NULL),,B형,0,0.2000
2026-03-08,일·공휴일,13,멀뫼사거리-동 (서향),있음(비0),313,B형 검토,0,0.2000
2026-03-08,일·공휴일,13,멀뫼사거리-서 (동향),있음(비0),709,B형 검토,0,0.2000
2026-03-08,일·공휴일,13,멀뫼4R-남 (북향),있음(비0),1128,B형 검토,0,0.2000
2026-03-08,일·공휴일,13,멀뫼사거리-북 (남향),없음(NULL),,B형,0,0.2000
2026-03-08,일·공휴일,14,멀뫼사거리-동 (서향),있음(비0),303,B형 검토,0,0.2000
2026-03-08,일·공휴일,14,멀뫼사거리-서 (동향),있음(비0),671,B형 검토,0,0.2000
2026-03-08,일·공휴일,14,멀뫼4R-남 (북향),있음(비0),1194,B형 검토,0,0.2000
2026-03-08,일·공휴일,14,멀뫼사거리-북 (남향),없음(NULL),,B형,0,0.2000
2026-03-08,일·공휴일,15,멀뫼사거리-동 (서향),있음(비0),270,B형 검토,0,0.2000
2026-03-08,일·공휴일,15,멀뫼사거리-서 (동향),있음(비0),725,B형 검토,0,0.2000
2026-03-08,일·공휴일,15,멀뫼4R-남 (북향),있음(비0),1239,B형 검토,0,0.2000
2026-03-08,일·공휴일,15,멀뫼사거리-북 (남향),없음(NULL),,B형,0,0.2000
2026-03-08,일·공휴일,16,멀뫼사거리-동 (서향),있음(비0),307,B형 검토,0,0.2000
2026-03-08,일·공휴일,16,멀뫼사거리-서 (동향),있음(비0),635,B형 검토,0,0.2000
2026-03-08,일·공휴일,16,멀뫼4R-남 (북향),있음(비0),1246,B형 검토,0,0.2000
2026-03-08,일·공휴일,16,멀뫼사거리-북 (남향),없음(NULL),,B형,0,0.2000
2026-03-08,일·공휴일,17,멀뫼사거리-동 (서향),있음(비0),284,B형 검토,0,0.2000
2026-03-08,일·공휴일,17,멀뫼사거리-서 (동향),있음(비0),696,B형 검토,0,0.2000
2026-03-08,일·공휴일,17,멀뫼4R-남 (북향),있음(비0),1075,B형 검토,0,0.2000
2026-03-08,일·공휴일,17,멀뫼사거리-북 (남향),없음(NULL),,B형,0,0.2000
2026-03-08,일·공휴일,18,멀뫼사거리-동 (서향),있음(비0),243,B형 검토,0,0.2000
2026-03-08,일·공휴일,18,멀뫼사거리-서 (동향),있음(비0),645,B형 검토,0,0.2000
2026-03-08,일·공휴일,18,멀뫼4R-남 (북향),있음(비0),887,B형 검토,0,0.2000
2026-03-08,일·공휴일,18,멀뫼사거리-북 (남향),없음(NULL),,B형,0,0.2000
2026-03-08,일·공휴일,19,멀뫼사거리-동 (서향),있음(비0),210,B형 검토,0,0.2000
2026-03-08,일·공휴일,19,멀뫼사거리-서 (동향),있음(비0),496,B형 검토,0,0.2000
2026-03-08,일·공휴일,19,멀뫼4R-남 (북향),있음(비0),747,B형 검토,0,0.2000
2026-03-08,일·공휴일,19,멀뫼사거리-북 (남향),없음(NULL),,B형,0,0.2000
2026-03-08,일·공휴일,20,멀뫼사거리-동 (서향),있음(비0),195,B형 검토,0,0.2000
2026-03-08,일·공휴일,20,멀뫼사거리-서 (동향),있음(비0),430,B형 검토,0,0.2000
2026-03-08,일·공휴일,20,멀뫼4R-남 (북향),있음(비0),734,B형 검토,0,0.2000
2026-03-08,일·공휴일,20,멀뫼사거리-북 (남향),없음(NULL),,B형,0,0.2000
2026-03-08,일·공휴일,21,멀뫼사거리-동 (서향),있음(비0),177,B형 검토,0,0.2000
2026-03-08,일·공휴일,21,멀뫼사거리-서 (동향),있음(비0),385,B형 검토,0,0.2000
2026-03-08,일·공휴일,21,멀뫼4R-남 (북향),있음(비0),643,B형 검토,0,0.2000
2026-03-08,일·공휴일,21,멀뫼사거리-북 (남향),없음(NULL),,B형,0,0.2000
2026-03-08,일·공휴일,22,멀뫼사거리-동 (서향),있음(비0),113,B형 검토,0,0.2000
2026-03-08,일·공휴일,22,멀뫼사거리-서 (동향),있음(비0),307,B형 검토,0,0.2000
2026-03-08,일·공휴일,22,멀뫼4R-남 (북향),있음(비0),440,B형 검토,0,0.2000
2026-03-08,일·공휴일,22,멀뫼사거리-북 (남향),없음(NULL),,B형,0,0.2000
2026-03-08,일·공휴일,23,멀뫼사거리-동 (서향),있음(비0),103,B형 검토,0,0.2000
2026-03-08,일·공휴일,23,멀뫼사거리-서 (동향),있음(비0),251,B형 검토,0,0.2000
2026-03-08,일·공휴일,23,멀뫼4R-남 (북향),있음(비0),332,B형 검토,0,0.2000
2026-03-08,일·공휴일,23,멀뫼사거리-북 (남향),없음(NULL),,B형,0,0.2000
2026-03-09,평일,00,멀뫼사거리-동 (서향),있음(비0),81,B형 검토,0,0.4762
2026-03-09,평일,00,멀뫼사거리-서 (동향),있음(비0),174,B형 검토,0,0.4762
2026-03-09,평일,00,멀뫼4R-남 (북향),있음(비0),263,B형 검토,0,0.4762
2026-03-09,평일,00,멀뫼사거리-북 (남향),없음(NULL),,B형,0,0.4762
2026-03-09,평일,01,멀뫼사거리-동 (서향),있음(비0),67,B형 검토,0,0.4762
2026-03-09,평일,01,멀뫼사거리-서 (동향),있음(비0),119,B형 검토,0,0.4762
2026-03-09,평일,01,멀뫼4R-남 (북향),있음(비0),132,B형 검토,0,0.4762
2026-03-09,평일,01,멀뫼사거리-북 (남향),없음(NULL),,B형,0,0.4762
2026-03-09,평일,02,멀뫼사거리-동 (서향),있음(비0),59,B형 검토,0,0.4762
2026-03-09,평일,02,멀뫼사거리-서 (동향),있음(비0),107,B형 검토,0,0.4762
2026-03-09,평일,02,멀뫼4R-남 (북향),있음(비0),159,B형 검토,0,0.4762
2026-03-09,평일,02,멀뫼사거리-북 (남향),없음(NULL),,B형,0,0.4762
2026-03-09,평일,03,멀뫼사거리-동 (서향),있음(비0),50,B형 검토,0,0.4762
2026-03-09,평일,03,멀뫼사거리-서 (동향),있음(비0),116,B형 검토,0,0.4762
2026-03-09,평일,03,멀뫼4R-남 (북향),있음(비0),135,B형 검토,0,0.4762
2026-03-09,평일,03,멀뫼사거리-북 (남향),없음(NULL),,B형,0,0.4762
2026-03-09,평일,04,멀뫼사거리-동 (서향),있음(비0),76,B형 검토,0,0.4762
2026-03-09,평일,04,멀뫼사거리-서 (동향),있음(비0),223,B형 검토,0,0.4762
2026-03-09,평일,04,멀뫼4R-남 (북향),있음(비0),227,B형 검토,0,0.4762
2026-03-09,평일,04,멀뫼사거리-북 (남향),없음(NULL),,B형,0,0.4762
2026-03-09,평일,05,멀뫼사거리-동 (서향),있음(비0),153,B형 검토,0,0.4762
2026-03-09,평일,05,멀뫼사거리-서 (동향),있음(비0),401,B형 검토,0,0.4762
2026-03-09,평일,05,멀뫼4R-남 (북향),있음(비0),599,B형 검토,0,0.4762
2026-03-09,평일,05,멀뫼사거리-북 (남향),없음(NULL),,B형,0,0.4762
2026-03-09,평일,06,멀뫼사거리-동 (서향),있음(비0),224,B형 검토,0,0.4762
2026-03-09,평일,06,멀뫼사거리-서 (동향),있음(비0),510,B형 검토,0,0.4762
2026-03-09,평일,06,멀뫼4R-남 (북향),있음(비0),1077,B형 검토,0,0.4762
2026-03-09,평일,06,멀뫼사거리-북 (남향),없음(NULL),,B형,0,0.4762
2026-03-09,평일,07,멀뫼사거리-동 (서향),있음(비0),329,B형 검토,0,0.4762
2026-03-09,평일,07,멀뫼사거리-서 (동향),있음(비0),746,B형 검토,0,0.4762
2026-03-09,평일,07,멀뫼4R-남 (북향),있음(비0),1739,B형 검토,0,0.4762
2026-03-09,평일,07,멀뫼사거리-북 (남향),없음(NULL),,B형,0,0.4762
2026-03-09,평일,08,멀뫼사거리-동 (서향),있음(비0),523,B형 검토,0,0.4762
2026-03-09,평일,08,멀뫼사거리-서 (동향),있음(비0),870,B형 검토,0,0.4762
2026-03-09,평일,08,멀뫼4R-남 (북향),있음(비0),1826,B형 검토,0,0.4762
2026-03-09,평일,08,멀뫼사거리-북 (남향),없음(NULL),,B형,0,0.4762
2026-03-09,평일,09,멀뫼사거리-동 (서향),있음(비0),380,B형 검토,0,0.4762
2026-03-09,평일,09,멀뫼사거리-서 (동향),있음(비0),769,B형 검토,0,0.4762
2026-03-09,평일,09,멀뫼4R-남 (북향),있음(비0),1464,B형 검토,0,0.4762
2026-03-09,평일,09,멀뫼사거리-북 (남향),없음(NULL),,B형,0,0.4762
2026-03-09,평일,10,멀뫼사거리-동 (서향),있음(비0),345,B형 검토,0,0.5000
2026-03-09,평일,10,멀뫼사거리-서 (동향),있음(비0),738,B형 검토,0,0.5000
2026-03-09,평일,10,멀뫼4R-남 (북향),있음(비0),1361,B형 검토,0,0.5000
2026-03-09,평일,10,멀뫼사거리-북 (남향),없음(NULL),,B형,0,0.5000
2026-03-09,평일,11,멀뫼사거리-동 (서향),있음(비0),359,B형 검토,0,0.4762
2026-03-09,평일,11,멀뫼사거리-서 (동향),있음(비0),696,B형 검토,0,0.4762
2026-03-09,평일,11,멀뫼4R-남 (북향),있음(비0),1165,B형 검토,0,0.4762
2026-03-09,평일,11,멀뫼사거리-북 (남향),없음(NULL),,B형,0,0.4762
2026-03-09,평일,12,멀뫼사거리-동 (서향),있음(비0),281,B형 검토,0,0.4762
2026-03-09,평일,12,멀뫼사거리-서 (동향),있음(비0),702,B형 검토,0,0.4762
2026-03-09,평일,12,멀뫼4R-남 (북향),있음(비0),1080,B형 검토,0,0.4762
2026-03-09,평일,12,멀뫼사거리-북 (남향),없음(NULL),,B형,0,0.4762
2026-03-09,평일,13,멀뫼사거리-동 (서향),있음(비0),279,B형 검토,0,0.4762
2026-03-09,평일,13,멀뫼사거리-서 (동향),있음(비0),657,B형 검토,0,0.4762
2026-03-09,평일,13,멀뫼4R-남 (북향),있음(비0),1190,B형 검토,0,0.4762
2026-03-09,평일,13,멀뫼사거리-북 (남향),없음(NULL),,B형,0,0.4762
2026-03-09,평일,14,멀뫼사거리-동 (서향),있음(비0),346,B형 검토,0,0.4762
2026-03-09,평일,14,멀뫼사거리-서 (동향),있음(비0),754,B형 검토,0,0.4762
2026-03-09,평일,14,멀뫼4R-남 (북향),있음(비0),1235,B형 검토,0,0.4762
2026-03-09,평일,14,멀뫼사거리-북 (남향),없음(NULL),,B형,0,0.4762
2026-03-09,평일,15,멀뫼사거리-동 (서향),있음(비0),361,B형 검토,0,0.5000
2026-03-09,평일,15,멀뫼사거리-서 (동향),있음(비0),770,B형 검토,0,0.5000
2026-03-09,평일,15,멀뫼4R-남 (북향),있음(비0),1285,B형 검토,0,0.5000
2026-03-09,평일,15,멀뫼사거리-북 (남향),있음(비0),24,B형 검토,0,0.5000
2026-03-09,평일,16,멀뫼사거리-동 (서향),있음(비0),387,B형 검토,0,0.4762
2026-03-09,평일,16,멀뫼사거리-서 (동향),있음(비0),856,B형 검토,0,0.4762
2026-03-09,평일,16,멀뫼4R-남 (북향),있음(비0),1380,B형 검토,0,0.4762
2026-03-09,평일,16,멀뫼사거리-북 (남향),없음(NULL),,B형,0,0.4762
2026-03-09,평일,17,멀뫼사거리-동 (서향),있음(비0),441,B형 검토,0,0.4762
2026-03-09,평일,17,멀뫼사거리-서 (동향),있음(비0),789,B형 검토,0,0.4762
2026-03-09,평일,17,멀뫼4R-남 (북향),있음(비0),1384,B형 검토,0,0.4762
2026-03-09,평일,17,멀뫼사거리-북 (남향),있음(비0),19,B형 검토,0,0.4762
2026-03-09,평일,18,멀뫼사거리-동 (서향),있음(비0),451,B형 검토,0,0.4762
2026-03-09,평일,18,멀뫼사거리-서 (동향),있음(비0),734,B형 검토,0,0.4762
2026-03-09,평일,18,멀뫼4R-남 (북향),있음(비0),1412,B형 검토,0,0.4762
2026-03-09,평일,18,멀뫼사거리-북 (남향),없음(NULL),,B형,0,0.4762
2026-03-09,평일,19,멀뫼사거리-동 (서향),있음(비0),247,B형 검토,0,0.4762
2026-03-09,평일,19,멀뫼사거리-서 (동향),있음(비0),477,B형 검토,0,0.4762
2026-03-09,평일,19,멀뫼4R-남 (북향),있음(비0),1060,B형 검토,0,0.4762
2026-03-09,평일,19,멀뫼사거리-북 (남향),없음(NULL),,B형,0,0.4762
2026-03-09,평일,20,멀뫼사거리-동 (서향),있음(비0),230,B형 검토,0,0.4762
2026-03-09,평일,20,멀뫼사거리-서 (동향),있음(비0),460,B형 검토,0,0.4762
2026-03-09,평일,20,멀뫼4R-남 (북향),있음(비0),902,B형 검토,0,0.4762
2026-03-09,평일,20,멀뫼사거리-북 (남향),없음(NULL),,B형,0,0.4762
2026-03-09,평일,21,멀뫼사거리-동 (서향),있음(비0),183,B형 검토,0,0.4762
2026-03-09,평일,21,멀뫼사거리-서 (동향),있음(비0),409,B형 검토,0,0.4762
2026-03-09,평일,21,멀뫼4R-남 (북향),있음(비0),683,B형 검토,0,0.4762
2026-03-09,평일,21,멀뫼사거리-북 (남향),없음(NULL),,B형,0,0.4762
2026-03-09,평일,22,멀뫼사거리-동 (서향),있음(비0),137,B형 검토,0,0.4762
2026-03-09,평일,22,멀뫼사거리-서 (동향),있음(비0),336,B형 검토,0,0.4762
2026-03-09,평일,22,멀뫼4R-남 (북향),있음(비0),524,B형 검토,0,0.4762
2026-03-09,평일,22,멀뫼사거리-북 (남향),없음(NULL),,B형,0,0.4762
2026-03-09,평일,23,멀뫼사거리-동 (서향),있음(비0),119,B형 검토,0,0.4762
2026-03-09,평일,23,멀뫼사거리-서 (동향),있음(비0),229,B형 검토,0,0.4762
2026-03-09,평일,23,멀뫼4R-남 (북향),있음(비0),368,B형 검토,0,0.4762
2026-03-09,평일,23,멀뫼사거리-북 (남향),없음(NULL),,B형,0,0.4762
2026-03-10,평일,00,멀뫼사거리-동 (서향),있음(비0),71,B형 검토,0,0.4762
2026-03-10,평일,00,멀뫼사거리-서 (동향),있음(비0),192,B형 검토,0,0.4762
2026-03-10,평일,00,멀뫼4R-남 (북향),있음(비0),262,B형 검토,0,0.4762
2026-03-10,평일,00,멀뫼사거리-북 (남향),없음(NULL),,B형,0,0.4762
2026-03-10,평일,01,멀뫼사거리-동 (서향),있음(비0),59,B형 검토,0,0.4762
2026-03-10,평일,01,멀뫼사거리-서 (동향),있음(비0),140,B형 검토,0,0.4762
2026-03-10,평일,01,멀뫼4R-남 (북향),있음(비0),188,B형 검토,0,0.4762
2026-03-10,평일,01,멀뫼사거리-북 (남향),없음(NULL),,B형,0,0.4762
2026-03-10,평일,02,멀뫼사거리-동 (서향),있음(비0),58,B형 검토,0,0.4762
2026-03-10,평일,02,멀뫼사거리-서 (동향),있음(비0),119,B형 검토,0,0.4762
2026-03-10,평일,02,멀뫼4R-남 (북향),있음(비0),143,B형 검토,0,0.4762
2026-03-10,평일,02,멀뫼사거리-북 (남향),없음(NULL),,B형,0,0.4762
2026-03-10,평일,03,멀뫼사거리-동 (서향),있음(비0),58,B형 검토,0,0.4762
2026-03-10,평일,03,멀뫼사거리-서 (동향),있음(비0),122,B형 검토,0,0.4762
2026-03-10,평일,03,멀뫼4R-남 (북향),있음(비0),127,B형 검토,0,0.4762
2026-03-10,평일,03,멀뫼사거리-북 (남향),없음(NULL),,B형,0,0.4762
2026-03-10,평일,04,멀뫼사거리-동 (서향),있음(비0),91,B형 검토,0,0.4762
2026-03-10,평일,04,멀뫼사거리-서 (동향),있음(비0),194,B형 검토,0,0.4762
2026-03-10,평일,04,멀뫼4R-남 (북향),있음(비0),260,B형 검토,0,0.4762
2026-03-10,평일,04,멀뫼사거리-북 (남향),없음(NULL),,B형,0,0.4762
2026-03-10,평일,05,멀뫼사거리-동 (서향),있음(비0),148,B형 검토,0,0.4762
2026-03-10,평일,05,멀뫼사거리-서 (동향),있음(비0),376,B형 검토,0,0.4762
2026-03-10,평일,05,멀뫼4R-남 (북향),있음(비0),610,B형 검토,0,0.4762
2026-03-10,평일,05,멀뫼사거리-북 (남향),없음(NULL),,B형,0,0.4762
2026-03-10,평일,06,멀뫼사거리-동 (서향),있음(비0),235,B형 검토,0,0.4762
2026-03-10,평일,06,멀뫼사거리-서 (동향),있음(비0),507,B형 검토,0,0.4762
2026-03-10,평일,06,멀뫼4R-남 (북향),있음(비0),1065,B형 검토,0,0.4762
2026-03-10,평일,06,멀뫼사거리-북 (남향),없음(NULL),,B형,0,0.4762
2026-03-10,평일,07,멀뫼사거리-동 (서향),있음(비0),316,B형 검토,0,0.4762
2026-03-10,평일,07,멀뫼사거리-서 (동향),있음(비0),714,B형 검토,0,0.4762
2026-03-10,평일,07,멀뫼4R-남 (북향),있음(비0),1702,B형 검토,0,0.4762
2026-03-10,평일,07,멀뫼사거리-북 (남향),없음(NULL),,B형,0,0.4762
2026-03-10,평일,08,멀뫼사거리-동 (서향),있음(비0),476,B형 검토,0,0.4762
2026-03-10,평일,08,멀뫼사거리-서 (동향),있음(비0),826,B형 검토,0,0.4762
2026-03-10,평일,08,멀뫼4R-남 (북향),있음(비0),1778,B형 검토,0,0.4762
2026-03-10,평일,08,멀뫼사거리-북 (남향),없음(NULL),,B형,0,0.4762
2026-03-10,평일,09,멀뫼사거리-동 (서향),있음(비0),378,B형 검토,0,0.4762
2026-03-10,평일,09,멀뫼사거리-서 (동향),있음(비0),765,B형 검토,0,0.4762
2026-03-10,평일,09,멀뫼4R-남 (북향),있음(비0),1487,B형 검토,0,0.4762
2026-03-10,평일,09,멀뫼사거리-북 (남향),없음(NULL),,B형,0,0.4762
2026-03-10,평일,10,멀뫼사거리-동 (서향),있음(비0),370,B형 검토,0,0.5000
2026-03-10,평일,10,멀뫼사거리-서 (동향),있음(비0),735,B형 검토,0,0.5000
2026-03-10,평일,10,멀뫼4R-남 (북향),있음(비0),1292,B형 검토,0,0.5000
2026-03-10,평일,10,멀뫼사거리-북 (남향),없음(NULL),,B형,0,0.5000
2026-03-10,평일,11,멀뫼사거리-동 (서향),있음(비0),336,B형 검토,0,0.4762
2026-03-10,평일,11,멀뫼사거리-서 (동향),있음(비0),764,B형 검토,0,0.4762
2026-03-10,평일,11,멀뫼4R-남 (북향),있음(비0),1161,B형 검토,0,0.4762
2026-03-10,평일,11,멀뫼사거리-북 (남향),없음(NULL),,B형,0,0.4762
2026-03-10,평일,12,멀뫼사거리-동 (서향),있음(비0),325,B형 검토,0,0.4762
2026-03-10,평일,12,멀뫼사거리-서 (동향),있음(비0),654,B형 검토,0,0.4762
2026-03-10,평일,12,멀뫼4R-남 (북향),있음(비0),1129,B형 검토,0,0.4762
2026-03-10,평일,12,멀뫼사거리-북 (남향),없음(NULL),,B형,0,0.4762
2026-03-10,평일,13,멀뫼사거리-동 (서향),있음(비0),307,B형 검토,0,0.4762
2026-03-10,평일,13,멀뫼사거리-서 (동향),있음(비0),690,B형 검토,0,0.4762
2026-03-10,평일,13,멀뫼4R-남 (북향),있음(비0),1191,B형 검토,0,0.4762
2026-03-10,평일,13,멀뫼사거리-북 (남향),없음(NULL),,B형,0,0.4762
2026-03-10,평일,14,멀뫼사거리-동 (서향),있음(비0),312,B형 검토,0,0.4762
2026-03-10,평일,14,멀뫼사거리-서 (동향),있음(비0),692,B형 검토,0,0.4762
2026-03-10,평일,14,멀뫼4R-남 (북향),있음(비0),1293,B형 검토,0,0.4762
2026-03-10,평일,14,멀뫼사거리-북 (남향),없음(NULL),,B형,0,0.4762
2026-03-10,평일,15,멀뫼사거리-동 (서향),있음(비0),326,B형 검토,0,0.5000
2026-03-10,평일,15,멀뫼사거리-서 (동향),있음(비0),792,B형 검토,0,0.5000
2026-03-10,평일,15,멀뫼4R-남 (북향),있음(비0),1295,B형 검토,0,0.5000
2026-03-10,평일,15,멀뫼사거리-북 (남향),없음(NULL),,B형,0,0.5000
2026-03-10,평일,16,멀뫼사거리-동 (서향),있음(비0),382,B형 검토,0,0.4762
2026-03-10,평일,16,멀뫼사거리-서 (동향),있음(비0),815,B형 검토,0,0.4762
2026-03-10,평일,16,멀뫼4R-남 (북향),있음(비0),1329,B형 검토,0,0.4762
2026-03-10,평일,16,멀뫼사거리-북 (남향),없음(NULL),,B형,0,0.4762
2026-03-10,평일,17,멀뫼사거리-동 (서향),있음(비0),427,B형 검토,0,0.4762
2026-03-10,평일,17,멀뫼사거리-서 (동향),있음(비0),794,B형 검토,0,0.4762
2026-03-10,평일,17,멀뫼4R-남 (북향),있음(비0),1427,B형 검토,0,0.4762
2026-03-10,평일,17,멀뫼사거리-북 (남향),없음(NULL),,B형,0,0.4762
2026-03-10,평일,18,멀뫼사거리-동 (서향),있음(비0),450,B형 검토,0,0.4762
2026-03-10,평일,18,멀뫼사거리-서 (동향),있음(비0),720,B형 검토,0,0.4762
2026-03-10,평일,18,멀뫼4R-남 (북향),있음(비0),1434,B형 검토,0,0.4762
2026-03-10,평일,18,멀뫼사거리-북 (남향),없음(NULL),,B형,0,0.4762
2026-03-10,평일,19,멀뫼사거리-동 (서향),있음(비0),248,B형 검토,0,0.4762
2026-03-10,평일,19,멀뫼사거리-서 (동향),있음(비0),494,B형 검토,0,0.4762
2026-03-10,평일,19,멀뫼4R-남 (북향),있음(비0),1147,B형 검토,0,0.4762
2026-03-10,평일,19,멀뫼사거리-북 (남향),있음(비0),202,B형 검토,0,0.4762
2026-03-10,평일,20,멀뫼사거리-동 (서향),있음(비0),195,B형 검토,0,0.4762
2026-03-10,평일,20,멀뫼사거리-서 (동향),있음(비0),464,B형 검토,0,0.4762
2026-03-10,평일,20,멀뫼4R-남 (북향),있음(비0),922,B형 검토,0,0.4762
2026-03-10,평일,20,멀뫼사거리-북 (남향),없음(NULL),,B형,0,0.4762
2026-03-10,평일,21,멀뫼사거리-동 (서향),있음(비0),178,B형 검토,0,0.4762
2026-03-10,평일,21,멀뫼사거리-서 (동향),있음(비0),399,B형 검토,0,0.4762
2026-03-10,평일,21,멀뫼4R-남 (북향),있음(비0),779,B형 검토,0,0.4762
2026-03-10,평일,21,멀뫼사거리-북 (남향),없음(NULL),,B형,0,0.4762
2026-03-10,평일,22,멀뫼사거리-동 (서향),있음(비0),151,B형 검토,0,0.4762
2026-03-10,평일,22,멀뫼사거리-서 (동향),있음(비0),341,B형 검토,0,0.4762
2026-03-10,평일,22,멀뫼4R-남 (북향),있음(비0),583,B형 검토,0,0.4762
2026-03-10,평일,22,멀뫼사거리-북 (남향),있음(비0),18,B형 검토,0,0.4762
2026-03-10,평일,23,멀뫼사거리-동 (서향),있음(비0),112,B형 검토,0,0.4762
2026-03-10,평일,23,멀뫼사거리-서 (동향),있음(비0),257,B형 검토,0,0.4762
2026-03-10,평일,23,멀뫼4R-남 (북향),있음(비0),352,B형 검토,0,0.4762
2026-03-10,평일,23,멀뫼사거리-북 (남향),있음(비0),28,B형 검토,0,0.4762
2026-03-11,평일,00,멀뫼사거리-동 (서향),있음(비0),93,B형 검토,0,0.4762
2026-03-11,평일,00,멀뫼사거리-서 (동향),있음(비0),209,B형 검토,0,0.4762
2026-03-11,평일,00,멀뫼4R-남 (북향),있음(비0),271,B형 검토,0,0.4762
2026-03-11,평일,00,멀뫼사거리-북 (남향),없음(NULL),,B형,0,0.4762
2026-03-11,평일,01,멀뫼사거리-동 (서향),있음(비0),73,B형 검토,0,0.4762
2026-03-11,평일,01,멀뫼사거리-서 (동향),있음(비0),154,B형 검토,0,0.4762
2026-03-11,평일,01,멀뫼4R-남 (북향),있음(비0),200,B형 검토,0,0.4762
2026-03-11,평일,01,멀뫼사거리-북 (남향),없음(NULL),,B형,0,0.4762
2026-03-11,평일,02,멀뫼사거리-동 (서향),있음(비0),79,B형 검토,0,0.4762
2026-03-11,평일,02,멀뫼사거리-서 (동향),있음(비0),117,B형 검토,0,0.4762
2026-03-11,평일,02,멀뫼4R-남 (북향),있음(비0),131,B형 검토,0,0.4762
2026-03-11,평일,02,멀뫼사거리-북 (남향),없음(NULL),,B형,0,0.4762
2026-03-11,평일,03,멀뫼사거리-동 (서향),있음(비0),65,B형 검토,0,0.4762
2026-03-11,평일,03,멀뫼사거리-서 (동향),있음(비0),113,B형 검토,0,0.4762
2026-03-11,평일,03,멀뫼4R-남 (북향),있음(비0),159,B형 검토,0,0.4762
2026-03-11,평일,03,멀뫼사거리-북 (남향),없음(NULL),,B형,0,0.4762
2026-03-11,평일,04,멀뫼사거리-동 (서향),있음(비0),90,B형 검토,0,0.4762
2026-03-11,평일,04,멀뫼사거리-서 (동향),있음(비0),199,B형 검토,0,0.4762
2026-03-11,평일,04,멀뫼4R-남 (북향),있음(비0),250,B형 검토,0,0.4762
2026-03-11,평일,04,멀뫼사거리-북 (남향),없음(NULL),,B형,0,0.4762
2026-03-11,평일,05,멀뫼사거리-동 (서향),있음(비0),157,B형 검토,0,0.4762
2026-03-11,평일,05,멀뫼사거리-서 (동향),있음(비0),377,B형 검토,0,0.4762
2026-03-11,평일,05,멀뫼4R-남 (북향),있음(비0),587,B형 검토,0,0.4762
2026-03-11,평일,05,멀뫼사거리-북 (남향),없음(NULL),,B형,0,0.4762
2026-03-11,평일,06,멀뫼사거리-동 (서향),있음(비0),213,B형 검토,0,0.4762
2026-03-11,평일,06,멀뫼사거리-서 (동향),있음(비0),523,B형 검토,0,0.4762
2026-03-11,평일,06,멀뫼4R-남 (북향),있음(비0),1074,B형 검토,0,0.4762
2026-03-11,평일,06,멀뫼사거리-북 (남향),있음(비0),58,B형 검토,0,0.4762
2026-03-11,평일,07,멀뫼사거리-동 (서향),있음(비0),327,B형 검토,0,0.4762
2026-03-11,평일,07,멀뫼사거리-서 (동향),있음(비0),690,B형 검토,0,0.4762
2026-03-11,평일,07,멀뫼4R-남 (북향),있음(비0),1693,B형 검토,0,0.4762
2026-03-11,평일,07,멀뫼사거리-북 (남향),있음(비0),10,B형 검토,0,0.4762
2026-03-11,평일,08,멀뫼사거리-동 (서향),있음(비0),492,B형 검토,0,0.4762
2026-03-11,평일,08,멀뫼사거리-서 (동향),있음(비0),838,B형 검토,0,0.4762
2026-03-11,평일,08,멀뫼4R-남 (북향),있음(비0),1788,B형 검토,0,0.4762
2026-03-11,평일,08,멀뫼사거리-북 (남향),있음(비0),7,B형 검토,0,0.4762
2026-03-11,평일,09,멀뫼사거리-동 (서향),있음(비0),372,B형 검토,0,0.4762
2026-03-11,평일,09,멀뫼사거리-서 (동향),있음(비0),707,B형 검토,0,0.4762
2026-03-11,평일,09,멀뫼4R-남 (북향),있음(비0),1181,B형 검토,0,0.4762
2026-03-11,평일,09,멀뫼사거리-북 (남향),있음(비0),7,B형 검토,0,0.4762
2026-03-11,평일,10,멀뫼사거리-동 (서향),있음(비0),338,B형 검토,0,0.5000
2026-03-11,평일,10,멀뫼사거리-서 (동향),있음(비0),740,B형 검토,0,0.5000
2026-03-11,평일,10,멀뫼4R-남 (북향),있음(비0),1009,B형 검토,0,0.5000
2026-03-11,평일,10,멀뫼사거리-북 (남향),없음(NULL),,B형,0,0.5000
2026-03-11,평일,11,멀뫼사거리-동 (서향),있음(비0),282,B형 검토,0,0.4762
2026-03-11,평일,11,멀뫼사거리-서 (동향),있음(비0),723,B형 검토,0,0.4762
2026-03-11,평일,11,멀뫼4R-남 (북향),있음(비0),1008,B형 검토,0,0.4762
2026-03-11,평일,11,멀뫼사거리-북 (남향),있음(비0),279,B형 검토,0,0.4762
2026-03-11,평일,12,멀뫼사거리-동 (서향),있음(비0),332,B형 검토,0,0.4762
2026-03-11,평일,12,멀뫼사거리-서 (동향),있음(비0),672,B형 검토,0,0.4762
2026-03-11,평일,12,멀뫼4R-남 (북향),있음(비0),1010,B형 검토,0,0.4762
2026-03-11,평일,12,멀뫼사거리-북 (남향),있음(비0),766,B형 검토,0,0.4762
2026-03-11,평일,13,멀뫼사거리-동 (서향),있음(비0),308,B형 검토,0,0.4762
2026-03-11,평일,13,멀뫼사거리-서 (동향),있음(비0),694,B형 검토,0,0.4762
2026-03-11,평일,13,멀뫼4R-남 (북향),있음(비0),962,B형 검토,0,0.4762
2026-03-11,평일,13,멀뫼사거리-북 (남향),있음(비0),774,B형 검토,0,0.4762
2026-03-11,평일,14,멀뫼사거리-동 (서향),있음(비0),321,B형 검토,0,0.4762
2026-03-11,평일,14,멀뫼사거리-서 (동향),있음(비0),698,B형 검토,0,0.4762
2026-03-11,평일,14,멀뫼4R-남 (북향),있음(비0),983,B형 검토,0,0.4762
2026-03-11,평일,14,멀뫼사거리-북 (남향),있음(비0),805,B형 검토,0,0.4762
2026-03-11,평일,15,멀뫼사거리-동 (서향),있음(비0),388,B형 검토,0,0.5000
2026-03-11,평일,15,멀뫼사거리-서 (동향),있음(비0),791,B형 검토,0,0.5000
2026-03-11,평일,15,멀뫼4R-남 (북향),있음(비0),968,B형 검토,0,0.5000
2026-03-11,평일,15,멀뫼사거리-북 (남향),있음(비0),827,B형 검토,0,0.5000
2026-03-11,평일,16,멀뫼사거리-동 (서향),있음(비0),373,B형 검토,0,0.4762
2026-03-11,평일,16,멀뫼사거리-서 (동향),있음(비0),833,B형 검토,0,0.4762
2026-03-11,평일,16,멀뫼4R-남 (북향),있음(비0),1026,B형 검토,0,0.4762
2026-03-11,평일,16,멀뫼사거리-북 (남향),있음(비0),885,B형 검토,0,0.4762
2026-03-11,평일,17,멀뫼사거리-동 (서향),있음(비0),466,B형 검토,0,0.4762
2026-03-11,평일,17,멀뫼사거리-서 (동향),있음(비0),772,B형 검토,0,0.4762
2026-03-11,평일,17,멀뫼4R-남 (북향),있음(비0),1471,B형 검토,0,0.4762
2026-03-11,평일,17,멀뫼사거리-북 (남향),있음(비0),877,B형 검토,0,0.4762
2026-03-11,평일,18,멀뫼사거리-동 (서향),있음(비0),381,B형 검토,0,0.4762
2026-03-11,평일,18,멀뫼사거리-서 (동향),있음(비0),763,B형 검토,0,0.4762
2026-03-11,평일,18,멀뫼4R-남 (북향),있음(비0),1403,B형 검토,0,0.4762
2026-03-11,평일,18,멀뫼사거리-북 (남향),있음(비0),669,B형 검토,0,0.4762
2026-03-11,평일,19,멀뫼사거리-동 (서향),있음(비0),266,B형 검토,0,0.4762
2026-03-11,평일,19,멀뫼사거리-서 (동향),있음(비0),526,B형 검토,0,0.4762
2026-03-11,평일,19,멀뫼4R-남 (북향),있음(비0),1167,B형 검토,0,0.4762
2026-03-11,평일,19,멀뫼사거리-북 (남향),없음(NULL),,B형,0,0.4762
2026-03-11,평일,20,멀뫼사거리-동 (서향),있음(비0),225,B형 검토,0,0.4762
2026-03-11,평일,20,멀뫼사거리-서 (동향),있음(비0),444,B형 검토,0,0.4762
2026-03-11,평일,20,멀뫼4R-남 (북향),있음(비0),845,B형 검토,0,0.4762
2026-03-11,평일,20,멀뫼사거리-북 (남향),없음(NULL),,B형,0,0.4762
2026-03-11,평일,21,멀뫼사거리-동 (서향),있음(비0),194,B형 검토,0,0.4762
2026-03-11,평일,21,멀뫼사거리-서 (동향),있음(비0),389,B형 검토,0,0.4762
2026-03-11,평일,21,멀뫼4R-남 (북향),있음(비0),730,B형 검토,0,0.4762
2026-03-11,평일,21,멀뫼사거리-북 (남향),없음(NULL),,B형,0,0.4762
2026-03-11,평일,22,멀뫼사거리-동 (서향),있음(비0),142,B형 검토,0,0.4762
2026-03-11,평일,22,멀뫼사거리-서 (동향),있음(비0),353,B형 검토,0,0.4762
2026-03-11,평일,22,멀뫼4R-남 (북향),있음(비0),566,B형 검토,0,0.4762
2026-03-11,평일,22,멀뫼사거리-북 (남향),없음(NULL),,B형,0,0.4762
2026-03-11,평일,23,멀뫼사거리-동 (서향),있음(비0),133,B형 검토,0,0.4762
2026-03-11,평일,23,멀뫼사거리-서 (동향),있음(비0),305,B형 검토,0,0.4762
2026-03-11,평일,23,멀뫼4R-남 (북향),있음(비0),383,B형 검토,0,0.4762
2026-03-11,평일,23,멀뫼사거리-북 (남향),없음(NULL),,B형,0,0.4762
2026-03-12,평일,00,멀뫼사거리-동 (서향),있음(비0),99,B형 검토,0,0.4762
2026-03-12,평일,00,멀뫼사거리-서 (동향),있음(비0),215,B형 검토,0,0.4762
2026-03-12,평일,00,멀뫼4R-남 (북향),있음(비0),308,B형 검토,0,0.4762
2026-03-12,평일,00,멀뫼사거리-북 (남향),없음(NULL),,B형,0,0.4762
2026-03-12,평일,01,멀뫼사거리-동 (서향),있음(비0),80,B형 검토,0,0.4762
2026-03-12,평일,01,멀뫼사거리-서 (동향),있음(비0),157,B형 검토,0,0.4762
2026-03-12,평일,01,멀뫼4R-남 (북향),있음(비0),215,B형 검토,0,0.4762
2026-03-12,평일,01,멀뫼사거리-북 (남향),없음(NULL),,B형,0,0.4762
2026-03-12,평일,02,멀뫼사거리-동 (서향),있음(비0),70,B형 검토,0,0.4762
2026-03-12,평일,02,멀뫼사거리-서 (동향),있음(비0),133,B형 검토,0,0.4762
2026-03-12,평일,02,멀뫼4R-남 (북향),있음(비0),157,B형 검토,0,0.4762
2026-03-12,평일,02,멀뫼사거리-북 (남향),없음(NULL),,B형,0,0.4762
2026-03-12,평일,03,멀뫼사거리-동 (서향),있음(비0),66,B형 검토,0,0.4762
2026-03-12,평일,03,멀뫼사거리-서 (동향),있음(비0),132,B형 검토,0,0.4762
2026-03-12,평일,03,멀뫼4R-남 (북향),있음(비0),148,B형 검토,0,0.4762
2026-03-12,평일,03,멀뫼사거리-북 (남향),없음(NULL),,B형,0,0.4762
2026-03-12,평일,04,멀뫼사거리-동 (서향),있음(비0),81,B형 검토,0,0.4762
2026-03-12,평일,04,멀뫼사거리-서 (동향),있음(비0),194,B형 검토,0,0.4762
2026-03-12,평일,04,멀뫼4R-남 (북향),있음(비0),242,B형 검토,0,0.4762
2026-03-12,평일,04,멀뫼사거리-북 (남향),없음(NULL),,B형,0,0.4762
2026-03-12,평일,05,멀뫼사거리-동 (서향),있음(비0),154,B형 검토,0,0.4762
2026-03-12,평일,05,멀뫼사거리-서 (동향),있음(비0),378,B형 검토,0,0.4762
2026-03-12,평일,05,멀뫼4R-남 (북향),있음(비0),600,B형 검토,0,0.4762
2026-03-12,평일,05,멀뫼사거리-북 (남향),없음(NULL),,B형,0,0.4762
2026-03-12,평일,06,멀뫼사거리-동 (서향),있음(비0),194,B형 검토,0,0.4762
2026-03-12,평일,06,멀뫼사거리-서 (동향),있음(비0),498,B형 검토,0,0.4762
2026-03-12,평일,06,멀뫼4R-남 (북향),있음(비0),1019,B형 검토,0,0.4762
2026-03-12,평일,06,멀뫼사거리-북 (남향),없음(NULL),,B형,0,0.4762
2026-03-12,평일,07,멀뫼사거리-동 (서향),있음(비0),322,B형 검토,0,0.4762
2026-03-12,평일,07,멀뫼사거리-서 (동향),있음(비0),723,B형 검토,0,0.4762
2026-03-12,평일,07,멀뫼4R-남 (북향),있음(비0),1494,B형 검토,0,0.4762
2026-03-12,평일,07,멀뫼사거리-북 (남향),없음(NULL),,B형,0,0.4762
2026-03-12,평일,08,멀뫼사거리-동 (서향),있음(비0),490,B형 검토,0,0.4762
2026-03-12,평일,08,멀뫼사거리-서 (동향),있음(비0),887,B형 검토,0,0.4762
2026-03-12,평일,08,멀뫼4R-남 (북향),있음(비0),1827,B형 검토,0,0.4762
2026-03-12,평일,08,멀뫼사거리-북 (남향),없음(NULL),,B형,0,0.4762
2026-03-12,평일,09,멀뫼사거리-동 (서향),있음(비0),388,B형 검토,0,0.4762
2026-03-12,평일,09,멀뫼사거리-서 (동향),있음(비0),780,B형 검토,0,0.4762
2026-03-12,평일,09,멀뫼4R-남 (북향),있음(비0),1474,B형 검토,0,0.4762
2026-03-12,평일,09,멀뫼사거리-북 (남향),없음(NULL),,B형,0,0.4762
2026-03-12,평일,10,멀뫼사거리-동 (서향),있음(비0),361,B형 검토,0,0.5000
2026-03-12,평일,10,멀뫼사거리-서 (동향),있음(비0),760,B형 검토,0,0.5000
2026-03-12,평일,10,멀뫼4R-남 (북향),있음(비0),1250,B형 검토,0,0.5000
2026-03-12,평일,10,멀뫼사거리-북 (남향),없음(NULL),,B형,0,0.5000
2026-03-12,평일,11,멀뫼사거리-동 (서향),있음(비0),321,B형 검토,0,0.4762
2026-03-12,평일,11,멀뫼사거리-서 (동향),있음(비0),723,B형 검토,0,0.4762
2026-03-12,평일,11,멀뫼4R-남 (북향),있음(비0),1130,B형 검토,0,0.4762
2026-03-12,평일,11,멀뫼사거리-북 (남향),없음(NULL),,B형,0,0.4762
2026-03-12,평일,12,멀뫼사거리-동 (서향),있음(비0),339,B형 검토,0,0.4762
2026-03-12,평일,12,멀뫼사거리-서 (동향),있음(비0),716,B형 검토,0,0.4762
2026-03-12,평일,12,멀뫼4R-남 (북향),있음(비0),1150,B형 검토,0,0.4762
2026-03-12,평일,12,멀뫼사거리-북 (남향),없음(NULL),,B형,0,0.4762
2026-03-12,평일,13,멀뫼사거리-동 (서향),있음(비0),324,B형 검토,0,0.4762
2026-03-12,평일,13,멀뫼사거리-서 (동향),있음(비0),664,B형 검토,0,0.4762
2026-03-12,평일,13,멀뫼4R-남 (북향),있음(비0),1207,B형 검토,0,0.4762
2026-03-12,평일,13,멀뫼사거리-북 (남향),없음(NULL),,B형,0,0.4762
2026-03-12,평일,14,멀뫼사거리-동 (서향),있음(비0),325,B형 검토,0,0.4762
2026-03-12,평일,14,멀뫼사거리-서 (동향),있음(비0),716,B형 검토,0,0.4762
2026-03-12,평일,14,멀뫼4R-남 (북향),있음(비0),1331,B형 검토,0,0.4762
2026-03-12,평일,14,멀뫼사거리-북 (남향),없음(NULL),,B형,0,0.4762
2026-03-12,평일,15,멀뫼사거리-동 (서향),있음(비0),339,B형 검토,0,0.5000
2026-03-12,평일,15,멀뫼사거리-서 (동향),있음(비0),744,B형 검토,0,0.5000
2026-03-12,평일,15,멀뫼4R-남 (북향),있음(비0),1305,B형 검토,0,0.5000
2026-03-12,평일,15,멀뫼사거리-북 (남향),없음(NULL),,B형,0,0.5000
2026-03-12,평일,16,멀뫼사거리-동 (서향),있음(비0),378,B형 검토,0,0.4762
2026-03-12,평일,16,멀뫼사거리-서 (동향),있음(비0),813,B형 검토,0,0.4762
2026-03-12,평일,16,멀뫼4R-남 (북향),있음(비0),1375,B형 검토,0,0.4762
2026-03-12,평일,16,멀뫼사거리-북 (남향),없음(NULL),,B형,0,0.4762
2026-03-12,평일,17,멀뫼사거리-동 (서향),있음(비0),473,B형 검토,0,0.4762
2026-03-12,평일,17,멀뫼사거리-서 (동향),있음(비0),756,B형 검토,0,0.4762
2026-03-12,평일,17,멀뫼4R-남 (북향),있음(비0),1448,B형 검토,0,0.4762
2026-03-12,평일,17,멀뫼사거리-북 (남향),없음(NULL),,B형,0,0.4762
2026-03-12,평일,18,멀뫼사거리-동 (서향),있음(비0),497,B형 검토,0,0.4762
2026-03-12,평일,18,멀뫼사거리-서 (동향),있음(비0),726,B형 검토,0,0.4762
2026-03-12,평일,18,멀뫼4R-남 (북향),있음(비0),1406,B형 검토,0,0.4762
2026-03-12,평일,18,멀뫼사거리-북 (남향),없음(NULL),,B형,0,0.4762
2026-03-12,평일,19,멀뫼사거리-동 (서향),있음(비0),238,B형 검토,0,0.4762
2026-03-12,평일,19,멀뫼사거리-서 (동향),있음(비0),518,B형 검토,0,0.4762
2026-03-12,평일,19,멀뫼4R-남 (북향),있음(비0),1166,B형 검토,0,0.4762
2026-03-12,평일,19,멀뫼사거리-북 (남향),없음(NULL),,B형,0,0.4762
2026-03-12,평일,20,멀뫼사거리-동 (서향),있음(비0),206,B형 검토,0,0.4762
2026-03-12,평일,20,멀뫼사거리-서 (동향),있음(비0),460,B형 검토,0,0.4762
2026-03-12,평일,20,멀뫼4R-남 (북향),있음(비0),913,B형 검토,0,0.4762
2026-03-12,평일,20,멀뫼사거리-북 (남향),없음(NULL),,B형,0,0.4762
2026-03-12,평일,21,멀뫼사거리-동 (서향),있음(비0),209,B형 검토,0,0.4762
2026-03-12,평일,21,멀뫼사거리-서 (동향),있음(비0),509,B형 검토,0,0.4762
2026-03-12,평일,21,멀뫼4R-남 (북향),있음(비0),840,B형 검토,0,0.4762
2026-03-12,평일,21,멀뫼사거리-북 (남향),없음(NULL),,B형,0,0.4762
2026-03-12,평일,22,멀뫼사거리-동 (서향),있음(비0),142,B형 검토,0,0.4762
2026-03-12,평일,22,멀뫼사거리-서 (동향),있음(비0),375,B형 검토,0,0.4762
2026-03-12,평일,22,멀뫼4R-남 (북향),있음(비0),544,B형 검토,0,0.4762
2026-03-12,평일,22,멀뫼사거리-북 (남향),없음(NULL),,B형,0,0.4762
2026-03-12,평일,23,멀뫼사거리-동 (서향),있음(비0),130,B형 검토,0,0.4762
2026-03-12,평일,23,멀뫼사거리-서 (동향),있음(비0),316,B형 검토,0,0.4762
2026-03-12,평일,23,멀뫼4R-남 (북향),있음(비0),409,B형 검토,0,0.4762
2026-03-12,평일,23,멀뫼사거리-북 (남향),없음(NULL),,B형,0,0.4762
2026-03-13,평일,00,멀뫼사거리-동 (서향),있음(비0),94,B형 검토,0,0.4762
2026-03-13,평일,00,멀뫼사거리-서 (동향),있음(비0),198,B형 검토,0,0.4762
2026-03-13,평일,00,멀뫼4R-남 (북향),있음(비0),334,B형 검토,0,0.4762
2026-03-13,평일,00,멀뫼사거리-북 (남향),없음(NULL),,B형,0,0.4762
2026-03-13,평일,01,멀뫼사거리-동 (서향),있음(비0),89,B형 검토,0,0.4762
2026-03-13,평일,01,멀뫼사거리-서 (동향),있음(비0),178,B형 검토,0,0.4762
2026-03-13,평일,01,멀뫼4R-남 (북향),있음(비0),208,B형 검토,0,0.4762
2026-03-13,평일,01,멀뫼사거리-북 (남향),없음(NULL),,B형,0,0.4762
2026-03-13,평일,02,멀뫼사거리-동 (서향),있음(비0),57,B형 검토,0,0.4762
2026-03-13,평일,02,멀뫼사거리-서 (동향),있음(비0),141,B형 검토,0,0.4762
2026-03-13,평일,02,멀뫼4R-남 (북향),있음(비0),191,B형 검토,0,0.4762
2026-03-13,평일,02,멀뫼사거리-북 (남향),없음(NULL),,B형,0,0.4762
2026-03-13,평일,03,멀뫼사거리-동 (서향),있음(비0),51,B형 검토,0,0.4762
2026-03-13,평일,03,멀뫼사거리-서 (동향),있음(비0),119,B형 검토,0,0.4762
2026-03-13,평일,03,멀뫼4R-남 (북향),있음(비0),147,B형 검토,0,0.4762
2026-03-13,평일,03,멀뫼사거리-북 (남향),없음(NULL),,B형,0,0.4762
2026-03-13,평일,04,멀뫼사거리-동 (서향),있음(비0),85,B형 검토,0,0.4762
2026-03-13,평일,04,멀뫼사거리-서 (동향),있음(비0),211,B형 검토,0,0.4762
2026-03-13,평일,04,멀뫼4R-남 (북향),있음(비0),229,B형 검토,0,0.4762
2026-03-13,평일,04,멀뫼사거리-북 (남향),없음(NULL),,B형,0,0.4762
2026-03-13,평일,05,멀뫼사거리-동 (서향),있음(비0),148,B형 검토,0,0.4762
2026-03-13,평일,05,멀뫼사거리-서 (동향),있음(비0),367,B형 검토,0,0.4762
2026-03-13,평일,05,멀뫼4R-남 (북향),있음(비0),606,B형 검토,0,0.4762
2026-03-13,평일,05,멀뫼사거리-북 (남향),없음(NULL),,B형,0,0.4762
2026-03-13,평일,06,멀뫼사거리-동 (서향),있음(비0),221,B형 검토,0,0.4762
2026-03-13,평일,06,멀뫼사거리-서 (동향),있음(비0),523,B형 검토,0,0.4762
2026-03-13,평일,06,멀뫼4R-남 (북향),있음(비0),999,B형 검토,0,0.4762
2026-03-13,평일,06,멀뫼사거리-북 (남향),없음(NULL),,B형,0,0.4762
2026-03-13,평일,07,멀뫼사거리-동 (서향),있음(비0),326,B형 검토,0,0.4762
2026-03-13,평일,07,멀뫼사거리-서 (동향),있음(비0),722,B형 검토,0,0.4762
2026-03-13,평일,07,멀뫼4R-남 (북향),있음(비0),1671,B형 검토,0,0.4762
2026-03-13,평일,07,멀뫼사거리-북 (남향),없음(NULL),,B형,0,0.4762
2026-03-13,평일,08,멀뫼사거리-동 (서향),있음(비0),448,B형 검토,0,0.4762
2026-03-13,평일,08,멀뫼사거리-서 (동향),있음(비0),833,B형 검토,0,0.4762
2026-03-13,평일,08,멀뫼4R-남 (북향),있음(비0),1810,B형 검토,0,0.4762
2026-03-13,평일,08,멀뫼사거리-북 (남향),없음(NULL),,B형,0,0.4762
2026-03-13,평일,09,멀뫼사거리-동 (서향),있음(비0),421,B형 검토,0,0.4762
2026-03-13,평일,09,멀뫼사거리-서 (동향),있음(비0),730,B형 검토,0,0.4762
2026-03-13,평일,09,멀뫼4R-남 (북향),있음(비0),1508,B형 검토,0,0.4762
2026-03-13,평일,09,멀뫼사거리-북 (남향),없음(NULL),,B형,0,0.4762
2026-03-13,평일,10,멀뫼사거리-동 (서향),있음(비0),348,B형 검토,0,0.5000
2026-03-13,평일,10,멀뫼사거리-서 (동향),있음(비0),712,B형 검토,0,0.5000
2026-03-13,평일,10,멀뫼4R-남 (북향),있음(비0),1255,B형 검토,0,0.5000
2026-03-13,평일,10,멀뫼사거리-북 (남향),없음(NULL),,B형,0,0.5000
2026-03-13,평일,11,멀뫼사거리-동 (서향),있음(비0),336,B형 검토,0,0.4762
2026-03-13,평일,11,멀뫼사거리-서 (동향),있음(비0),746,B형 검토,0,0.4762
2026-03-13,평일,11,멀뫼4R-남 (북향),있음(비0),1164,B형 검토,0,0.4762
2026-03-13,평일,11,멀뫼사거리-북 (남향),없음(NULL),,B형,0,0.4762
2026-03-13,평일,12,멀뫼사거리-동 (서향),있음(비0),300,B형 검토,0,0.4762
2026-03-13,평일,12,멀뫼사거리-서 (동향),있음(비0),668,B형 검토,0,0.4762
2026-03-13,평일,12,멀뫼4R-남 (북향),있음(비0),1078,B형 검토,0,0.4762
2026-03-13,평일,12,멀뫼사거리-북 (남향),없음(NULL),,B형,0,0.4762
2026-03-13,평일,13,멀뫼사거리-동 (서향),있음(비0),319,B형 검토,0,0.4762
2026-03-13,평일,13,멀뫼사거리-서 (동향),있음(비0),721,B형 검토,0,0.4762
2026-03-13,평일,13,멀뫼4R-남 (북향),있음(비0),1260,B형 검토,0,0.4762
2026-03-13,평일,13,멀뫼사거리-북 (남향),없음(NULL),,B형,0,0.4762
2026-03-13,평일,14,멀뫼사거리-동 (서향),있음(비0),333,B형 검토,0,0.4762
2026-03-13,평일,14,멀뫼사거리-서 (동향),있음(비0),710,B형 검토,0,0.4762
2026-03-13,평일,14,멀뫼4R-남 (북향),있음(비0),1310,B형 검토,0,0.4762
2026-03-13,평일,14,멀뫼사거리-북 (남향),없음(NULL),,B형,0,0.4762
2026-03-13,평일,15,멀뫼사거리-동 (서향),있음(비0),343,B형 검토,0,0.5000
2026-03-13,평일,15,멀뫼사거리-서 (동향),있음(비0),777,B형 검토,0,0.5000
2026-03-13,평일,15,멀뫼4R-남 (북향),있음(비0),1342,B형 검토,0,0.5000
2026-03-13,평일,15,멀뫼사거리-북 (남향),없음(NULL),,B형,0,0.5000
2026-03-13,평일,16,멀뫼사거리-동 (서향),있음(비0),379,B형 검토,0,0.4762
2026-03-13,평일,16,멀뫼사거리-서 (동향),있음(비0),827,B형 검토,0,0.4762
2026-03-13,평일,16,멀뫼4R-남 (북향),있음(비0),1347,B형 검토,0,0.4762
2026-03-13,평일,16,멀뫼사거리-북 (남향),없음(NULL),,B형,0,0.4762
2026-03-13,평일,17,멀뫼사거리-동 (서향),있음(비0),489,B형 검토,0,0.4762
2026-03-13,평일,17,멀뫼사거리-서 (동향),있음(비0),716,B형 검토,0,0.4762
2026-03-13,평일,17,멀뫼4R-남 (북향),있음(비0),1380,B형 검토,0,0.4762
2026-03-13,평일,17,멀뫼사거리-북 (남향),없음(NULL),,B형,0,0.4762
2026-03-13,평일,18,멀뫼사거리-동 (서향),있음(비0),463,B형 검토,0,0.4762
2026-03-13,평일,18,멀뫼사거리-서 (동향),있음(비0),721,B형 검토,0,0.4762
2026-03-13,평일,18,멀뫼4R-남 (북향),있음(비0),1410,B형 검토,0,0.4762
2026-03-13,평일,18,멀뫼사거리-북 (남향),없음(NULL),,B형,0,0.4762
2026-03-13,평일,19,멀뫼사거리-동 (서향),있음(비0),273,B형 검토,0,0.4762
2026-03-13,평일,19,멀뫼사거리-서 (동향),있음(비0),546,B형 검토,0,0.4762
2026-03-13,평일,19,멀뫼4R-남 (북향),있음(비0),1329,B형 검토,0,0.4762
2026-03-13,평일,19,멀뫼사거리-북 (남향),없음(NULL),,B형,0,0.4762
2026-03-13,평일,20,멀뫼사거리-동 (서향),있음(비0),241,B형 검토,0,0.4762
2026-03-13,평일,20,멀뫼사거리-서 (동향),있음(비0),501,B형 검토,0,0.4762
2026-03-13,평일,20,멀뫼4R-남 (북향),있음(비0),1099,B형 검토,0,0.4762
2026-03-13,평일,20,멀뫼사거리-북 (남향),없음(NULL),,B형,0,0.4762
2026-03-13,평일,21,멀뫼사거리-동 (서향),있음(비0),190,B형 검토,0,0.4762
2026-03-13,평일,21,멀뫼사거리-서 (동향),있음(비0),456,B형 검토,0,0.4762
2026-03-13,평일,21,멀뫼4R-남 (북향),있음(비0),942,B형 검토,0,0.4762
2026-03-13,평일,21,멀뫼사거리-북 (남향),없음(NULL),,B형,0,0.4762
2026-03-13,평일,22,멀뫼사거리-동 (서향),있음(비0),182,B형 검토,0,0.4762
2026-03-13,평일,22,멀뫼사거리-서 (동향),있음(비0),423,B형 검토,0,0.4762
2026-03-13,평일,22,멀뫼4R-남 (북향),있음(비0),708,B형 검토,0,0.4762
2026-03-13,평일,22,멀뫼사거리-북 (남향),없음(NULL),,B형,0,0.4762
2026-03-13,평일,23,멀뫼사거리-동 (서향),있음(비0),151,B형 검토,0,0.4762
2026-03-13,평일,23,멀뫼사거리-서 (동향),있음(비0),346,B형 검토,0,0.4762
2026-03-13,평일,23,멀뫼4R-남 (북향),있음(비0),510,B형 검토,0,0.4762
2026-03-13,평일,23,멀뫼사거리-북 (남향),없음(NULL),,B형,0,0.4762
2026-03-14,토요일,00,멀뫼사거리-동 (서향),있음(비0),123,B형 검토,0,0.4000
2026-03-14,토요일,00,멀뫼사거리-서 (동향),있음(비0),288,B형 검토,0,0.4000
2026-03-14,토요일,00,멀뫼4R-남 (북향),있음(비0),443,B형 검토,0,0.4000
2026-03-14,토요일,00,멀뫼사거리-북 (남향),없음(NULL),,B형,0,0.4000
2026-03-14,토요일,01,멀뫼사거리-동 (서향),있음(비0),117,B형 검토,0,0.4000
2026-03-14,토요일,01,멀뫼사거리-서 (동향),있음(비0),228,B형 검토,0,0.4000
2026-03-14,토요일,01,멀뫼4R-남 (북향),있음(비0),325,B형 검토,0,0.4000
2026-03-14,토요일,01,멀뫼사거리-북 (남향),없음(NULL),,B형,0,0.4000
2026-03-14,토요일,02,멀뫼사거리-동 (서향),있음(비0),97,B형 검토,0,0.4000
2026-03-14,토요일,02,멀뫼사거리-서 (동향),있음(비0),237,B형 검토,0,0.4000
2026-03-14,토요일,02,멀뫼4R-남 (북향),있음(비0),251,B형 검토,0,0.4000
2026-03-14,토요일,02,멀뫼사거리-북 (남향),없음(NULL),,B형,0,0.4000
2026-03-14,토요일,03,멀뫼사거리-동 (서향),있음(비0),77,B형 검토,0,0.4000
2026-03-14,토요일,03,멀뫼사거리-서 (동향),있음(비0),182,B형 검토,0,0.4000
2026-03-14,토요일,03,멀뫼4R-남 (북향),있음(비0),189,B형 검토,0,0.4000
2026-03-14,토요일,03,멀뫼사거리-북 (남향),없음(NULL),,B형,0,0.4000
2026-03-14,토요일,04,멀뫼사거리-동 (서향),있음(비0),77,B형 검토,0,0.4000
2026-03-14,토요일,04,멀뫼사거리-서 (동향),있음(비0),218,B형 검토,0,0.4000
2026-03-14,토요일,04,멀뫼4R-남 (북향),있음(비0),226,B형 검토,0,0.4000
2026-03-14,토요일,04,멀뫼사거리-북 (남향),없음(NULL),,B형,0,0.4000
2026-03-14,토요일,05,멀뫼사거리-동 (서향),있음(비0),141,B형 검토,0,0.4000
2026-03-14,토요일,05,멀뫼사거리-서 (동향),있음(비0),342,B형 검토,0,0.4000
2026-03-14,토요일,05,멀뫼4R-남 (북향),있음(비0),517,B형 검토,0,0.4000
2026-03-14,토요일,05,멀뫼사거리-북 (남향),없음(NULL),,B형,0,0.4000
2026-03-14,토요일,06,멀뫼사거리-동 (서향),있음(비0),157,B형 검토,0,0.4000
2026-03-14,토요일,06,멀뫼사거리-서 (동향),있음(비0),350,B형 검토,0,0.4000
2026-03-14,토요일,06,멀뫼4R-남 (북향),있음(비0),642,B형 검토,0,0.4000
2026-03-14,토요일,06,멀뫼사거리-북 (남향),없음(NULL),,B형,0,0.4000
2026-03-14,토요일,07,멀뫼사거리-동 (서향),있음(비0),179,B형 검토,0,0.4000
2026-03-14,토요일,07,멀뫼사거리-서 (동향),있음(비0),413,B형 검토,0,0.4000
2026-03-14,토요일,07,멀뫼4R-남 (북향),있음(비0),735,B형 검토,0,0.4000
2026-03-14,토요일,07,멀뫼사거리-북 (남향),없음(NULL),,B형,0,0.4000
2026-03-14,토요일,08,멀뫼사거리-동 (서향),있음(비0),273,B형 검토,0,0.4000
2026-03-14,토요일,08,멀뫼사거리-서 (동향),있음(비0),510,B형 검토,0,0.4000
2026-03-14,토요일,08,멀뫼4R-남 (북향),있음(비0),1021,B형 검토,0,0.4000
2026-03-14,토요일,08,멀뫼사거리-북 (남향),없음(NULL),,B형,0,0.4000
2026-03-14,토요일,09,멀뫼사거리-동 (서향),있음(비0),346,B형 검토,0,0.4000
2026-03-14,토요일,09,멀뫼사거리-서 (동향),있음(비0),656,B형 검토,0,0.4000
2026-03-14,토요일,09,멀뫼4R-남 (북향),있음(비0),1183,B형 검토,0,0.4000
2026-03-14,토요일,09,멀뫼사거리-북 (남향),없음(NULL),,B형,0,0.4000
2026-03-14,토요일,10,멀뫼사거리-동 (서향),있음(비0),351,B형 검토,0,0.4000
2026-03-14,토요일,10,멀뫼사거리-서 (동향),있음(비0),748,B형 검토,0,0.4000
2026-03-14,토요일,10,멀뫼4R-남 (북향),있음(비0),1236,B형 검토,0,0.4000
2026-03-14,토요일,10,멀뫼사거리-북 (남향),없음(NULL),,B형,0,0.4000
2026-03-14,토요일,11,멀뫼사거리-동 (서향),있음(비0),358,B형 검토,0,0.4000
2026-03-14,토요일,11,멀뫼사거리-서 (동향),있음(비0),756,B형 검토,0,0.4000
2026-03-14,토요일,11,멀뫼4R-남 (북향),있음(비0),1351,B형 검토,0,0.4000
2026-03-14,토요일,11,멀뫼사거리-북 (남향),없음(NULL),,B형,0,0.4000
2026-03-14,토요일,12,멀뫼사거리-동 (서향),있음(비0),332,B형 검토,0,0.4000
2026-03-14,토요일,12,멀뫼사거리-서 (동향),있음(비0),678,B형 검토,0,0.4000
2026-03-14,토요일,12,멀뫼4R-남 (북향),있음(비0),1328,B형 검토,0,0.4000
2026-03-14,토요일,12,멀뫼사거리-북 (남향),없음(NULL),,B형,0,0.4000
2026-03-14,토요일,13,멀뫼사거리-동 (서향),있음(비0),363,B형 검토,0,0.4000
2026-03-14,토요일,13,멀뫼사거리-서 (동향),있음(비0),791,B형 검토,0,0.4000
2026-03-14,토요일,13,멀뫼4R-남 (북향),있음(비0),1277,B형 검토,0,0.4000
2026-03-14,토요일,13,멀뫼사거리-북 (남향),없음(NULL),,B형,0,0.4000
2026-03-14,토요일,14,멀뫼사거리-동 (서향),있음(비0),342,B형 검토,0,0.4000
2026-03-14,토요일,14,멀뫼사거리-서 (동향),있음(비0),767,B형 검토,0,0.4000
2026-03-14,토요일,14,멀뫼4R-남 (북향),있음(비0),1377,B형 검토,0,0.4000
2026-03-14,토요일,14,멀뫼사거리-북 (남향),없음(NULL),,B형,0,0.4000
2026-03-14,토요일,15,멀뫼사거리-동 (서향),있음(비0),337,B형 검토,0,0.4000
2026-03-14,토요일,15,멀뫼사거리-서 (동향),있음(비0),736,B형 검토,0,0.4000
2026-03-14,토요일,15,멀뫼4R-남 (북향),있음(비0),1321,B형 검토,0,0.4000
2026-03-14,토요일,15,멀뫼사거리-북 (남향),없음(NULL),,B형,0,0.4000
2026-03-14,토요일,16,멀뫼사거리-동 (서향),있음(비0),364,B형 검토,0,0.4000
2026-03-14,토요일,16,멀뫼사거리-서 (동향),있음(비0),721,B형 검토,0,0.4000
2026-03-14,토요일,16,멀뫼4R-남 (북향),있음(비0),1341,B형 검토,0,0.4000
2026-03-14,토요일,16,멀뫼사거리-북 (남향),없음(NULL),,B형,0,0.4000
2026-03-14,토요일,17,멀뫼사거리-동 (서향),있음(비0),343,B형 검토,0,0.4000
2026-03-14,토요일,17,멀뫼사거리-서 (동향),있음(비0),762,B형 검토,0,0.4000
2026-03-14,토요일,17,멀뫼4R-남 (북향),있음(비0),1424,B형 검토,0,0.4000
2026-03-14,토요일,17,멀뫼사거리-북 (남향),없음(NULL),,B형,0,0.4000
2026-03-14,토요일,18,멀뫼사거리-동 (서향),있음(비0),289,B형 검토,0,0.4000
2026-03-14,토요일,18,멀뫼사거리-서 (동향),있음(비0),690,B형 검토,0,0.4000
2026-03-14,토요일,18,멀뫼4R-남 (북향),있음(비0),1275,B형 검토,0,0.4000
2026-03-14,토요일,18,멀뫼사거리-북 (남향),없음(NULL),,B형,0,0.4000
2026-03-14,토요일,19,멀뫼사거리-동 (서향),있음(비0),236,B형 검토,0,0.4000
2026-03-14,토요일,19,멀뫼사거리-서 (동향),있음(비0),494,B형 검토,0,0.4000
2026-03-14,토요일,19,멀뫼4R-남 (북향),있음(비0),1066,B형 검토,0,0.4000
2026-03-14,토요일,19,멀뫼사거리-북 (남향),없음(NULL),,B형,0,0.4000
2026-03-14,토요일,20,멀뫼사거리-동 (서향),있음(비0),207,B형 검토,0,0.4000
2026-03-14,토요일,20,멀뫼사거리-서 (동향),있음(비0),437,B형 검토,0,0.4000
2026-03-14,토요일,20,멀뫼4R-남 (북향),있음(비0),804,B형 검토,0,0.4000
2026-03-14,토요일,20,멀뫼사거리-북 (남향),없음(NULL),,B형,0,0.4000
2026-03-14,토요일,21,멀뫼사거리-동 (서향),있음(비0),185,B형 검토,0,0.4000
2026-03-14,토요일,21,멀뫼사거리-서 (동향),있음(비0),412,B형 검토,0,0.4000
2026-03-14,토요일,21,멀뫼4R-남 (북향),있음(비0),723,B형 검토,0,0.4000
2026-03-14,토요일,21,멀뫼사거리-북 (남향),없음(NULL),,B형,0,0.4000
2026-03-14,토요일,22,멀뫼사거리-동 (서향),있음(비0),174,B형 검토,0,0.4000
2026-03-14,토요일,22,멀뫼사거리-서 (동향),있음(비0),393,B형 검토,0,0.4000
2026-03-14,토요일,22,멀뫼4R-남 (북향),있음(비0),600,B형 검토,0,0.4000
2026-03-14,토요일,22,멀뫼사거리-북 (남향),없음(NULL),,B형,0,0.4000
2026-03-14,토요일,23,멀뫼사거리-동 (서향),있음(비0),133,B형 검토,0,0.4000
2026-03-14,토요일,23,멀뫼사거리-서 (동향),있음(비0),284,B형 검토,0,0.4000
2026-03-14,토요일,23,멀뫼4R-남 (북향),있음(비0),440,B형 검토,0,0.4000
2026-03-14,토요일,23,멀뫼사거리-북 (남향),없음(NULL),,B형,0,0.4000
2026-03-15,일·공휴일,00,멀뫼사거리-동 (서향),있음(비0),127,B형 검토,0,0.2000
2026-03-15,일·공휴일,00,멀뫼사거리-서 (동향),있음(비0),279,B형 검토,0,0.2000
2026-03-15,일·공휴일,00,멀뫼4R-남 (북향),있음(비0),352,B형 검토,0,0.2000
2026-03-15,일·공휴일,00,멀뫼사거리-북 (남향),없음(NULL),,B형,0,0.2000
2026-03-15,일·공휴일,01,멀뫼사거리-동 (서향),있음(비0),114,B형 검토,0,0.2000
2026-03-15,일·공휴일,01,멀뫼사거리-서 (동향),있음(비0),213,B형 검토,0,0.2000
2026-03-15,일·공휴일,01,멀뫼4R-남 (북향),있음(비0),276,B형 검토,0,0.2000
2026-03-15,일·공휴일,01,멀뫼사거리-북 (남향),없음(NULL),,B형,0,0.2000
2026-03-15,일·공휴일,02,멀뫼사거리-동 (서향),있음(비0),79,B형 검토,0,0.2000
2026-03-15,일·공휴일,02,멀뫼사거리-서 (동향),있음(비0),191,B형 검토,0,0.2000
2026-03-15,일·공휴일,02,멀뫼4R-남 (북향),있음(비0),230,B형 검토,0,0.2000
2026-03-15,일·공휴일,02,멀뫼사거리-북 (남향),없음(NULL),,B형,0,0.2000
2026-03-15,일·공휴일,03,멀뫼사거리-동 (서향),있음(비0),69,B형 검토,0,0.2000
2026-03-15,일·공휴일,03,멀뫼사거리-서 (동향),있음(비0),173,B형 검토,0,0.2000
2026-03-15,일·공휴일,03,멀뫼4R-남 (북향),있음(비0),149,B형 검토,0,0.2000
2026-03-15,일·공휴일,03,멀뫼사거리-북 (남향),없음(NULL),,B형,0,0.2000
2026-03-15,일·공휴일,04,멀뫼사거리-동 (서향),있음(비0),64,B형 검토,0,0.2000
2026-03-15,일·공휴일,04,멀뫼사거리-서 (동향),있음(비0),132,B형 검토,0,0.2000
2026-03-15,일·공휴일,04,멀뫼4R-남 (북향),있음(비0),179,B형 검토,0,0.2000
2026-03-15,일·공휴일,04,멀뫼사거리-북 (남향),없음(NULL),,B형,0,0.2000
2026-03-15,일·공휴일,05,멀뫼사거리-동 (서향),있음(비0),78,B형 검토,0,0.2000
2026-03-15,일·공휴일,05,멀뫼사거리-서 (동향),있음(비0),132,B형 검토,0,0.2000
2026-03-15,일·공휴일,05,멀뫼4R-남 (북향),있음(비0),275,B형 검토,0,0.2000
2026-03-15,일·공휴일,05,멀뫼사거리-북 (남향),없음(NULL),,B형,0,0.2000
2026-03-15,일·공휴일,06,멀뫼사거리-동 (서향),있음(비0),103,B형 검토,0,0.2000
2026-03-15,일·공휴일,06,멀뫼사거리-서 (동향),있음(비0),217,B형 검토,0,0.2000
2026-03-15,일·공휴일,06,멀뫼4R-남 (북향),있음(비0),388,B형 검토,0,0.2000
2026-03-15,일·공휴일,06,멀뫼사거리-북 (남향),없음(NULL),,B형,0,0.2000
2026-03-15,일·공휴일,07,멀뫼사거리-동 (서향),있음(비0),124,B형 검토,0,0.2000
2026-03-15,일·공휴일,07,멀뫼사거리-서 (동향),있음(비0),273,B형 검토,0,0.2000
2026-03-15,일·공휴일,07,멀뫼4R-남 (북향),있음(비0),466,B형 검토,0,0.2000
2026-03-15,일·공휴일,07,멀뫼사거리-북 (남향),없음(NULL),,B형,0,0.2000
2026-03-15,일·공휴일,08,멀뫼사거리-동 (서향),있음(비0),185,B형 검토,0,0.2000
2026-03-15,일·공휴일,08,멀뫼사거리-서 (동향),있음(비0),409,B형 검토,0,0.2000
2026-03-15,일·공휴일,08,멀뫼4R-남 (북향),있음(비0),652,B형 검토,0,0.2000
2026-03-15,일·공휴일,08,멀뫼사거리-북 (남향),없음(NULL),,B형,0,0.2000
2026-03-15,일·공휴일,09,멀뫼사거리-동 (서향),있음(비0),249,B형 검토,0,0.2000
2026-03-15,일·공휴일,09,멀뫼사거리-서 (동향),있음(비0),507,B형 검토,0,0.2000
2026-03-15,일·공휴일,09,멀뫼4R-남 (북향),있음(비0),947,B형 검토,0,0.2000
2026-03-15,일·공휴일,09,멀뫼사거리-북 (남향),없음(NULL),,B형,0,0.2000
2026-03-15,일·공휴일,10,멀뫼사거리-동 (서향),있음(비0),288,B형 검토,0,0.2000
2026-03-15,일·공휴일,10,멀뫼사거리-서 (동향),있음(비0),626,B형 검토,0,0.2000
2026-03-15,일·공휴일,10,멀뫼4R-남 (북향),있음(비0),1164,B형 검토,0,0.2000
2026-03-15,일·공휴일,10,멀뫼사거리-북 (남향),없음(NULL),,B형,0,0.2000
2026-03-15,일·공휴일,11,멀뫼사거리-동 (서향),있음(비0),268,B형 검토,0,0.2000
2026-03-15,일·공휴일,11,멀뫼사거리-서 (동향),있음(비0),620,B형 검토,0,0.2000
2026-03-15,일·공휴일,11,멀뫼4R-남 (북향),있음(비0),1164,B형 검토,0,0.2000
2026-03-15,일·공휴일,11,멀뫼사거리-북 (남향),없음(NULL),,B형,0,0.2000
2026-03-15,일·공휴일,12,멀뫼사거리-동 (서향),있음(비0),342,B형 검토,0,0.2000
2026-03-15,일·공휴일,12,멀뫼사거리-서 (동향),있음(비0),688,B형 검토,0,0.2000
2026-03-15,일·공휴일,12,멀뫼4R-남 (북향),있음(비0),1344,B형 검토,0,0.2000
2026-03-15,일·공휴일,12,멀뫼사거리-북 (남향),없음(NULL),,B형,0,0.2000
2026-03-15,일·공휴일,13,멀뫼사거리-동 (서향),있음(비0),352,B형 검토,0,0.2000
2026-03-15,일·공휴일,13,멀뫼사거리-서 (동향),있음(비0),694,B형 검토,0,0.2000
2026-03-15,일·공휴일,13,멀뫼4R-남 (북향),있음(비0),1279,B형 검토,0,0.2000
2026-03-15,일·공휴일,13,멀뫼사거리-북 (남향),없음(NULL),,B형,0,0.2000
2026-03-15,일·공휴일,14,멀뫼사거리-동 (서향),있음(비0),318,B형 검토,0,0.2000
2026-03-15,일·공휴일,14,멀뫼사거리-서 (동향),있음(비0),702,B형 검토,0,0.2000
2026-03-15,일·공휴일,14,멀뫼4R-남 (북향),있음(비0),1166,B형 검토,0,0.2000
2026-03-15,일·공휴일,14,멀뫼사거리-북 (남향),없음(NULL),,B형,0,0.2000
2026-03-15,일·공휴일,15,멀뫼사거리-동 (서향),있음(비0),326,B형 검토,0,0.2000
2026-03-15,일·공휴일,15,멀뫼사거리-서 (동향),있음(비0),688,B형 검토,0,0.2000
2026-03-15,일·공휴일,15,멀뫼4R-남 (북향),있음(비0),1224,B형 검토,0,0.2000
2026-03-15,일·공휴일,15,멀뫼사거리-북 (남향),없음(NULL),,B형,0,0.2000
2026-03-15,일·공휴일,16,멀뫼사거리-동 (서향),있음(비0),328,B형 검토,0,0.2000
2026-03-15,일·공휴일,16,멀뫼사거리-서 (동향),있음(비0),725,B형 검토,0,0.2000
2026-03-15,일·공휴일,16,멀뫼4R-남 (북향),있음(비0),1131,B형 검토,0,0.2000
2026-03-15,일·공휴일,16,멀뫼사거리-북 (남향),없음(NULL),,B형,0,0.2000
2026-03-15,일·공휴일,17,멀뫼사거리-동 (서향),있음(비0),309,B형 검토,0,0.2000
2026-03-15,일·공휴일,17,멀뫼사거리-서 (동향),있음(비0),754,B형 검토,0,0.2000
2026-03-15,일·공휴일,17,멀뫼4R-남 (북향),있음(비0),1101,B형 검토,0,0.2000
2026-03-15,일·공휴일,17,멀뫼사거리-북 (남향),없음(NULL),,B형,0,0.2000
2026-03-15,일·공휴일,18,멀뫼사거리-동 (서향),있음(비0),279,B형 검토,0,0.2000
2026-03-15,일·공휴일,18,멀뫼사거리-서 (동향),있음(비0),617,B형 검토,0,0.2000
2026-03-15,일·공휴일,18,멀뫼4R-남 (북향),있음(비0),963,B형 검토,0,0.2000
2026-03-15,일·공휴일,18,멀뫼사거리-북 (남향),없음(NULL),,B형,0,0.2000
2026-03-15,일·공휴일,19,멀뫼사거리-동 (서향),있음(비0),239,B형 검토,0,0.2000
2026-03-15,일·공휴일,19,멀뫼사거리-서 (동향),있음(비0),477,B형 검토,0,0.2000
2026-03-15,일·공휴일,19,멀뫼4R-남 (북향),있음(비0),846,B형 검토,0,0.2000
2026-03-15,일·공휴일,19,멀뫼사거리-북 (남향),없음(NULL),,B형,0,0.2000
2026-03-15,일·공휴일,20,멀뫼사거리-동 (서향),있음(비0),211,B형 검토,0,0.2000
2026-03-15,일·공휴일,20,멀뫼사거리-서 (동향),있음(비0),451,B형 검토,0,0.2000
2026-03-15,일·공휴일,20,멀뫼4R-남 (북향),있음(비0),786,B형 검토,0,0.2000
2026-03-15,일·공휴일,20,멀뫼사거리-북 (남향),없음(NULL),,B형,0,0.2000
2026-03-15,일·공휴일,21,멀뫼사거리-동 (서향),있음(비0),169,B형 검토,0,0.2000
2026-03-15,일·공휴일,21,멀뫼사거리-서 (동향),있음(비0),373,B형 검토,0,0.2000
2026-03-15,일·공휴일,21,멀뫼4R-남 (북향),있음(비0),708,B형 검토,0,0.2000
2026-03-15,일·공휴일,21,멀뫼사거리-북 (남향),없음(NULL),,B형,0,0.2000
2026-03-15,일·공휴일,22,멀뫼사거리-동 (서향),있음(비0),131,B형 검토,0,0.2000
2026-03-15,일·공휴일,22,멀뫼사거리-서 (동향),있음(비0),329,B형 검토,0,0.2000
2026-03-15,일·공휴일,22,멀뫼4R-남 (북향),있음(비0),459,B형 검토,0,0.2000
2026-03-15,일·공휴일,22,멀뫼사거리-북 (남향),없음(NULL),,B형,0,0.2000
2026-03-15,일·공휴일,23,멀뫼사거리-동 (서향),있음(비0),105,B형 검토,0,0.2000
2026-03-15,일·공휴일,23,멀뫼사거리-서 (동향),있음(비0),223,B형 검토,0,0.2000
2026-03-15,일·공휴일,23,멀뫼4R-남 (북향),있음(비0),328,B형 검토,0,0.2000
2026-03-15,일·공휴일,23,멀뫼사거리-북 (남향),없음(NULL),,B형,0,0.2000
2026-03-16,평일,00,멀뫼사거리-동 (서향),있음(비0),79,B형 검토,0,0.4762
2026-03-16,평일,00,멀뫼사거리-서 (동향),있음(비0),166,B형 검토,0,0.4762
2026-03-16,평일,00,멀뫼4R-남 (북향),있음(비0),235,B형 검토,0,0.4762
2026-03-16,평일,00,멀뫼사거리-북 (남향),없음(NULL),,B형,0,0.4762
2026-03-16,평일,01,멀뫼사거리-동 (서향),있음(비0),67,B형 검토,0,0.4762
2026-03-16,평일,01,멀뫼사거리-서 (동향),있음(비0),127,B형 검토,0,0.4762
2026-03-16,평일,01,멀뫼4R-남 (북향),있음(비0),145,B형 검토,0,0.4762
2026-03-16,평일,01,멀뫼사거리-북 (남향),없음(NULL),,B형,0,0.4762
2026-03-16,평일,02,멀뫼사거리-동 (서향),있음(비0),63,B형 검토,0,0.4762
2026-03-16,평일,02,멀뫼사거리-서 (동향),있음(비0),109,B형 검토,0,0.4762
2026-03-16,평일,02,멀뫼4R-남 (북향),있음(비0),141,B형 검토,0,0.4762
2026-03-16,평일,02,멀뫼사거리-북 (남향),없음(NULL),,B형,0,0.4762
2026-03-16,평일,03,멀뫼사거리-동 (서향),있음(비0),54,B형 검토,0,0.4762
2026-03-16,평일,03,멀뫼사거리-서 (동향),있음(비0),119,B형 검토,0,0.4762
2026-03-16,평일,03,멀뫼4R-남 (북향),있음(비0),141,B형 검토,0,0.4762
2026-03-16,평일,03,멀뫼사거리-북 (남향),없음(NULL),,B형,0,0.4762
2026-03-16,평일,04,멀뫼사거리-동 (서향),있음(비0),93,B형 검토,0,0.4762
2026-03-16,평일,04,멀뫼사거리-서 (동향),있음(비0),213,B형 검토,0,0.4762
2026-03-16,평일,04,멀뫼4R-남 (북향),있음(비0),253,B형 검토,0,0.4762
2026-03-16,평일,04,멀뫼사거리-북 (남향),없음(NULL),,B형,0,0.4762
2026-03-16,평일,05,멀뫼사거리-동 (서향),있음(비0),138,B형 검토,0,0.4762
2026-03-16,평일,05,멀뫼사거리-서 (동향),있음(비0),404,B형 검토,0,0.4762
2026-03-16,평일,05,멀뫼4R-남 (북향),있음(비0),624,B형 검토,0,0.4762
2026-03-16,평일,05,멀뫼사거리-북 (남향),없음(NULL),,B형,0,0.4762
2026-03-16,평일,06,멀뫼사거리-동 (서향),있음(비0),228,B형 검토,0,0.4762
2026-03-16,평일,06,멀뫼사거리-서 (동향),있음(비0),529,B형 검토,0,0.4762
2026-03-16,평일,06,멀뫼4R-남 (북향),있음(비0),1143,B형 검토,0,0.4762
2026-03-16,평일,06,멀뫼사거리-북 (남향),없음(NULL),,B형,0,0.4762
2026-03-16,평일,07,멀뫼사거리-동 (서향),있음(비0),351,B형 검토,0,0.4762
2026-03-16,평일,07,멀뫼사거리-서 (동향),있음(비0),837,B형 검토,0,0.4762
2026-03-16,평일,07,멀뫼4R-남 (북향),있음(비0),1835,B형 검토,0,0.4762
2026-03-16,평일,07,멀뫼사거리-북 (남향),없음(NULL),,B형,0,0.4762
2026-03-16,평일,08,멀뫼사거리-동 (서향),있음(비0),527,B형 검토,0,0.4762
2026-03-16,평일,08,멀뫼사거리-서 (동향),있음(비0),813,B형 검토,0,0.4762
2026-03-16,평일,08,멀뫼4R-남 (북향),있음(비0),1859,B형 검토,0,0.4762
2026-03-16,평일,08,멀뫼사거리-북 (남향),없음(NULL),,B형,0,0.4762
2026-03-16,평일,09,멀뫼사거리-동 (서향),있음(비0),378,B형 검토,0,0.4762
2026-03-16,평일,09,멀뫼사거리-서 (동향),있음(비0),741,B형 검토,0,0.4762
2026-03-16,평일,09,멀뫼4R-남 (북향),있음(비0),1517,B형 검토,0,0.4762
2026-03-16,평일,09,멀뫼사거리-북 (남향),없음(NULL),,B형,0,0.4762
2026-03-16,평일,10,멀뫼사거리-동 (서향),있음(비0),359,B형 검토,0,0.5000
2026-03-16,평일,10,멀뫼사거리-서 (동향),있음(비0),768,B형 검토,0,0.5000
2026-03-16,평일,10,멀뫼4R-남 (북향),있음(비0),1303,B형 검토,0,0.5000
2026-03-16,평일,10,멀뫼사거리-북 (남향),없음(NULL),,B형,0,0.5000
2026-03-16,평일,11,멀뫼사거리-동 (서향),있음(비0),311,B형 검토,0,0.4762
2026-03-16,평일,11,멀뫼사거리-서 (동향),있음(비0),754,B형 검토,0,0.4762
2026-03-16,평일,11,멀뫼4R-남 (북향),있음(비0),1161,B형 검토,0,0.4762
2026-03-16,평일,11,멀뫼사거리-북 (남향),없음(NULL),,B형,0,0.4762
2026-03-16,평일,12,멀뫼사거리-동 (서향),있음(비0),288,B형 검토,0,0.4762
2026-03-16,평일,12,멀뫼사거리-서 (동향),있음(비0),684,B형 검토,0,0.4762
2026-03-16,평일,12,멀뫼4R-남 (북향),있음(비0),1105,B형 검토,0,0.4762
2026-03-16,평일,12,멀뫼사거리-북 (남향),없음(NULL),,B형,0,0.4762
2026-03-16,평일,13,멀뫼사거리-동 (서향),있음(비0),329,B형 검토,0,0.4762
2026-03-16,평일,13,멀뫼사거리-서 (동향),있음(비0),705,B형 검토,0,0.4762
2026-03-16,평일,13,멀뫼4R-남 (북향),있음(비0),1298,B형 검토,0,0.4762
2026-03-16,평일,13,멀뫼사거리-북 (남향),있음(비0),48,B형 검토,0,0.4762
2026-03-16,평일,14,멀뫼사거리-동 (서향),있음(비0),340,B형 검토,0,0.4762
2026-03-16,평일,14,멀뫼사거리-서 (동향),있음(비0),775,B형 검토,0,0.4762
2026-03-16,평일,14,멀뫼4R-남 (북향),있음(비0),1273,B형 검토,0,0.4762
2026-03-16,평일,14,멀뫼사거리-북 (남향),없음(NULL),,B형,0,0.4762
2026-03-16,평일,15,멀뫼사거리-동 (서향),있음(비0),344,B형 검토,0,0.5000
2026-03-16,평일,15,멀뫼사거리-서 (동향),있음(비0),846,B형 검토,0,0.5000
2026-03-16,평일,15,멀뫼4R-남 (북향),있음(비0),1276,B형 검토,0,0.5000
2026-03-16,평일,15,멀뫼사거리-북 (남향),없음(NULL),,B형,0,0.5000
2026-03-16,평일,16,멀뫼사거리-동 (서향),있음(비0),400,B형 검토,0,0.4762
2026-03-16,평일,16,멀뫼사거리-서 (동향),있음(비0),845,B형 검토,0,0.4762
2026-03-16,평일,16,멀뫼4R-남 (북향),있음(비0),1351,B형 검토,0,0.4762
2026-03-16,평일,16,멀뫼사거리-북 (남향),없음(NULL),,B형,0,0.4762
2026-03-16,평일,17,멀뫼사거리-동 (서향),있음(비0),461,B형 검토,0,0.4762
2026-03-16,평일,17,멀뫼사거리-서 (동향),있음(비0),739,B형 검토,0,0.4762
2026-03-16,평일,17,멀뫼4R-남 (북향),있음(비0),1403,B형 검토,0,0.4762
2026-03-16,평일,17,멀뫼사거리-북 (남향),없음(NULL),,B형,0,0.4762
2026-03-16,평일,18,멀뫼사거리-동 (서향),있음(비0),406,B형 검토,0,0.4762
2026-03-16,평일,18,멀뫼사거리-서 (동향),있음(비0),788,B형 검토,0,0.4762
2026-03-16,평일,18,멀뫼4R-남 (북향),있음(비0),1384,B형 검토,0,0.4762
2026-03-16,평일,18,멀뫼사거리-북 (남향),없음(NULL),,B형,0,0.4762
2026-03-16,평일,19,멀뫼사거리-동 (서향),있음(비0),245,B형 검토,0,0.4762
2026-03-16,평일,19,멀뫼사거리-서 (동향),있음(비0),538,B형 검토,0,0.4762
2026-03-16,평일,19,멀뫼4R-남 (북향),있음(비0),1097,B형 검토,0,0.4762
2026-03-16,평일,19,멀뫼사거리-북 (남향),없음(NULL),,B형,0,0.4762
2026-03-16,평일,20,멀뫼사거리-동 (서향),있음(비0),207,B형 검토,0,0.4762
2026-03-16,평일,20,멀뫼사거리-서 (동향),있음(비0),439,B형 검토,0,0.4762
2026-03-16,평일,20,멀뫼4R-남 (북향),있음(비0),869,B형 검토,0,0.4762
2026-03-16,평일,20,멀뫼사거리-북 (남향),없음(NULL),,B형,0,0.4762
2026-03-16,평일,21,멀뫼사거리-동 (서향),있음(비0),199,B형 검토,0,0.4762
2026-03-16,평일,21,멀뫼사거리-서 (동향),있음(비0),387,B형 검토,0,0.4762
2026-03-16,평일,21,멀뫼4R-남 (북향),있음(비0),733,B형 검토,0,0.4762
2026-03-16,평일,21,멀뫼사거리-북 (남향),없음(NULL),,B형,0,0.4762
2026-03-16,평일,22,멀뫼사거리-동 (서향),있음(비0),135,B형 검토,0,0.4762
2026-03-16,평일,22,멀뫼사거리-서 (동향),있음(비0),324,B형 검토,0,0.4762
2026-03-16,평일,22,멀뫼4R-남 (북향),있음(비0),531,B형 검토,0,0.4762
2026-03-16,평일,22,멀뫼사거리-북 (남향),없음(NULL),,B형,0,0.4762
2026-03-16,평일,23,멀뫼사거리-동 (서향),있음(비0),122,B형 검토,0,0.4762
2026-03-16,평일,23,멀뫼사거리-서 (동향),있음(비0),251,B형 검토,0,0.4762
2026-03-16,평일,23,멀뫼4R-남 (북향),있음(비0),348,B형 검토,0,0.4762
2026-03-16,평일,23,멀뫼사거리-북 (남향),없음(NULL),,B형,0,0.4762
2026-03-17,평일,00,멀뫼사거리-동 (서향),있음(비0),81,B형 검토,0,0.4762
2026-03-17,평일,00,멀뫼사거리-서 (동향),있음(비0),161,B형 검토,0,0.4762
2026-03-17,평일,00,멀뫼4R-남 (북향),있음(비0),267,B형 검토,0,0.4762
2026-03-17,평일,00,멀뫼사거리-북 (남향),없음(NULL),,B형,0,0.4762
2026-03-17,평일,01,멀뫼사거리-동 (서향),있음(비0),67,B형 검토,0,0.4762
2026-03-17,평일,01,멀뫼사거리-서 (동향),있음(비0),166,B형 검토,0,0.4762
2026-03-17,평일,01,멀뫼4R-남 (북향),있음(비0),180,B형 검토,0,0.4762
2026-03-17,평일,01,멀뫼사거리-북 (남향),없음(NULL),,B형,0,0.4762
2026-03-17,평일,02,멀뫼사거리-동 (서향),있음(비0),66,B형 검토,0,0.4762
2026-03-17,평일,02,멀뫼사거리-서 (동향),있음(비0),123,B형 검토,0,0.4762
2026-03-17,평일,02,멀뫼4R-남 (북향),있음(비0),164,B형 검토,0,0.4762
2026-03-17,평일,02,멀뫼사거리-북 (남향),없음(NULL),,B형,0,0.4762
2026-03-17,평일,03,멀뫼사거리-동 (서향),있음(비0),54,B형 검토,0,0.4762
2026-03-17,평일,03,멀뫼사거리-서 (동향),있음(비0),113,B형 검토,0,0.4762
2026-03-17,평일,03,멀뫼4R-남 (북향),있음(비0),118,B형 검토,0,0.4762
2026-03-17,평일,03,멀뫼사거리-북 (남향),없음(NULL),,B형,0,0.4762
2026-03-17,평일,04,멀뫼사거리-동 (서향),있음(비0),81,B형 검토,0,0.4762
2026-03-17,평일,04,멀뫼사거리-서 (동향),있음(비0),213,B형 검토,0,0.4762
2026-03-17,평일,04,멀뫼4R-남 (북향),있음(비0),261,B형 검토,0,0.4762
2026-03-17,평일,04,멀뫼사거리-북 (남향),없음(NULL),,B형,0,0.4762
2026-03-17,평일,05,멀뫼사거리-동 (서향),있음(비0),141,B형 검토,0,0.4762
2026-03-17,평일,05,멀뫼사거리-서 (동향),있음(비0),372,B형 검토,0,0.4762
2026-03-17,평일,05,멀뫼4R-남 (북향),있음(비0),587,B형 검토,0,0.4762
2026-03-17,평일,05,멀뫼사거리-북 (남향),없음(NULL),,B형,0,0.4762
2026-03-17,평일,06,멀뫼사거리-동 (서향),있음(비0),247,B형 검토,0,0.4762
2026-03-17,평일,06,멀뫼사거리-서 (동향),있음(비0),548,B형 검토,0,0.4762
2026-03-17,평일,06,멀뫼4R-남 (북향),있음(비0),1091,B형 검토,0,0.4762
2026-03-17,평일,06,멀뫼사거리-북 (남향),없음(NULL),,B형,0,0.4762
2026-03-17,평일,07,멀뫼사거리-동 (서향),있음(비0),321,B형 검토,0,0.4762
2026-03-17,평일,07,멀뫼사거리-서 (동향),있음(비0),782,B형 검토,0,0.4762
2026-03-17,평일,07,멀뫼4R-남 (북향),있음(비0),1751,B형 검토,0,0.4762
2026-03-17,평일,07,멀뫼사거리-북 (남향),없음(NULL),,B형,0,0.4762
2026-03-17,평일,08,멀뫼사거리-동 (서향),있음(비0),487,B형 검토,0,0.4762
2026-03-17,평일,08,멀뫼사거리-서 (동향),있음(비0),822,B형 검토,0,0.4762
2026-03-17,평일,08,멀뫼4R-남 (북향),있음(비0),1801,B형 검토,0,0.4762
2026-03-17,평일,08,멀뫼사거리-북 (남향),없음(NULL),,B형,0,0.4762
2026-03-17,평일,09,멀뫼사거리-동 (서향),있음(비0),408,B형 검토,0,0.4762
2026-03-17,평일,09,멀뫼사거리-서 (동향),있음(비0),768,B형 검토,0,0.4762
2026-03-17,평일,09,멀뫼4R-남 (북향),있음(비0),1509,B형 검토,0,0.4762
2026-03-17,평일,09,멀뫼사거리-북 (남향),없음(NULL),,B형,0,0.4762
2026-03-17,평일,10,멀뫼사거리-동 (서향),있음(비0),367,B형 검토,0,0.5000
2026-03-17,평일,10,멀뫼사거리-서 (동향),있음(비0),720,B형 검토,0,0.5000
2026-03-17,평일,10,멀뫼4R-남 (북향),있음(비0),1267,B형 검토,0,0.5000
2026-03-17,평일,10,멀뫼사거리-북 (남향),없음(NULL),,B형,0,0.5000
2026-03-17,평일,11,멀뫼사거리-동 (서향),있음(비0),298,B형 검토,0,0.4762
2026-03-17,평일,11,멀뫼사거리-서 (동향),있음(비0),779,B형 검토,0,0.4762
2026-03-17,평일,11,멀뫼4R-남 (북향),있음(비0),1125,B형 검토,0,0.4762
2026-03-17,평일,11,멀뫼사거리-북 (남향),없음(NULL),,B형,0,0.4762
2026-03-17,평일,12,멀뫼사거리-동 (서향),있음(비0),293,B형 검토,0,0.4762
2026-03-17,평일,12,멀뫼사거리-서 (동향),있음(비0),710,B형 검토,0,0.4762
2026-03-17,평일,12,멀뫼4R-남 (북향),있음(비0),1162,B형 검토,0,0.4762
2026-03-17,평일,12,멀뫼사거리-북 (남향),없음(NULL),,B형,0,0.4762
2026-03-17,평일,13,멀뫼사거리-동 (서향),있음(비0),349,B형 검토,0,0.4762
2026-03-17,평일,13,멀뫼사거리-서 (동향),있음(비0),709,B형 검토,0,0.4762
2026-03-17,평일,13,멀뫼4R-남 (북향),있음(비0),1232,B형 검토,0,0.4762
2026-03-17,평일,13,멀뫼사거리-북 (남향),없음(NULL),,B형,0,0.4762
2026-03-17,평일,14,멀뫼사거리-동 (서향),있음(비0),320,B형 검토,0,0.4762
2026-03-17,평일,14,멀뫼사거리-서 (동향),있음(비0),739,B형 검토,0,0.4762
2026-03-17,평일,14,멀뫼4R-남 (북향),있음(비0),990,B형 검토,0,0.4762
2026-03-17,평일,14,멀뫼사거리-북 (남향),없음(NULL),,B형,0,0.4762
2026-03-17,평일,15,멀뫼사거리-동 (서향),있음(비0),317,B형 검토,0,0.5000
2026-03-17,평일,15,멀뫼사거리-서 (동향),있음(비0),796,B형 검토,0,0.5000
2026-03-17,평일,15,멀뫼4R-남 (북향),있음(비0),1235,B형 검토,0,0.5000
2026-03-17,평일,15,멀뫼사거리-북 (남향),없음(NULL),,B형,0,0.5000
2026-03-17,평일,16,멀뫼사거리-동 (서향),있음(비0),387,B형 검토,0,0.4762
2026-03-17,평일,16,멀뫼사거리-서 (동향),있음(비0),773,B형 검토,0,0.4762
2026-03-17,평일,16,멀뫼4R-남 (북향),있음(비0),1329,B형 검토,0,0.4762
2026-03-17,평일,16,멀뫼사거리-북 (남향),없음(NULL),,B형,0,0.4762
2026-03-17,평일,17,멀뫼사거리-동 (서향),있음(비0),443,B형 검토,0,0.4762
2026-03-17,평일,17,멀뫼사거리-서 (동향),있음(비0),772,B형 검토,0,0.4762
2026-03-17,평일,17,멀뫼4R-남 (북향),있음(비0),1411,B형 검토,0,0.4762
2026-03-17,평일,17,멀뫼사거리-북 (남향),없음(NULL),,B형,0,0.4762
2026-03-17,평일,18,멀뫼사거리-동 (서향),있음(비0),425,B형 검토,0,0.4762
2026-03-17,평일,18,멀뫼사거리-서 (동향),있음(비0),729,B형 검토,0,0.4762
2026-03-17,평일,18,멀뫼4R-남 (북향),있음(비0),1429,B형 검토,0,0.4762
2026-03-17,평일,18,멀뫼사거리-북 (남향),없음(NULL),,B형,0,0.4762
2026-03-17,평일,19,멀뫼사거리-동 (서향),있음(비0),247,B형 검토,0,0.4762
2026-03-17,평일,19,멀뫼사거리-서 (동향),있음(비0),487,B형 검토,0,0.4762
2026-03-17,평일,19,멀뫼4R-남 (북향),있음(비0),1251,B형 검토,0,0.4762
2026-03-17,평일,19,멀뫼사거리-북 (남향),없음(NULL),,B형,0,0.4762
2026-03-17,평일,20,멀뫼사거리-동 (서향),있음(비0),229,B형 검토,0,0.4762
2026-03-17,평일,20,멀뫼사거리-서 (동향),있음(비0),488,B형 검토,0,0.4762
2026-03-17,평일,20,멀뫼4R-남 (북향),있음(비0),956,B형 검토,0,0.4762
2026-03-17,평일,20,멀뫼사거리-북 (남향),있음(비0),618,B형 검토,0,0.4762
2026-03-17,평일,21,멀뫼사거리-동 (서향),있음(비0),184,B형 검토,0,0.4762
2026-03-17,평일,21,멀뫼사거리-서 (동향),있음(비0),413,B형 검토,0,0.4762
2026-03-17,평일,21,멀뫼4R-남 (북향),있음(비0),766,B형 검토,0,0.4762
2026-03-17,평일,21,멀뫼사거리-북 (남향),있음(비0),593,B형 검토,0,0.4762
2026-03-17,평일,22,멀뫼사거리-동 (서향),있음(비0),158,B형 검토,0,0.4762
2026-03-17,평일,22,멀뫼사거리-서 (동향),있음(비0),360,B형 검토,0,0.4762
2026-03-17,평일,22,멀뫼4R-남 (북향),있음(비0),533,B형 검토,0,0.4762
2026-03-17,평일,22,멀뫼사거리-북 (남향),있음(비0),453,B형 검토,0,0.4762
2026-03-17,평일,23,멀뫼사거리-동 (서향),있음(비0),127,B형 검토,0,0.4762
2026-03-17,평일,23,멀뫼사거리-서 (동향),있음(비0),278,B형 검토,0,0.4762
2026-03-17,평일,23,멀뫼4R-남 (북향),있음(비0),401,B형 검토,0,0.4762
2026-03-17,평일,23,멀뫼사거리-북 (남향),있음(비0),233,B형 검토,0,0.4762
2026-03-18,평일,00,멀뫼사거리-동 (서향),있음(비0),83,B형 검토,0,0.4762
2026-03-18,평일,00,멀뫼사거리-서 (동향),있음(비0),210,B형 검토,0,0.4762
2026-03-18,평일,00,멀뫼4R-남 (북향),있음(비0),311,B형 검토,0,0.4762
2026-03-18,평일,00,멀뫼사거리-북 (남향),있음(비0),183,B형 검토,0,0.4762
2026-03-18,평일,01,멀뫼사거리-동 (서향),있음(비0),76,B형 검토,0,0.4762
2026-03-18,평일,01,멀뫼사거리-서 (동향),있음(비0),140,B형 검토,0,0.4762
2026-03-18,평일,01,멀뫼4R-남 (북향),있음(비0),181,B형 검토,0,0.4762
2026-03-18,평일,01,멀뫼사거리-북 (남향),있음(비0),124,B형 검토,0,0.4762
2026-03-18,평일,02,멀뫼사거리-동 (서향),있음(비0),58,B형 검토,0,0.4762
2026-03-18,평일,02,멀뫼사거리-서 (동향),있음(비0),115,B형 검토,0,0.4762
2026-03-18,평일,02,멀뫼4R-남 (북향),있음(비0),160,B형 검토,0,0.4762
2026-03-18,평일,02,멀뫼사거리-북 (남향),있음(비0),106,B형 검토,0,0.4762
2026-03-18,평일,03,멀뫼사거리-동 (서향),있음(비0),66,B형 검토,0,0.4762
2026-03-18,평일,03,멀뫼사거리-서 (동향),있음(비0),101,B형 검토,0,0.4762
2026-03-18,평일,03,멀뫼4R-남 (북향),있음(비0),131,B형 검토,0,0.4762
2026-03-18,평일,03,멀뫼사거리-북 (남향),있음(비0),111,B형 검토,0,0.4762
2026-03-18,평일,04,멀뫼사거리-동 (서향),있음(비0),93,B형 검토,0,0.4762
2026-03-18,평일,04,멀뫼사거리-서 (동향),있음(비0),187,B형 검토,0,0.4762
2026-03-18,평일,04,멀뫼4R-남 (북향),있음(비0),249,B형 검토,0,0.4762
2026-03-18,평일,04,멀뫼사거리-북 (남향),있음(비0),213,B형 검토,0,0.4762
2026-03-18,평일,05,멀뫼사거리-동 (서향),있음(비0),142,B형 검토,0,0.4762
2026-03-18,평일,05,멀뫼사거리-서 (동향),있음(비0),328,B형 검토,0,0.4762
2026-03-18,평일,05,멀뫼4R-남 (북향),있음(비0),538,B형 검토,0,0.4762
2026-03-18,평일,05,멀뫼사거리-북 (남향),있음(비0),381,B형 검토,0,0.4762
2026-03-18,평일,06,멀뫼사거리-동 (서향),있음(비0),216,B형 검토,0,0.4762
2026-03-18,평일,06,멀뫼사거리-서 (동향),있음(비0),488,B형 검토,0,0.4762
2026-03-18,평일,06,멀뫼4R-남 (북향),있음(비0),1005,B형 검토,0,0.4762
2026-03-18,평일,06,멀뫼사거리-북 (남향),없음(NULL),,B형,0,0.4762
2026-03-18,평일,07,멀뫼사거리-동 (서향),있음(비0),342,B형 검토,0,0.4762
2026-03-18,평일,07,멀뫼사거리-서 (동향),있음(비0),740,B형 검토,0,0.4762
2026-03-18,평일,07,멀뫼4R-남 (북향),있음(비0),1678,B형 검토,0,0.4762
2026-03-18,평일,07,멀뫼사거리-북 (남향),없음(NULL),,B형,0,0.4762
2026-03-18,평일,08,멀뫼사거리-동 (서향),있음(비0),494,B형 검토,0,0.4762
2026-03-18,평일,08,멀뫼사거리-서 (동향),있음(비0),839,B형 검토,0,0.4762
2026-03-18,평일,08,멀뫼4R-남 (북향),있음(비0),1755,B형 검토,0,0.4762
2026-03-18,평일,08,멀뫼사거리-북 (남향),없음(NULL),,B형,0,0.4762
2026-03-18,평일,09,멀뫼사거리-동 (서향),있음(비0),408,B형 검토,0,0.4762
2026-03-18,평일,09,멀뫼사거리-서 (동향),있음(비0),668,B형 검토,0,0.4762
2026-03-18,평일,09,멀뫼4R-남 (북향),있음(비0),1428,B형 검토,0,0.4762
2026-03-18,평일,09,멀뫼사거리-북 (남향),없음(NULL),,B형,0,0.4762
2026-03-18,평일,10,멀뫼사거리-동 (서향),있음(비0),377,B형 검토,0,0.5000
2026-03-18,평일,10,멀뫼사거리-서 (동향),있음(비0),635,B형 검토,0,0.5000
2026-03-18,평일,10,멀뫼4R-남 (북향),있음(비0),1260,B형 검토,0,0.5000
2026-03-18,평일,10,멀뫼사거리-북 (남향),없음(NULL),,B형,0,0.5000
2026-03-18,평일,11,멀뫼사거리-동 (서향),있음(비0),322,B형 검토,0,0.4762
2026-03-18,평일,11,멀뫼사거리-서 (동향),있음(비0),744,B형 검토,0,0.4762
2026-03-18,평일,11,멀뫼4R-남 (북향),있음(비0),1151,B형 검토,0,0.4762
2026-03-18,평일,11,멀뫼사거리-북 (남향),없음(NULL),,B형,0,0.4762
2026-03-18,평일,12,멀뫼사거리-동 (서향),있음(비0),292,B형 검토,0,0.4762
2026-03-18,평일,12,멀뫼사거리-서 (동향),있음(비0),720,B형 검토,0,0.4762
2026-03-18,평일,12,멀뫼4R-남 (북향),있음(비0),1143,B형 검토,0,0.4762
2026-03-18,평일,12,멀뫼사거리-북 (남향),없음(NULL),,B형,0,0.4762
2026-03-18,평일,13,멀뫼사거리-동 (서향),있음(비0),310,B형 검토,0,0.4762
2026-03-18,평일,13,멀뫼사거리-서 (동향),있음(비0),701,B형 검토,0,0.4762
2026-03-18,평일,13,멀뫼4R-남 (북향),있음(비0),1190,B형 검토,0,0.4762
2026-03-18,평일,13,멀뫼사거리-북 (남향),없음(NULL),,B형,0,0.4762
2026-03-18,평일,14,멀뫼사거리-동 (서향),있음(비0),308,B형 검토,0,0.4762
2026-03-18,평일,14,멀뫼사거리-서 (동향),있음(비0),689,B형 검토,0,0.4762
2026-03-18,평일,14,멀뫼4R-남 (북향),있음(비0),1304,B형 검토,0,0.4762
2026-03-18,평일,14,멀뫼사거리-북 (남향),없음(NULL),,B형,0,0.4762
2026-03-18,평일,15,멀뫼사거리-동 (서향),있음(비0),342,B형 검토,0,0.5000
2026-03-18,평일,15,멀뫼사거리-서 (동향),있음(비0),722,B형 검토,0,0.5000
2026-03-18,평일,15,멀뫼4R-남 (북향),있음(비0),1328,B형 검토,0,0.5000
2026-03-18,평일,15,멀뫼사거리-북 (남향),없음(NULL),,B형,0,0.5000
2026-03-18,평일,16,멀뫼사거리-동 (서향),있음(비0),365,B형 검토,0,0.4762
2026-03-18,평일,16,멀뫼사거리-서 (동향),있음(비0),815,B형 검토,0,0.4762
2026-03-18,평일,16,멀뫼4R-남 (북향),있음(비0),1320,B형 검토,0,0.4762
2026-03-18,평일,16,멀뫼사거리-북 (남향),없음(NULL),,B형,0,0.4762
2026-03-18,평일,17,멀뫼사거리-동 (서향),있음(비0),414,B형 검토,0,0.4762
2026-03-18,평일,17,멀뫼사거리-서 (동향),있음(비0),802,B형 검토,0,0.4762
2026-03-18,평일,17,멀뫼4R-남 (북향),있음(비0),1406,B형 검토,0,0.4762
2026-03-18,평일,17,멀뫼사거리-북 (남향),없음(NULL),,B형,0,0.4762
2026-03-18,평일,18,멀뫼사거리-동 (서향),있음(비0),453,B형 검토,0,0.4762
2026-03-18,평일,18,멀뫼사거리-서 (동향),있음(비0),747,B형 검토,0,0.4762
2026-03-18,평일,18,멀뫼4R-남 (북향),있음(비0),1435,B형 검토,0,0.4762
2026-03-18,평일,18,멀뫼사거리-북 (남향),없음(NULL),,B형,0,0.4762
2026-03-18,평일,19,멀뫼사거리-동 (서향),있음(비0),277,B형 검토,0,0.4762
2026-03-18,평일,19,멀뫼사거리-서 (동향),있음(비0),541,B형 검토,0,0.4762
2026-03-18,평일,19,멀뫼4R-남 (북향),있음(비0),1177,B형 검토,0,0.4762
2026-03-18,평일,19,멀뫼사거리-북 (남향),없음(NULL),,B형,0,0.4762
2026-03-18,평일,20,멀뫼사거리-동 (서향),있음(비0),227,B형 검토,0,0.4762
2026-03-18,평일,20,멀뫼사거리-서 (동향),있음(비0),465,B형 검토,0,0.4762
2026-03-18,평일,20,멀뫼4R-남 (북향),있음(비0),867,B형 검토,0,0.4762
2026-03-18,평일,20,멀뫼사거리-북 (남향),없음(NULL),,B형,0,0.4762
2026-03-18,평일,21,멀뫼사거리-동 (서향),있음(비0),190,B형 검토,0,0.4762
2026-03-18,평일,21,멀뫼사거리-서 (동향),있음(비0),426,B형 검토,0,0.4762
2026-03-18,평일,21,멀뫼4R-남 (북향),있음(비0),726,B형 검토,0,0.4762
2026-03-18,평일,21,멀뫼사거리-북 (남향),없음(NULL),,B형,0,0.4762
2026-03-18,평일,22,멀뫼사거리-동 (서향),있음(비0),149,B형 검토,0,0.4762
2026-03-18,평일,22,멀뫼사거리-서 (동향),있음(비0),380,B형 검토,0,0.4762
2026-03-18,평일,22,멀뫼4R-남 (북향),있음(비0),581,B형 검토,0,0.4762
2026-03-18,평일,22,멀뫼사거리-북 (남향),없음(NULL),,B형,0,0.4762
2026-03-18,평일,23,멀뫼사거리-동 (서향),있음(비0),119,B형 검토,0,0.4762
2026-03-18,평일,23,멀뫼사거리-서 (동향),있음(비0),291,B형 검토,0,0.4762
2026-03-18,평일,23,멀뫼4R-남 (북향),있음(비0),383,B형 검토,0,0.4762
2026-03-18,평일,23,멀뫼사거리-북 (남향),없음(NULL),,B형,0,0.4762
2026-03-19,평일,00,멀뫼사거리-동 (서향),있음(비0),90,B형 검토,0,0.4762
2026-03-19,평일,00,멀뫼사거리-서 (동향),있음(비0),196,B형 검토,0,0.4762
2026-03-19,평일,00,멀뫼4R-남 (북향),있음(비0),326,B형 검토,0,0.4762
2026-03-19,평일,00,멀뫼사거리-북 (남향),없음(NULL),,B형,0,0.4762
2026-03-19,평일,01,멀뫼사거리-동 (서향),있음(비0),74,B형 검토,0,0.4762
2026-03-19,평일,01,멀뫼사거리-서 (동향),있음(비0),171,B형 검토,0,0.4762
2026-03-19,평일,01,멀뫼4R-남 (북향),있음(비0),184,B형 검토,0,0.4762
2026-03-19,평일,01,멀뫼사거리-북 (남향),없음(NULL),,B형,0,0.4762
2026-03-19,평일,02,멀뫼사거리-동 (서향),있음(비0),49,B형 검토,0,0.4762
2026-03-19,평일,02,멀뫼사거리-서 (동향),있음(비0),126,B형 검토,0,0.4762
2026-03-19,평일,02,멀뫼4R-남 (북향),있음(비0),149,B형 검토,0,0.4762
2026-03-19,평일,02,멀뫼사거리-북 (남향),없음(NULL),,B형,0,0.4762
2026-03-19,평일,03,멀뫼사거리-동 (서향),있음(비0),56,B형 검토,0,0.4762
2026-03-19,평일,03,멀뫼사거리-서 (동향),있음(비0),95,B형 검토,0,0.4762
2026-03-19,평일,03,멀뫼4R-남 (북향),있음(비0),129,B형 검토,0,0.4762
2026-03-19,평일,03,멀뫼사거리-북 (남향),없음(NULL),,B형,0,0.4762
2026-03-19,평일,04,멀뫼사거리-동 (서향),있음(비0),86,B형 검토,0,0.4762
2026-03-19,평일,04,멀뫼사거리-서 (동향),있음(비0),206,B형 검토,0,0.4762
2026-03-19,평일,04,멀뫼4R-남 (북향),있음(비0),288,B형 검토,0,0.4762
2026-03-19,평일,04,멀뫼사거리-북 (남향),없음(NULL),,B형,0,0.4762
2026-03-19,평일,05,멀뫼사거리-동 (서향),있음(비0),161,B형 검토,0,0.4762
2026-03-19,평일,05,멀뫼사거리-서 (동향),있음(비0),399,B형 검토,0,0.4762
2026-03-19,평일,05,멀뫼4R-남 (북향),있음(비0),644,B형 검토,0,0.4762
2026-03-19,평일,05,멀뫼사거리-북 (남향),없음(NULL),,B형,0,0.4762
2026-03-19,평일,06,멀뫼사거리-동 (서향),있음(비0),237,B형 검토,0,0.4762
2026-03-19,평일,06,멀뫼사거리-서 (동향),있음(비0),533,B형 검토,0,0.4762
2026-03-19,평일,06,멀뫼4R-남 (북향),있음(비0),1075,B형 검토,0,0.4762
2026-03-19,평일,06,멀뫼사거리-북 (남향),없음(NULL),,B형,0,0.4762
2026-03-19,평일,07,멀뫼사거리-동 (서향),있음(비0),300,B형 검토,0,0.4762
2026-03-19,평일,07,멀뫼사거리-서 (동향),있음(비0),759,B형 검토,0,0.4762
2026-03-19,평일,07,멀뫼4R-남 (북향),있음(비0),1698,B형 검토,0,0.4762
2026-03-19,평일,07,멀뫼사거리-북 (남향),없음(NULL),,B형,0,0.4762
2026-03-19,평일,08,멀뫼사거리-동 (서향),있음(비0),468,B형 검토,0,0.4762
2026-03-19,평일,08,멀뫼사거리-서 (동향),있음(비0),782,B형 검토,0,0.4762
2026-03-19,평일,08,멀뫼4R-남 (북향),있음(비0),1839,B형 검토,0,0.4762
2026-03-19,평일,08,멀뫼사거리-북 (남향),없음(NULL),,B형,0,0.4762
2026-03-19,평일,09,멀뫼사거리-동 (서향),있음(비0),382,B형 검토,0,0.4762
2026-03-19,평일,09,멀뫼사거리-서 (동향),있음(비0),755,B형 검토,0,0.4762
2026-03-19,평일,09,멀뫼4R-남 (북향),있음(비0),1482,B형 검토,0,0.4762
2026-03-19,평일,09,멀뫼사거리-북 (남향),없음(NULL),,B형,0,0.4762
2026-03-19,평일,10,멀뫼사거리-동 (서향),있음(비0),330,B형 검토,0,0.5000
2026-03-19,평일,10,멀뫼사거리-서 (동향),있음(비0),730,B형 검토,0,0.5000
2026-03-19,평일,10,멀뫼4R-남 (북향),있음(비0),1291,B형 검토,0,0.5000
2026-03-19,평일,10,멀뫼사거리-북 (남향),없음(NULL),,B형,0,0.5000
2026-03-19,평일,11,멀뫼사거리-동 (서향),있음(비0),333,B형 검토,0,0.4762
2026-03-19,평일,11,멀뫼사거리-서 (동향),있음(비0),733,B형 검토,0,0.4762
2026-03-19,평일,11,멀뫼4R-남 (북향),있음(비0),1196,B형 검토,0,0.4762
2026-03-19,평일,11,멀뫼사거리-북 (남향),없음(NULL),,B형,0,0.4762
2026-03-19,평일,12,멀뫼사거리-동 (서향),있음(비0),305,B형 검토,0,0.4762
2026-03-19,평일,12,멀뫼사거리-서 (동향),있음(비0),683,B형 검토,0,0.4762
2026-03-19,평일,12,멀뫼4R-남 (북향),있음(비0),1180,B형 검토,0,0.4762
2026-03-19,평일,12,멀뫼사거리-북 (남향),없음(NULL),,B형,0,0.4762
2026-03-19,평일,13,멀뫼사거리-동 (서향),있음(비0),335,B형 검토,0,0.4762
2026-03-19,평일,13,멀뫼사거리-서 (동향),있음(비0),665,B형 검토,0,0.4762
2026-03-19,평일,13,멀뫼4R-남 (북향),있음(비0),1286,B형 검토,0,0.4762
2026-03-19,평일,13,멀뫼사거리-북 (남향),없음(NULL),,B형,0,0.4762
2026-03-19,평일,14,멀뫼사거리-동 (서향),있음(비0),338,B형 검토,0,0.4762
2026-03-19,평일,14,멀뫼사거리-서 (동향),있음(비0),704,B형 검토,0,0.4762
2026-03-19,평일,14,멀뫼4R-남 (북향),있음(비0),1308,B형 검토,0,0.4762
2026-03-19,평일,14,멀뫼사거리-북 (남향),없음(NULL),,B형,0,0.4762
2026-03-19,평일,15,멀뫼사거리-동 (서향),있음(비0),352,B형 검토,0,0.5000
2026-03-19,평일,15,멀뫼사거리-서 (동향),있음(비0),774,B형 검토,0,0.5000
2026-03-19,평일,15,멀뫼4R-남 (북향),있음(비0),1346,B형 검토,0,0.5000
2026-03-19,평일,15,멀뫼사거리-북 (남향),없음(NULL),,B형,0,0.5000
2026-03-19,평일,16,멀뫼사거리-동 (서향),있음(비0),387,B형 검토,0,0.4762
2026-03-19,평일,16,멀뫼사거리-서 (동향),있음(비0),816,B형 검토,0,0.4762
2026-03-19,평일,16,멀뫼4R-남 (북향),있음(비0),1402,B형 검토,0,0.4762
2026-03-19,평일,16,멀뫼사거리-북 (남향),없음(NULL),,B형,0,0.4762
2026-03-19,평일,17,멀뫼사거리-동 (서향),있음(비0),453,B형 검토,0,0.4762
2026-03-19,평일,17,멀뫼사거리-서 (동향),있음(비0),744,B형 검토,0,0.4762
2026-03-19,평일,17,멀뫼4R-남 (북향),있음(비0),1346,B형 검토,0,0.4762
2026-03-19,평일,17,멀뫼사거리-북 (남향),없음(NULL),,B형,0,0.4762
2026-03-19,평일,18,멀뫼사거리-동 (서향),있음(비0),476,B형 검토,0,0.4762
2026-03-19,평일,18,멀뫼사거리-서 (동향),있음(비0),704,B형 검토,0,0.4762
2026-03-19,평일,18,멀뫼4R-남 (북향),있음(비0),1454,B형 검토,0,0.4762
2026-03-19,평일,18,멀뫼사거리-북 (남향),없음(NULL),,B형,0,0.4762
2026-03-19,평일,19,멀뫼사거리-동 (서향),있음(비0),275,B형 검토,0,0.4762
2026-03-19,평일,19,멀뫼사거리-서 (동향),있음(비0),503,B형 검토,0,0.4762
2026-03-19,평일,19,멀뫼4R-남 (북향),있음(비0),1227,B형 검토,0,0.4762
2026-03-19,평일,19,멀뫼사거리-북 (남향),없음(NULL),,B형,0,0.4762
2026-03-19,평일,20,멀뫼사거리-동 (서향),있음(비0),219,B형 검토,0,0.4762
2026-03-19,평일,20,멀뫼사거리-서 (동향),있음(비0),458,B형 검토,0,0.4762
2026-03-19,평일,20,멀뫼4R-남 (북향),있음(비0),904,B형 검토,0,0.4762
2026-03-19,평일,20,멀뫼사거리-북 (남향),없음(NULL),,B형,0,0.4762
2026-03-19,평일,21,멀뫼사거리-동 (서향),있음(비0),205,B형 검토,0,0.4762
2026-03-19,평일,21,멀뫼사거리-서 (동향),있음(비0),434,B형 검토,0,0.4762
2026-03-19,평일,21,멀뫼4R-남 (북향),있음(비0),794,B형 검토,0,0.4762
2026-03-19,평일,21,멀뫼사거리-북 (남향),없음(NULL),,B형,0,0.4762
2026-03-19,평일,22,멀뫼사거리-동 (서향),있음(비0),155,B형 검토,0,0.4762
2026-03-19,평일,22,멀뫼사거리-서 (동향),있음(비0),405,B형 검토,0,0.4762
2026-03-19,평일,22,멀뫼4R-남 (북향),있음(비0),597,B형 검토,0,0.4762
2026-03-19,평일,22,멀뫼사거리-북 (남향),없음(NULL),,B형,0,0.4762
2026-03-19,평일,23,멀뫼사거리-동 (서향),있음(비0),135,B형 검토,0,0.4762
2026-03-19,평일,23,멀뫼사거리-서 (동향),있음(비0),296,B형 검토,0,0.4762
2026-03-19,평일,23,멀뫼4R-남 (북향),있음(비0),371,B형 검토,0,0.4762
2026-03-19,평일,23,멀뫼사거리-북 (남향),없음(NULL),,B형,0,0.4762
2026-03-20,평일,00,멀뫼사거리-동 (서향),있음(비0),104,B형 검토,0,0.4762
2026-03-20,평일,00,멀뫼사거리-서 (동향),있음(비0),211,B형 검토,0,0.4762
2026-03-20,평일,00,멀뫼4R-남 (북향),있음(비0),325,B형 검토,0,0.4762
2026-03-20,평일,00,멀뫼사거리-북 (남향),없음(NULL),,B형,0,0.4762
2026-03-20,평일,01,멀뫼사거리-동 (서향),있음(비0),88,B형 검토,0,0.4762
2026-03-20,평일,01,멀뫼사거리-서 (동향),있음(비0),159,B형 검토,0,0.4762
2026-03-20,평일,01,멀뫼4R-남 (북향),있음(비0),226,B형 검토,0,0.4762
2026-03-20,평일,01,멀뫼사거리-북 (남향),없음(NULL),,B형,0,0.4762
2026-03-20,평일,02,멀뫼사거리-동 (서향),있음(비0),67,B형 검토,0,0.4762
2026-03-20,평일,02,멀뫼사거리-서 (동향),있음(비0),149,B형 검토,0,0.4762
2026-03-20,평일,02,멀뫼4R-남 (북향),있음(비0),177,B형 검토,0,0.4762
2026-03-20,평일,02,멀뫼사거리-북 (남향),없음(NULL),,B형,0,0.4762
2026-03-20,평일,03,멀뫼사거리-동 (서향),있음(비0),64,B형 검토,0,0.4762
2026-03-20,평일,03,멀뫼사거리-서 (동향),있음(비0),110,B형 검토,0,0.4762
2026-03-20,평일,03,멀뫼4R-남 (북향),있음(비0),160,B형 검토,0,0.4762
2026-03-20,평일,03,멀뫼사거리-북 (남향),없음(NULL),,B형,0,0.4762
2026-03-20,평일,04,멀뫼사거리-동 (서향),있음(비0),65,B형 검토,0,0.4762
2026-03-20,평일,04,멀뫼사거리-서 (동향),있음(비0),206,B형 검토,0,0.4762
2026-03-20,평일,04,멀뫼4R-남 (북향),있음(비0),254,B형 검토,0,0.4762
2026-03-20,평일,04,멀뫼사거리-북 (남향),없음(NULL),,B형,0,0.4762
2026-03-20,평일,05,멀뫼사거리-동 (서향),있음(비0),163,B형 검토,0,0.4762
2026-03-20,평일,05,멀뫼사거리-서 (동향),있음(비0),392,B형 검토,0,0.4762
2026-03-20,평일,05,멀뫼4R-남 (북향),있음(비0),622,B형 검토,0,0.4762
2026-03-20,평일,05,멀뫼사거리-북 (남향),없음(NULL),,B형,0,0.4762
2026-03-20,평일,06,멀뫼사거리-동 (서향),있음(비0),224,B형 검토,0,0.4762
2026-03-20,평일,06,멀뫼사거리-서 (동향),있음(비0),547,B형 검토,0,0.4762
2026-03-20,평일,06,멀뫼4R-남 (북향),있음(비0),1049,B형 검토,0,0.4762
2026-03-20,평일,06,멀뫼사거리-북 (남향),없음(NULL),,B형,0,0.4762
2026-03-20,평일,07,멀뫼사거리-동 (서향),있음(비0),297,B형 검토,0,0.4762
2026-03-20,평일,07,멀뫼사거리-서 (동향),있음(비0),782,B형 검토,0,0.4762
2026-03-20,평일,07,멀뫼4R-남 (북향),있음(비0),1707,B형 검토,0,0.4762
2026-03-20,평일,07,멀뫼사거리-북 (남향),없음(NULL),,B형,0,0.4762
2026-03-20,평일,08,멀뫼사거리-동 (서향),있음(비0),465,B형 검토,0,0.4762
2026-03-20,평일,08,멀뫼사거리-서 (동향),있음(비0),803,B형 검토,0,0.4762
2026-03-20,평일,08,멀뫼4R-남 (북향),있음(비0),1768,B형 검토,0,0.4762
2026-03-20,평일,08,멀뫼사거리-북 (남향),없음(NULL),,B형,0,0.4762
2026-03-20,평일,09,멀뫼사거리-동 (서향),있음(비0),383,B형 검토,0,0.4762
2026-03-20,평일,09,멀뫼사거리-서 (동향),있음(비0),732,B형 검토,0,0.4762
2026-03-20,평일,09,멀뫼4R-남 (북향),있음(비0),1518,B형 검토,0,0.4762
2026-03-20,평일,09,멀뫼사거리-북 (남향),없음(NULL),,B형,0,0.4762
2026-03-20,평일,10,멀뫼사거리-동 (서향),있음(비0),383,B형 검토,0,0.5000
2026-03-20,평일,10,멀뫼사거리-서 (동향),있음(비0),753,B형 검토,0,0.5000
2026-03-20,평일,10,멀뫼4R-남 (북향),있음(비0),1327,B형 검토,0,0.5000
2026-03-20,평일,10,멀뫼사거리-북 (남향),없음(NULL),,B형,0,0.5000
2026-03-20,평일,11,멀뫼사거리-동 (서향),있음(비0),331,B형 검토,0,0.4762
2026-03-20,평일,11,멀뫼사거리-서 (동향),있음(비0),688,B형 검토,0,0.4762
2026-03-20,평일,11,멀뫼4R-남 (북향),있음(비0),1160,B형 검토,0,0.4762
2026-03-20,평일,11,멀뫼사거리-북 (남향),없음(NULL),,B형,0,0.4762
2026-03-20,평일,12,멀뫼사거리-동 (서향),있음(비0),303,B형 검토,0,0.4762
2026-03-20,평일,12,멀뫼사거리-서 (동향),있음(비0),718,B형 검토,0,0.4762
2026-03-20,평일,12,멀뫼4R-남 (북향),있음(비0),1133,B형 검토,0,0.4762
2026-03-20,평일,12,멀뫼사거리-북 (남향),없음(NULL),,B형,0,0.4762
2026-03-20,평일,13,멀뫼사거리-동 (서향),있음(비0),355,B형 검토,0,0.4762
2026-03-20,평일,13,멀뫼사거리-서 (동향),있음(비0),668,B형 검토,0,0.4762
2026-03-20,평일,13,멀뫼4R-남 (북향),있음(비0),1315,B형 검토,0,0.4762
2026-03-20,평일,13,멀뫼사거리-북 (남향),없음(NULL),,B형,0,0.4762
2026-03-20,평일,14,멀뫼사거리-동 (서향),있음(비0),300,B형 검토,0,0.4762
2026-03-20,평일,14,멀뫼사거리-서 (동향),있음(비0),715,B형 검토,0,0.4762
2026-03-20,평일,14,멀뫼4R-남 (북향),있음(비0),1289,B형 검토,0,0.4762
2026-03-20,평일,14,멀뫼사거리-북 (남향),없음(NULL),,B형,0,0.4762
2026-03-20,평일,15,멀뫼사거리-동 (서향),있음(비0),360,B형 검토,0,0.5000
2026-03-20,평일,15,멀뫼사거리-서 (동향),있음(비0),820,B형 검토,0,0.5000
2026-03-20,평일,15,멀뫼4R-남 (북향),있음(비0),1364,B형 검토,0,0.5000
2026-03-20,평일,15,멀뫼사거리-북 (남향),없음(NULL),,B형,0,0.5000
2026-03-20,평일,16,멀뫼사거리-동 (서향),있음(비0),417,B형 검토,0,0.4762
2026-03-20,평일,16,멀뫼사거리-서 (동향),있음(비0),754,B형 검토,0,0.4762
2026-03-20,평일,16,멀뫼4R-남 (북향),있음(비0),1346,B형 검토,0,0.4762
2026-03-20,평일,16,멀뫼사거리-북 (남향),없음(NULL),,B형,0,0.4762
2026-03-20,평일,17,멀뫼사거리-동 (서향),있음(비0),468,B형 검토,0,0.4762
2026-03-20,평일,17,멀뫼사거리-서 (동향),있음(비0),738,B형 검토,0,0.4762
2026-03-20,평일,17,멀뫼4R-남 (북향),있음(비0),1439,B형 검토,0,0.4762
2026-03-20,평일,17,멀뫼사거리-북 (남향),없음(NULL),,B형,0,0.4762
2026-03-20,평일,18,멀뫼사거리-동 (서향),있음(비0),481,B형 검토,0,0.4762
2026-03-20,평일,18,멀뫼사거리-서 (동향),있음(비0),751,B형 검토,0,0.4762
2026-03-20,평일,18,멀뫼4R-남 (북향),있음(비0),1449,B형 검토,0,0.4762
2026-03-20,평일,18,멀뫼사거리-북 (남향),없음(NULL),,B형,0,0.4762
2026-03-20,평일,19,멀뫼사거리-동 (서향),있음(비0),279,B형 검토,0,0.4762
2026-03-20,평일,19,멀뫼사거리-서 (동향),있음(비0),525,B형 검토,0,0.4762
2026-03-20,평일,19,멀뫼4R-남 (북향),있음(비0),1285,B형 검토,0,0.4762
2026-03-20,평일,19,멀뫼사거리-북 (남향),없음(NULL),,B형,0,0.4762
2026-03-20,평일,20,멀뫼사거리-동 (서향),있음(비0),228,B형 검토,0,0.4762
2026-03-20,평일,20,멀뫼사거리-서 (동향),있음(비0),486,B형 검토,0,0.4762
2026-03-20,평일,20,멀뫼4R-남 (북향),있음(비0),1126,B형 검토,0,0.4762
2026-03-20,평일,20,멀뫼사거리-북 (남향),있음(비0),565,B형 검토,0,0.4762
2026-03-20,평일,21,멀뫼사거리-동 (서향),있음(비0),242,B형 검토,0,0.4762
2026-03-20,평일,21,멀뫼사거리-서 (동향),있음(비0),457,B형 검토,0,0.4762
2026-03-20,평일,21,멀뫼4R-남 (북향),있음(비0),948,B형 검토,0,0.4762
2026-03-20,평일,21,멀뫼사거리-북 (남향),있음(비0),636,B형 검토,0,0.4762
2026-03-20,평일,22,멀뫼사거리-동 (서향),있음(비0),179,B형 검토,0,0.4762
2026-03-20,평일,22,멀뫼사거리-서 (동향),있음(비0),412,B형 검토,0,0.4762
2026-03-20,평일,22,멀뫼4R-남 (북향),있음(비0),715,B형 검토,0,0.4762
2026-03-20,평일,22,멀뫼사거리-북 (남향),있음(비0),503,B형 검토,0,0.4762
2026-03-20,평일,23,멀뫼사거리-동 (서향),있음(비0),174,B형 검토,0,0.4762
2026-03-20,평일,23,멀뫼사거리-서 (동향),있음(비0),343,B형 검토,0,0.4762
2026-03-20,평일,23,멀뫼4R-남 (북향),있음(비0),497,B형 검토,0,0.4762
2026-03-20,평일,23,멀뫼사거리-북 (남향),있음(비0),328,B형 검토,0,0.4762
2026-03-21,토요일,00,멀뫼사거리-동 (서향),있음(비0),136,B형 검토,0,0.4000
2026-03-21,토요일,00,멀뫼사거리-서 (동향),있음(비0),274,B형 검토,0,0.4000
2026-03-21,토요일,00,멀뫼4R-남 (북향),있음(비0),405,B형 검토,0,0.4000
2026-03-21,토요일,00,멀뫼사거리-북 (남향),있음(비0),261,B형 검토,0,0.4000
2026-03-21,토요일,01,멀뫼사거리-동 (서향),있음(비0),114,B형 검토,0,0.4000
2026-03-21,토요일,01,멀뫼사거리-서 (동향),있음(비0),232,B형 검토,0,0.4000
2026-03-21,토요일,01,멀뫼4R-남 (북향),있음(비0),299,B형 검토,0,0.4000
2026-03-21,토요일,01,멀뫼사거리-북 (남향),있음(비0),195,B형 검토,0,0.4000
2026-03-21,토요일,02,멀뫼사거리-동 (서향),있음(비0),117,B형 검토,0,0.4000
2026-03-21,토요일,02,멀뫼사거리-서 (동향),있음(비0),204,B형 검토,0,0.4000
2026-03-21,토요일,02,멀뫼4R-남 (북향),있음(비0),259,B형 검토,0,0.4000
2026-03-21,토요일,02,멀뫼사거리-북 (남향),있음(비0),128,B형 검토,0,0.4000
2026-03-21,토요일,03,멀뫼사거리-동 (서향),있음(비0),83,B형 검토,0,0.4000
2026-03-21,토요일,03,멀뫼사거리-서 (동향),있음(비0),164,B형 검토,0,0.4000
2026-03-21,토요일,03,멀뫼4R-남 (북향),있음(비0),179,B형 검토,0,0.4000
2026-03-21,토요일,03,멀뫼사거리-북 (남향),있음(비0),131,B형 검토,0,0.4000
2026-03-21,토요일,04,멀뫼사거리-동 (서향),있음(비0),79,B형 검토,0,0.4000
2026-03-21,토요일,04,멀뫼사거리-서 (동향),있음(비0),215,B형 검토,0,0.4000
2026-03-21,토요일,04,멀뫼4R-남 (북향),있음(비0),256,B형 검토,0,0.4000
2026-03-21,토요일,04,멀뫼사거리-북 (남향),있음(비0),198,B형 검토,0,0.4000
2026-03-21,토요일,05,멀뫼사거리-동 (서향),있음(비0),134,B형 검토,0,0.4000
2026-03-21,토요일,05,멀뫼사거리-서 (동향),있음(비0),322,B형 검토,0,0.4000
2026-03-21,토요일,05,멀뫼4R-남 (북향),있음(비0),562,B형 검토,0,0.4000
2026-03-21,토요일,05,멀뫼사거리-북 (남향),있음(비0),427,B형 검토,0,0.4000
2026-03-21,토요일,06,멀뫼사거리-동 (서향),있음(비0),181,B형 검토,0,0.4000
2026-03-21,토요일,06,멀뫼사거리-서 (동향),있음(비0),381,B형 검토,0,0.4000
2026-03-21,토요일,06,멀뫼4R-남 (북향),있음(비0),659,B형 검토,0,0.4000
2026-03-21,토요일,06,멀뫼사거리-북 (남향),있음(비0),263,B형 검토,0,0.4000
2026-03-21,토요일,07,멀뫼사거리-동 (서향),있음(비0),190,B형 검토,0,0.4000
2026-03-21,토요일,07,멀뫼사거리-서 (동향),있음(비0),436,B형 검토,0,0.4000
2026-03-21,토요일,07,멀뫼4R-남 (북향),있음(비0),807,B형 검토,0,0.4000
2026-03-21,토요일,07,멀뫼사거리-북 (남향),없음(NULL),,B형,0,0.4000
2026-03-21,토요일,08,멀뫼사거리-동 (서향),있음(비0),260,B형 검토,0,0.4000
2026-03-21,토요일,08,멀뫼사거리-서 (동향),있음(비0),498,B형 검토,0,0.4000
2026-03-21,토요일,08,멀뫼4R-남 (북향),있음(비0),1026,B형 검토,0,0.4000
2026-03-21,토요일,08,멀뫼사거리-북 (남향),없음(NULL),,B형,0,0.4000
2026-03-21,토요일,09,멀뫼사거리-동 (서향),있음(비0),361,B형 검토,0,0.4000
2026-03-21,토요일,09,멀뫼사거리-서 (동향),있음(비0),724,B형 검토,0,0.4000
2026-03-21,토요일,09,멀뫼4R-남 (북향),있음(비0),1249,B형 검토,0,0.4000
2026-03-21,토요일,09,멀뫼사거리-북 (남향),없음(NULL),,B형,0,0.4000
2026-03-21,토요일,10,멀뫼사거리-동 (서향),있음(비0),316,B형 검토,0,0.4000
2026-03-21,토요일,10,멀뫼사거리-서 (동향),있음(비0),640,B형 검토,0,0.4000
2026-03-21,토요일,10,멀뫼4R-남 (북향),있음(비0),1214,B형 검토,0,0.4000
2026-03-21,토요일,10,멀뫼사거리-북 (남향),없음(NULL),,B형,0,0.4000
2026-03-21,토요일,11,멀뫼사거리-동 (서향),있음(비0),377,B형 검토,0,0.4000
2026-03-21,토요일,11,멀뫼사거리-서 (동향),있음(비0),799,B형 검토,0,0.4000
2026-03-21,토요일,11,멀뫼4R-남 (북향),있음(비0),1271,B형 검토,0,0.4000
2026-03-21,토요일,11,멀뫼사거리-북 (남향),없음(NULL),,B형,0,0.4000
2026-03-21,토요일,12,멀뫼사거리-동 (서향),있음(비0),324,B형 검토,0,0.4000
2026-03-21,토요일,12,멀뫼사거리-서 (동향),있음(비0),792,B형 검토,0,0.4000
2026-03-21,토요일,12,멀뫼4R-남 (북향),있음(비0),1410,B형 검토,0,0.4000
2026-03-21,토요일,12,멀뫼사거리-북 (남향),없음(NULL),,B형,0,0.4000
2026-03-21,토요일,13,멀뫼사거리-동 (서향),있음(비0),380,B형 검토,0,0.4000
2026-03-21,토요일,13,멀뫼사거리-서 (동향),있음(비0),752,B형 검토,0,0.4000
2026-03-21,토요일,13,멀뫼4R-남 (북향),있음(비0),1262,B형 검토,0,0.4000
2026-03-21,토요일,13,멀뫼사거리-북 (남향),없음(NULL),,B형,0,0.4000
2026-03-21,토요일,14,멀뫼사거리-동 (서향),있음(비0),348,B형 검토,0,0.4000
2026-03-21,토요일,14,멀뫼사거리-서 (동향),있음(비0),754,B형 검토,0,0.4000
2026-03-21,토요일,14,멀뫼4R-남 (북향),있음(비0),1317,B형 검토,0,0.4000
2026-03-21,토요일,14,멀뫼사거리-북 (남향),없음(NULL),,B형,0,0.4000
2026-03-21,토요일,15,멀뫼사거리-동 (서향),있음(비0),337,B형 검토,0,0.4000
2026-03-21,토요일,15,멀뫼사거리-서 (동향),있음(비0),789,B형 검토,0,0.4000
2026-03-21,토요일,15,멀뫼4R-남 (북향),있음(비0),1295,B형 검토,0,0.4000
2026-03-21,토요일,15,멀뫼사거리-북 (남향),없음(NULL),,B형,0,0.4000
2026-03-21,토요일,16,멀뫼사거리-동 (서향),있음(비0),370,B형 검토,0,0.4000
2026-03-21,토요일,16,멀뫼사거리-서 (동향),있음(비0),784,B형 검토,0,0.4000
2026-03-21,토요일,16,멀뫼4R-남 (북향),있음(비0),1394,B형 검토,0,0.4000
2026-03-21,토요일,16,멀뫼사거리-북 (남향),없음(NULL),,B형,0,0.4000
2026-03-21,토요일,17,멀뫼사거리-동 (서향),있음(비0),314,B형 검토,0,0.4000
2026-03-21,토요일,17,멀뫼사거리-서 (동향),있음(비0),799,B형 검토,0,0.4000
2026-03-21,토요일,17,멀뫼4R-남 (북향),있음(비0),1313,B형 검토,0,0.4000
2026-03-21,토요일,17,멀뫼사거리-북 (남향),없음(NULL),,B형,0,0.4000
2026-03-21,토요일,18,멀뫼사거리-동 (서향),있음(비0),335,B형 검토,0,0.4000
2026-03-21,토요일,18,멀뫼사거리-서 (동향),있음(비0),705,B형 검토,0,0.4000
2026-03-21,토요일,18,멀뫼4R-남 (북향),있음(비0),1344,B형 검토,0,0.4000
2026-03-21,토요일,18,멀뫼사거리-북 (남향),없음(NULL),,B형,0,0.4000
2026-03-21,토요일,19,멀뫼사거리-동 (서향),있음(비0),231,B형 검토,0,0.4000
2026-03-21,토요일,19,멀뫼사거리-서 (동향),있음(비0),493,B형 검토,0,0.4000
2026-03-21,토요일,19,멀뫼4R-남 (북향),있음(비0),1089,B형 검토,0,0.4000
2026-03-21,토요일,19,멀뫼사거리-북 (남향),없음(NULL),,B형,0,0.4000
2026-03-21,토요일,20,멀뫼사거리-동 (서향),있음(비0),217,B형 검토,0,0.4000
2026-03-21,토요일,20,멀뫼사거리-서 (동향),있음(비0),471,B형 검토,0,0.4000
2026-03-21,토요일,20,멀뫼4R-남 (북향),있음(비0),831,B형 검토,0,0.4000
2026-03-21,토요일,20,멀뫼사거리-북 (남향),없음(NULL),,B형,0,0.4000
2026-03-21,토요일,21,멀뫼사거리-동 (서향),있음(비0),193,B형 검토,0,0.4000
2026-03-21,토요일,21,멀뫼사거리-서 (동향),있음(비0),417,B형 검토,0,0.4000
2026-03-21,토요일,21,멀뫼4R-남 (북향),있음(비0),792,B형 검토,0,0.4000
2026-03-21,토요일,21,멀뫼사거리-북 (남향),없음(NULL),,B형,0,0.4000
2026-03-21,토요일,22,멀뫼사거리-동 (서향),있음(비0),151,B형 검토,0,0.4000
2026-03-21,토요일,22,멀뫼사거리-서 (동향),있음(비0),385,B형 검토,0,0.4000
2026-03-21,토요일,22,멀뫼4R-남 (북향),있음(비0),608,B형 검토,0,0.4000
2026-03-21,토요일,22,멀뫼사거리-북 (남향),없음(NULL),,B형,0,0.4000
2026-03-21,토요일,23,멀뫼사거리-동 (서향),있음(비0),148,B형 검토,0,0.4000
2026-03-21,토요일,23,멀뫼사거리-서 (동향),있음(비0),332,B형 검토,0,0.4000
2026-03-21,토요일,23,멀뫼4R-남 (북향),있음(비0),433,B형 검토,0,0.4000
2026-03-21,토요일,23,멀뫼사거리-북 (남향),없음(NULL),,B형,0,0.4000
2026-03-22,일·공휴일,00,멀뫼사거리-동 (서향),있음(비0),94,B형 검토,0,0.2000
2026-03-22,일·공휴일,00,멀뫼사거리-서 (동향),있음(비0),252,B형 검토,0,0.2000
2026-03-22,일·공휴일,00,멀뫼4R-남 (북향),있음(비0),338,B형 검토,0,0.2000
2026-03-22,일·공휴일,00,멀뫼사거리-북 (남향),없음(NULL),,B형,0,0.2000
2026-03-22,일·공휴일,01,멀뫼사거리-동 (서향),있음(비0),96,B형 검토,0,0.2000
2026-03-22,일·공휴일,01,멀뫼사거리-서 (동향),있음(비0),226,B형 검토,0,0.2000
2026-03-22,일·공휴일,01,멀뫼4R-남 (북향),있음(비0),269,B형 검토,0,0.2000
2026-03-22,일·공휴일,01,멀뫼사거리-북 (남향),없음(NULL),,B형,0,0.2000
2026-03-22,일·공휴일,02,멀뫼사거리-동 (서향),있음(비0),80,B형 검토,0,0.2000
2026-03-22,일·공휴일,02,멀뫼사거리-서 (동향),있음(비0),185,B형 검토,0,0.2000
2026-03-22,일·공휴일,02,멀뫼4R-남 (북향),있음(비0),224,B형 검토,0,0.2000
2026-03-22,일·공휴일,02,멀뫼사거리-북 (남향),없음(NULL),,B형,0,0.2000
2026-03-22,일·공휴일,03,멀뫼사거리-동 (서향),있음(비0),88,B형 검토,0,0.2000
2026-03-22,일·공휴일,03,멀뫼사거리-서 (동향),있음(비0),173,B형 검토,0,0.2000
2026-03-22,일·공휴일,03,멀뫼4R-남 (북향),있음(비0),164,B형 검토,0,0.2000
2026-03-22,일·공휴일,03,멀뫼사거리-북 (남향),없음(NULL),,B형,0,0.2000
2026-03-22,일·공휴일,04,멀뫼사거리-동 (서향),있음(비0),67,B형 검토,0,0.2000
2026-03-22,일·공휴일,04,멀뫼사거리-서 (동향),있음(비0),139,B형 검토,0,0.2000
2026-03-22,일·공휴일,04,멀뫼4R-남 (북향),있음(비0),177,B형 검토,0,0.2000
2026-03-22,일·공휴일,04,멀뫼사거리-북 (남향),없음(NULL),,B형,0,0.2000
2026-03-22,일·공휴일,05,멀뫼사거리-동 (서향),있음(비0),84,B형 검토,0,0.2000
2026-03-22,일·공휴일,05,멀뫼사거리-서 (동향),있음(비0),164,B형 검토,0,0.2000
2026-03-22,일·공휴일,05,멀뫼4R-남 (북향),있음(비0),283,B형 검토,0,0.2000
2026-03-22,일·공휴일,05,멀뫼사거리-북 (남향),없음(NULL),,B형,0,0.2000
2026-03-22,일·공휴일,06,멀뫼사거리-동 (서향),있음(비0),108,B형 검토,0,0.2000
2026-03-22,일·공휴일,06,멀뫼사거리-서 (동향),있음(비0),207,B형 검토,0,0.2000
2026-03-22,일·공휴일,06,멀뫼4R-남 (북향),있음(비0),418,B형 검토,0,0.2000
2026-03-22,일·공휴일,06,멀뫼사거리-북 (남향),없음(NULL),,B형,0,0.2000
2026-03-22,일·공휴일,07,멀뫼사거리-동 (서향),있음(비0),136,B형 검토,0,0.2000
2026-03-22,일·공휴일,07,멀뫼사거리-서 (동향),있음(비0),312,B형 검토,0,0.2000
2026-03-22,일·공휴일,07,멀뫼4R-남 (북향),있음(비0),451,B형 검토,0,0.2000
2026-03-22,일·공휴일,07,멀뫼사거리-북 (남향),없음(NULL),,B형,0,0.2000
2026-03-22,일·공휴일,08,멀뫼사거리-동 (서향),있음(비0),207,B형 검토,0,0.2000
2026-03-22,일·공휴일,08,멀뫼사거리-서 (동향),있음(비0),426,B형 검토,0,0.2000
2026-03-22,일·공휴일,08,멀뫼4R-남 (북향),있음(비0),714,B형 검토,0,0.2000
2026-03-22,일·공휴일,08,멀뫼사거리-북 (남향),없음(NULL),,B형,0,0.2000
2026-03-22,일·공휴일,09,멀뫼사거리-동 (서향),있음(비0),253,B형 검토,0,0.2000
2026-03-22,일·공휴일,09,멀뫼사거리-서 (동향),있음(비0),507,B형 검토,0,0.2000
2026-03-22,일·공휴일,09,멀뫼4R-남 (북향),있음(비0),964,B형 검토,0,0.2000
2026-03-22,일·공휴일,09,멀뫼사거리-북 (남향),없음(NULL),,B형,0,0.2000
2026-03-22,일·공휴일,10,멀뫼사거리-동 (서향),있음(비0),309,B형 검토,0,0.2000
2026-03-22,일·공휴일,10,멀뫼사거리-서 (동향),있음(비0),595,B형 검토,0,0.2000
2026-03-22,일·공휴일,10,멀뫼4R-남 (북향),있음(비0),1211,B형 검토,0,0.2000
2026-03-22,일·공휴일,10,멀뫼사거리-북 (남향),없음(NULL),,B형,0,0.2000
2026-03-22,일·공휴일,11,멀뫼사거리-동 (서향),있음(비0),266,B형 검토,0,0.2000
2026-03-22,일·공휴일,11,멀뫼사거리-서 (동향),있음(비0),610,B형 검토,0,0.2000
2026-03-22,일·공휴일,11,멀뫼4R-남 (북향),있음(비0),1139,B형 검토,0,0.2000
2026-03-22,일·공휴일,11,멀뫼사거리-북 (남향),없음(NULL),,B형,0,0.2000
2026-03-22,일·공휴일,12,멀뫼사거리-동 (서향),있음(비0),311,B형 검토,0,0.2000
2026-03-22,일·공휴일,12,멀뫼사거리-서 (동향),있음(비0),682,B형 검토,0,0.2000
2026-03-22,일·공휴일,12,멀뫼4R-남 (북향),있음(비0),1144,B형 검토,0,0.2000
2026-03-22,일·공휴일,12,멀뫼사거리-북 (남향),없음(NULL),,B형,0,0.2000
2026-03-22,일·공휴일,13,멀뫼사거리-동 (서향),있음(비0),284,B형 검토,0,0.2000
2026-03-22,일·공휴일,13,멀뫼사거리-서 (동향),있음(비0),655,B형 검토,0,0.2000
2026-03-22,일·공휴일,13,멀뫼4R-남 (북향),있음(비0),1189,B형 검토,0,0.2000
2026-03-22,일·공휴일,13,멀뫼사거리-북 (남향),있음(비0),541,B형 검토,0,0.2000
2026-03-22,일·공휴일,14,멀뫼사거리-동 (서향),있음(비0),335,B형 검토,0,0.2000
2026-03-22,일·공휴일,14,멀뫼사거리-서 (동향),있음(비0),688,B형 검토,0,0.2000
2026-03-22,일·공휴일,14,멀뫼4R-남 (북향),있음(비0),1237,B형 검토,0,0.2000
2026-03-22,일·공휴일,14,멀뫼사거리-북 (남향),있음(비0),796,B형 검토,0,0.2000
2026-03-22,일·공휴일,15,멀뫼사거리-동 (서향),있음(비0),294,B형 검토,0,0.2000
2026-03-22,일·공휴일,15,멀뫼사거리-서 (동향),있음(비0),726,B형 검토,0,0.2000
2026-03-22,일·공휴일,15,멀뫼4R-남 (북향),있음(비0),1241,B형 검토,0,0.2000
2026-03-22,일·공휴일,15,멀뫼사거리-북 (남향),있음(비0),841,B형 검토,0,0.2000
2026-03-22,일·공휴일,16,멀뫼사거리-동 (서향),있음(비0),325,B형 검토,0,0.2000
2026-03-22,일·공휴일,16,멀뫼사거리-서 (동향),있음(비0),679,B형 검토,0,0.2000
2026-03-22,일·공휴일,16,멀뫼4R-남 (북향),있음(비0),1240,B형 검토,0,0.2000
2026-03-22,일·공휴일,16,멀뫼사거리-북 (남향),있음(비0),843,B형 검토,0,0.2000
2026-03-22,일·공휴일,17,멀뫼사거리-동 (서향),있음(비0),272,B형 검토,0,0.2000
2026-03-22,일·공휴일,17,멀뫼사거리-서 (동향),있음(비0),706,B형 검토,0,0.2000
2026-03-22,일·공휴일,17,멀뫼4R-남 (북향),있음(비0),1155,B형 검토,0,0.2000
2026-03-22,일·공휴일,17,멀뫼사거리-북 (남향),있음(비0),848,B형 검토,0,0.2000
2026-03-22,일·공휴일,18,멀뫼사거리-동 (서향),있음(비0),270,B형 검토,0,0.2000
2026-03-22,일·공휴일,18,멀뫼사거리-서 (동향),있음(비0),655,B형 검토,0,0.2000
2026-03-22,일·공휴일,18,멀뫼4R-남 (북향),있음(비0),1064,B형 검토,0,0.2000
2026-03-22,일·공휴일,18,멀뫼사거리-북 (남향),있음(비0),601,B형 검토,0,0.2000
2026-03-22,일·공휴일,19,멀뫼사거리-동 (서향),있음(비0),179,B형 검토,0,0.2000
2026-03-22,일·공휴일,19,멀뫼사거리-서 (동향),있음(비0),494,B형 검토,0,0.2000
2026-03-22,일·공휴일,19,멀뫼4R-남 (북향),있음(비0),879,B형 검토,0,0.2000
2026-03-22,일·공휴일,19,멀뫼사거리-북 (남향),없음(NULL),,B형,0,0.2000
2026-03-22,일·공휴일,20,멀뫼사거리-동 (서향),있음(비0),217,B형 검토,0,0.2000
2026-03-22,일·공휴일,20,멀뫼사거리-서 (동향),있음(비0),448,B형 검토,0,0.2000
2026-03-22,일·공휴일,20,멀뫼4R-남 (북향),있음(비0),778,B형 검토,0,0.2000
2026-03-22,일·공휴일,20,멀뫼사거리-북 (남향),없음(NULL),,B형,0,0.2000
2026-03-22,일·공휴일,21,멀뫼사거리-동 (서향),있음(비0),191,B형 검토,0,0.2000
2026-03-22,일·공휴일,21,멀뫼사거리-서 (동향),있음(비0),367,B형 검토,0,0.2000
2026-03-22,일·공휴일,21,멀뫼4R-남 (북향),있음(비0),694,B형 검토,0,0.2000
2026-03-22,일·공휴일,21,멀뫼사거리-북 (남향),없음(NULL),,B형,0,0.2000
2026-03-22,일·공휴일,22,멀뫼사거리-동 (서향),있음(비0),121,B형 검토,0,0.2000
2026-03-22,일·공휴일,22,멀뫼사거리-서 (동향),있음(비0),332,B형 검토,0,0.2000
2026-03-22,일·공휴일,22,멀뫼4R-남 (북향),있음(비0),502,B형 검토,0,0.2000
2026-03-22,일·공휴일,22,멀뫼사거리-북 (남향),없음(NULL),,B형,0,0.2000
2026-03-22,일·공휴일,23,멀뫼사거리-동 (서향),있음(비0),117,B형 검토,0,0.2000
2026-03-22,일·공휴일,23,멀뫼사거리-서 (동향),있음(비0),254,B형 검토,0,0.2000
2026-03-22,일·공휴일,23,멀뫼4R-남 (북향),있음(비0),344,B형 검토,0,0.2000
2026-03-22,일·공휴일,23,멀뫼사거리-북 (남향),없음(NULL),,B형,0,0.2000
2026-03-23,평일,00,멀뫼사거리-동 (서향),있음(비0),86,B형 검토,0,0.4762
2026-03-23,평일,00,멀뫼사거리-서 (동향),있음(비0),167,B형 검토,0,0.4762
2026-03-23,평일,00,멀뫼4R-남 (북향),있음(비0),238,B형 검토,0,0.4762
2026-03-23,평일,00,멀뫼사거리-북 (남향),없음(NULL),,B형,0,0.4762
2026-03-23,평일,01,멀뫼사거리-동 (서향),있음(비0),83,B형 검토,0,0.4762
2026-03-23,평일,01,멀뫼사거리-서 (동향),있음(비0),142,B형 검토,0,0.4762
2026-03-23,평일,01,멀뫼4R-남 (북향),있음(비0),163,B형 검토,0,0.4762
2026-03-23,평일,01,멀뫼사거리-북 (남향),없음(NULL),,B형,0,0.4762
2026-03-23,평일,02,멀뫼사거리-동 (서향),있음(비0),42,B형 검토,0,0.4762
2026-03-23,평일,02,멀뫼사거리-서 (동향),있음(비0),99,B형 검토,0,0.4762
2026-03-23,평일,02,멀뫼4R-남 (북향),있음(비0),142,B형 검토,0,0.4762
2026-03-23,평일,02,멀뫼사거리-북 (남향),없음(NULL),,B형,0,0.4762
2026-03-23,평일,03,멀뫼사거리-동 (서향),있음(비0),44,B형 검토,0,0.4762
2026-03-23,평일,03,멀뫼사거리-서 (동향),있음(비0),103,B형 검토,0,0.4762
2026-03-23,평일,03,멀뫼4R-남 (북향),있음(비0),137,B형 검토,0,0.4762
2026-03-23,평일,03,멀뫼사거리-북 (남향),없음(NULL),,B형,0,0.4762
2026-03-23,평일,04,멀뫼사거리-동 (서향),있음(비0),102,B형 검토,0,0.4762
2026-03-23,평일,04,멀뫼사거리-서 (동향),있음(비0),239,B형 검토,0,0.4762
2026-03-23,평일,04,멀뫼4R-남 (북향),있음(비0),246,B형 검토,0,0.4762
2026-03-23,평일,04,멀뫼사거리-북 (남향),없음(NULL),,B형,0,0.4762
2026-03-23,평일,05,멀뫼사거리-동 (서향),있음(비0),164,B형 검토,0,0.4762
2026-03-23,평일,05,멀뫼사거리-서 (동향),있음(비0),440,B형 검토,0,0.4762
2026-03-23,평일,05,멀뫼4R-남 (북향),있음(비0),654,B형 검토,0,0.4762
2026-03-23,평일,05,멀뫼사거리-북 (남향),없음(NULL),,B형,0,0.4762
2026-03-23,평일,06,멀뫼사거리-동 (서향),있음(비0),233,B형 검토,0,0.4762
2026-03-23,평일,06,멀뫼사거리-서 (동향),있음(비0),552,B형 검토,0,0.4762
2026-03-23,평일,06,멀뫼4R-남 (북향),있음(비0),1185,B형 검토,0,0.4762
2026-03-23,평일,06,멀뫼사거리-북 (남향),없음(NULL),,B형,0,0.4762
2026-03-23,평일,07,멀뫼사거리-동 (서향),있음(비0),336,B형 검토,0,0.4762
2026-03-23,평일,07,멀뫼사거리-서 (동향),있음(비0),819,B형 검토,0,0.4762
2026-03-23,평일,07,멀뫼4R-남 (북향),있음(비0),1797,B형 검토,0,0.4762
2026-03-23,평일,07,멀뫼사거리-북 (남향),없음(NULL),,B형,0,0.4762
2026-03-23,평일,08,멀뫼사거리-동 (서향),있음(비0),480,B형 검토,0,0.4762
2026-03-23,평일,08,멀뫼사거리-서 (동향),있음(비0),850,B형 검토,0,0.4762
2026-03-23,평일,08,멀뫼4R-남 (북향),있음(비0),1881,B형 검토,0,0.4762
2026-03-23,평일,08,멀뫼사거리-북 (남향),없음(NULL),,B형,0,0.4762
2026-03-23,평일,09,멀뫼사거리-동 (서향),있음(비0),415,B형 검토,0,0.4762
2026-03-23,평일,09,멀뫼사거리-서 (동향),있음(비0),744,B형 검토,0,0.4762
2026-03-23,평일,09,멀뫼4R-남 (북향),있음(비0),1478,B형 검토,0,0.4762
2026-03-23,평일,09,멀뫼사거리-북 (남향),없음(NULL),,B형,0,0.4762
2026-03-23,평일,10,멀뫼사거리-동 (서향),있음(비0),318,B형 검토,0,0.5000
2026-03-23,평일,10,멀뫼사거리-서 (동향),있음(비0),781,B형 검토,0,0.5000
2026-03-23,평일,10,멀뫼4R-남 (북향),있음(비0),1362,B형 검토,0,0.5000
2026-03-23,평일,10,멀뫼사거리-북 (남향),없음(NULL),,B형,0,0.5000
2026-03-23,평일,11,멀뫼사거리-동 (서향),있음(비0),294,B형 검토,0,0.4762
2026-03-23,평일,11,멀뫼사거리-서 (동향),있음(비0),728,B형 검토,0,0.4762
2026-03-23,평일,11,멀뫼4R-남 (북향),있음(비0),1149,B형 검토,0,0.4762
2026-03-23,평일,11,멀뫼사거리-북 (남향),없음(NULL),,B형,0,0.4762
2026-03-23,평일,12,멀뫼사거리-동 (서향),있음(비0),282,B형 검토,0,0.4762
2026-03-23,평일,12,멀뫼사거리-서 (동향),있음(비0),696,B형 검토,0,0.4762
2026-03-23,평일,12,멀뫼4R-남 (북향),있음(비0),1113,B형 검토,0,0.4762
2026-03-23,평일,12,멀뫼사거리-북 (남향),없음(NULL),,B형,0,0.4762
2026-03-23,평일,13,멀뫼사거리-동 (서향),있음(비0),356,B형 검토,0,0.4762
2026-03-23,평일,13,멀뫼사거리-서 (동향),있음(비0),673,B형 검토,0,0.4762
2026-03-23,평일,13,멀뫼4R-남 (북향),있음(비0),1229,B형 검토,0,0.4762
2026-03-23,평일,13,멀뫼사거리-북 (남향),없음(NULL),,B형,0,0.4762
2026-03-23,평일,14,멀뫼사거리-동 (서향),있음(비0),325,B형 검토,0,0.4762
2026-03-23,평일,14,멀뫼사거리-서 (동향),있음(비0),775,B형 검토,0,0.4762
2026-03-23,평일,14,멀뫼4R-남 (북향),있음(비0),1300,B형 검토,0,0.4762
2026-03-23,평일,14,멀뫼사거리-북 (남향),없음(NULL),,B형,0,0.4762
2026-03-23,평일,15,멀뫼사거리-동 (서향),있음(비0),379,B형 검토,0,0.5000
2026-03-23,평일,15,멀뫼사거리-서 (동향),있음(비0),789,B형 검토,0,0.5000
2026-03-23,평일,15,멀뫼4R-남 (북향),있음(비0),1316,B형 검토,0,0.5000
2026-03-23,평일,15,멀뫼사거리-북 (남향),없음(NULL),,B형,0,0.5000
2026-03-23,평일,16,멀뫼사거리-동 (서향),있음(비0),387,B형 검토,0,0.4762
2026-03-23,평일,16,멀뫼사거리-서 (동향),있음(비0),776,B형 검토,0,0.4762
2026-03-23,평일,16,멀뫼4R-남 (북향),있음(비0),1362,B형 검토,0,0.4762
2026-03-23,평일,16,멀뫼사거리-북 (남향),없음(NULL),,B형,0,0.4762
2026-03-23,평일,17,멀뫼사거리-동 (서향),있음(비0),432,B형 검토,0,0.4762
2026-03-23,평일,17,멀뫼사거리-서 (동향),있음(비0),779,B형 검토,0,0.4762
2026-03-23,평일,17,멀뫼4R-남 (북향),있음(비0),1389,B형 검토,0,0.4762
2026-03-23,평일,17,멀뫼사거리-북 (남향),없음(NULL),,B형,0,0.4762
2026-03-23,평일,18,멀뫼사거리-동 (서향),있음(비0),466,B형 검토,0,0.4762
2026-03-23,평일,18,멀뫼사거리-서 (동향),있음(비0),753,B형 검토,0,0.4762
2026-03-23,평일,18,멀뫼4R-남 (북향),있음(비0),1420,B형 검토,0,0.4762
2026-03-23,평일,18,멀뫼사거리-북 (남향),없음(NULL),,B형,0,0.4762
2026-03-23,평일,19,멀뫼사거리-동 (서향),있음(비0),250,B형 검토,0,0.4762
2026-03-23,평일,19,멀뫼사거리-서 (동향),있음(비0),531,B형 검토,0,0.4762
2026-03-23,평일,19,멀뫼4R-남 (북향),있음(비0),1142,B형 검토,0,0.4762
2026-03-23,평일,19,멀뫼사거리-북 (남향),없음(NULL),,B형,0,0.4762
2026-03-23,평일,20,멀뫼사거리-동 (서향),있음(비0),215,B형 검토,0,0.4762
2026-03-23,평일,20,멀뫼사거리-서 (동향),있음(비0),486,B형 검토,0,0.4762
2026-03-23,평일,20,멀뫼4R-남 (북향),있음(비0),933,B형 검토,0,0.4762
2026-03-23,평일,20,멀뫼사거리-북 (남향),없음(NULL),,B형,0,0.4762
2026-03-23,평일,21,멀뫼사거리-동 (서향),있음(비0),191,B형 검토,0,0.4762
2026-03-23,평일,21,멀뫼사거리-서 (동향),있음(비0),379,B형 검토,0,0.4762
2026-03-23,평일,21,멀뫼4R-남 (북향),있음(비0),774,B형 검토,0,0.4762
2026-03-23,평일,21,멀뫼사거리-북 (남향),없음(NULL),,B형,0,0.4762
2026-03-23,평일,22,멀뫼사거리-동 (서향),있음(비0),131,B형 검토,0,0.4762
2026-03-23,평일,22,멀뫼사거리-서 (동향),있음(비0),346,B형 검토,0,0.4762
2026-03-23,평일,22,멀뫼4R-남 (북향),있음(비0),474,B형 검토,0,0.4762
2026-03-23,평일,22,멀뫼사거리-북 (남향),없음(NULL),,B형,0,0.4762
2026-03-23,평일,23,멀뫼사거리-동 (서향),있음(비0),109,B형 검토,0,0.4762
2026-03-23,평일,23,멀뫼사거리-서 (동향),있음(비0),293,B형 검토,0,0.4762
2026-03-23,평일,23,멀뫼4R-남 (북향),있음(비0),384,B형 검토,0,0.4762
2026-03-23,평일,23,멀뫼사거리-북 (남향),없음(NULL),,B형,0,0.4762
2026-03-24,평일,00,멀뫼사거리-동 (서향),있음(비0),101,B형 검토,0,0.4762
2026-03-24,평일,00,멀뫼사거리-서 (동향),있음(비0),200,B형 검토,0,0.4762
2026-03-24,평일,00,멀뫼4R-남 (북향),있음(비0),273,B형 검토,0,0.4762
2026-03-24,평일,00,멀뫼사거리-북 (남향),없음(NULL),,B형,0,0.4762
2026-03-24,평일,01,멀뫼사거리-동 (서향),있음(비0),80,B형 검토,0,0.4762
2026-03-24,평일,01,멀뫼사거리-서 (동향),있음(비0),133,B형 검토,0,0.4762
2026-03-24,평일,01,멀뫼4R-남 (북향),있음(비0),168,B형 검토,0,0.4762
2026-03-24,평일,01,멀뫼사거리-북 (남향),없음(NULL),,B형,0,0.4762
2026-03-24,평일,02,멀뫼사거리-동 (서향),있음(비0),64,B형 검토,0,0.4762
2026-03-24,평일,02,멀뫼사거리-서 (동향),있음(비0),139,B형 검토,0,0.4762
2026-03-24,평일,02,멀뫼4R-남 (북향),있음(비0),140,B형 검토,0,0.4762
2026-03-24,평일,02,멀뫼사거리-북 (남향),없음(NULL),,B형,0,0.4762
2026-03-24,평일,03,멀뫼사거리-동 (서향),있음(비0),44,B형 검토,0,0.4762
2026-03-24,평일,03,멀뫼사거리-서 (동향),있음(비0),91,B형 검토,0,0.4762
2026-03-24,평일,03,멀뫼4R-남 (북향),있음(비0),123,B형 검토,0,0.4762
2026-03-24,평일,03,멀뫼사거리-북 (남향),없음(NULL),,B형,0,0.4762
2026-03-24,평일,04,멀뫼사거리-동 (서향),있음(비0),93,B형 검토,0,0.4762
2026-03-24,평일,04,멀뫼사거리-서 (동향),있음(비0),226,B형 검토,0,0.4762
2026-03-24,평일,04,멀뫼4R-남 (북향),있음(비0),265,B형 검토,0,0.4762
2026-03-24,평일,04,멀뫼사거리-북 (남향),없음(NULL),,B형,0,0.4762
2026-03-24,평일,05,멀뫼사거리-동 (서향),있음(비0),167,B형 검토,0,0.4762
2026-03-24,평일,05,멀뫼사거리-서 (동향),있음(비0),389,B형 검토,0,0.4762
2026-03-24,평일,05,멀뫼4R-남 (북향),있음(비0),626,B형 검토,0,0.4762
2026-03-24,평일,05,멀뫼사거리-북 (남향),없음(NULL),,B형,0,0.4762
2026-03-24,평일,06,멀뫼사거리-동 (서향),있음(비0),233,B형 검토,0,0.4762
2026-03-24,평일,06,멀뫼사거리-서 (동향),있음(비0),561,B형 검토,0,0.4762
2026-03-24,평일,06,멀뫼4R-남 (북향),있음(비0),1093,B형 검토,0,0.4762
2026-03-24,평일,06,멀뫼사거리-북 (남향),없음(NULL),,B형,0,0.4762
2026-03-24,평일,07,멀뫼사거리-동 (서향),있음(비0),364,B형 검토,0,0.4762
2026-03-24,평일,07,멀뫼사거리-서 (동향),있음(비0),848,B형 검토,0,0.4762
2026-03-24,평일,07,멀뫼4R-남 (북향),있음(비0),1774,B형 검토,0,0.4762
2026-03-24,평일,07,멀뫼사거리-북 (남향),없음(NULL),,B형,0,0.4762
2026-03-24,평일,08,멀뫼사거리-동 (서향),있음(비0),478,B형 검토,0,0.4762
2026-03-24,평일,08,멀뫼사거리-서 (동향),있음(비0),805,B형 검토,0,0.4762
2026-03-24,평일,08,멀뫼4R-남 (북향),있음(비0),1884,B형 검토,0,0.4762
2026-03-24,평일,08,멀뫼사거리-북 (남향),없음(NULL),,B형,0,0.4762
2026-03-24,평일,09,멀뫼사거리-동 (서향),있음(비0),391,B형 검토,0,0.4762
2026-03-24,평일,09,멀뫼사거리-서 (동향),있음(비0),769,B형 검토,0,0.4762
2026-03-24,평일,09,멀뫼4R-남 (북향),있음(비0),1504,B형 검토,0,0.4762
2026-03-24,평일,09,멀뫼사거리-북 (남향),없음(NULL),,B형,0,0.4762
2026-03-24,평일,10,멀뫼사거리-동 (서향),있음(비0),348,B형 검토,0,0.5000
2026-03-24,평일,10,멀뫼사거리-서 (동향),있음(비0),733,B형 검토,0,0.5000
2026-03-24,평일,10,멀뫼4R-남 (북향),있음(비0),1362,B형 검토,0,0.5000
2026-03-24,평일,10,멀뫼사거리-북 (남향),없음(NULL),,B형,0,0.5000
2026-03-24,평일,11,멀뫼사거리-동 (서향),있음(비0),336,B형 검토,0,0.4762
2026-03-24,평일,11,멀뫼사거리-서 (동향),있음(비0),799,B형 검토,0,0.4762
2026-03-24,평일,11,멀뫼4R-남 (북향),있음(비0),1233,B형 검토,0,0.4762
2026-03-24,평일,11,멀뫼사거리-북 (남향),없음(NULL),,B형,0,0.4762
2026-03-24,평일,12,멀뫼사거리-동 (서향),있음(비0),333,B형 검토,0,0.4762
2026-03-24,평일,12,멀뫼사거리-서 (동향),있음(비0),726,B형 검토,0,0.4762
2026-03-24,평일,12,멀뫼4R-남 (북향),있음(비0),1200,B형 검토,0,0.4762
2026-03-24,평일,12,멀뫼사거리-북 (남향),없음(NULL),,B형,0,0.4762
2026-03-24,평일,13,멀뫼사거리-동 (서향),있음(비0),345,B형 검토,0,0.4762
2026-03-24,평일,13,멀뫼사거리-서 (동향),있음(비0),688,B형 검토,0,0.4762
2026-03-24,평일,13,멀뫼4R-남 (북향),있음(비0),1240,B형 검토,0,0.4762
2026-03-24,평일,13,멀뫼사거리-북 (남향),없음(NULL),,B형,0,0.4762
2026-03-24,평일,14,멀뫼사거리-동 (서향),있음(비0),352,B형 검토,0,0.4762
2026-03-24,평일,14,멀뫼사거리-서 (동향),있음(비0),764,B형 검토,0,0.4762
2026-03-24,평일,14,멀뫼4R-남 (북향),있음(비0),1290,B형 검토,0,0.4762
2026-03-24,평일,14,멀뫼사거리-북 (남향),없음(NULL),,B형,0,0.4762
2026-03-24,평일,15,멀뫼사거리-동 (서향),있음(비0),388,B형 검토,0,0.5000
2026-03-24,평일,15,멀뫼사거리-서 (동향),있음(비0),884,B형 검토,0,0.5000
2026-03-24,평일,15,멀뫼4R-남 (북향),있음(비0),1345,B형 검토,0,0.5000
2026-03-24,평일,15,멀뫼사거리-북 (남향),없음(NULL),,B형,0,0.5000
2026-03-24,평일,16,멀뫼사거리-동 (서향),있음(비0),407,B형 검토,0,0.4762
2026-03-24,평일,16,멀뫼사거리-서 (동향),있음(비0),817,B형 검토,0,0.4762
2026-03-24,평일,16,멀뫼4R-남 (북향),있음(비0),1388,B형 검토,0,0.4762
2026-03-24,평일,16,멀뫼사거리-북 (남향),없음(NULL),,B형,0,0.4762
2026-03-24,평일,17,멀뫼사거리-동 (서향),있음(비0),467,B형 검토,0,0.4762
2026-03-24,평일,17,멀뫼사거리-서 (동향),있음(비0),822,B형 검토,0,0.4762
2026-03-24,평일,17,멀뫼4R-남 (북향),있음(비0),1388,B형 검토,0,0.4762
2026-03-24,평일,17,멀뫼사거리-북 (남향),없음(NULL),,B형,0,0.4762
2026-03-24,평일,18,멀뫼사거리-동 (서향),있음(비0),468,B형 검토,0,0.4762
2026-03-24,평일,18,멀뫼사거리-서 (동향),있음(비0),771,B형 검토,0,0.4762
2026-03-24,평일,18,멀뫼4R-남 (북향),있음(비0),1352,B형 검토,0,0.4762
2026-03-24,평일,18,멀뫼사거리-북 (남향),없음(NULL),,B형,0,0.4762
2026-03-24,평일,19,멀뫼사거리-동 (서향),있음(비0),281,B형 검토,0,0.4762
2026-03-24,평일,19,멀뫼사거리-서 (동향),있음(비0),512,B형 검토,0,0.4762
2026-03-24,평일,19,멀뫼4R-남 (북향),있음(비0),1260,B형 검토,0,0.4762
2026-03-24,평일,19,멀뫼사거리-북 (남향),없음(NULL),,B형,0,0.4762
2026-03-24,평일,20,멀뫼사거리-동 (서향),있음(비0),211,B형 검토,0,0.4762
2026-03-24,평일,20,멀뫼사거리-서 (동향),있음(비0),473,B형 검토,0,0.4762
2026-03-24,평일,20,멀뫼4R-남 (북향),있음(비0),946,B형 검토,0,0.4762
2026-03-24,평일,20,멀뫼사거리-북 (남향),없음(NULL),,B형,0,0.4762
2026-03-24,평일,21,멀뫼사거리-동 (서향),있음(비0),183,B형 검토,0,0.4762
2026-03-24,평일,21,멀뫼사거리-서 (동향),있음(비0),396,B형 검토,0,0.4762
2026-03-24,평일,21,멀뫼4R-남 (북향),있음(비0),775,B형 검토,0,0.4762
2026-03-24,평일,21,멀뫼사거리-북 (남향),없음(NULL),,B형,0,0.4762
2026-03-24,평일,22,멀뫼사거리-동 (서향),있음(비0),158,B형 검토,0,0.4762
2026-03-24,평일,22,멀뫼사거리-서 (동향),있음(비0),373,B형 검토,0,0.4762
2026-03-24,평일,22,멀뫼4R-남 (북향),있음(비0),553,B형 검토,0,0.4762
2026-03-24,평일,22,멀뫼사거리-북 (남향),없음(NULL),,B형,0,0.4762
2026-03-24,평일,23,멀뫼사거리-동 (서향),있음(비0),111,B형 검토,0,0.4762
2026-03-24,평일,23,멀뫼사거리-서 (동향),있음(비0),272,B형 검토,0,0.4762
2026-03-24,평일,23,멀뫼4R-남 (북향),있음(비0),388,B형 검토,0,0.4762
2026-03-24,평일,23,멀뫼사거리-북 (남향),없음(NULL),,B형,0,0.4762
2026-03-25,평일,00,멀뫼사거리-동 (서향),있음(비0),93,B형 검토,0,0.4762
2026-03-25,평일,00,멀뫼사거리-서 (동향),있음(비0),199,B형 검토,0,0.4762
2026-03-25,평일,00,멀뫼4R-남 (북향),있음(비0),268,B형 검토,0,0.4762
2026-03-25,평일,00,멀뫼사거리-북 (남향),없음(NULL),,B형,0,0.4762
2026-03-25,평일,01,멀뫼사거리-동 (서향),있음(비0),80,B형 검토,0,0.4762
2026-03-25,평일,01,멀뫼사거리-서 (동향),있음(비0),136,B형 검토,0,0.4762
2026-03-25,평일,01,멀뫼4R-남 (북향),있음(비0),195,B형 검토,0,0.4762
2026-03-25,평일,01,멀뫼사거리-북 (남향),없음(NULL),,B형,0,0.4762
2026-03-25,평일,02,멀뫼사거리-동 (서향),있음(비0),55,B형 검토,0,0.4762
2026-03-25,평일,02,멀뫼사거리-서 (동향),있음(비0),142,B형 검토,0,0.4762
2026-03-25,평일,02,멀뫼4R-남 (북향),있음(비0),150,B형 검토,0,0.4762
2026-03-25,평일,02,멀뫼사거리-북 (남향),없음(NULL),,B형,0,0.4762
2026-03-25,평일,03,멀뫼사거리-동 (서향),있음(비0),69,B형 검토,0,0.4762
2026-03-25,평일,03,멀뫼사거리-서 (동향),있음(비0),108,B형 검토,0,0.4762
2026-03-25,평일,03,멀뫼4R-남 (북향),있음(비0),118,B형 검토,0,0.4762
2026-03-25,평일,03,멀뫼사거리-북 (남향),없음(NULL),,B형,0,0.4762
2026-03-25,평일,04,멀뫼사거리-동 (서향),있음(비0),89,B형 검토,0,0.4762
2026-03-25,평일,04,멀뫼사거리-서 (동향),있음(비0),208,B형 검토,0,0.4762
2026-03-25,평일,04,멀뫼4R-남 (북향),있음(비0),270,B형 검토,0,0.4762
2026-03-25,평일,04,멀뫼사거리-북 (남향),없음(NULL),,B형,0,0.4762
2026-03-25,평일,05,멀뫼사거리-동 (서향),있음(비0),142,B형 검토,0,0.4762
2026-03-25,평일,05,멀뫼사거리-서 (동향),있음(비0),397,B형 검토,0,0.4762
2026-03-25,평일,05,멀뫼4R-남 (북향),있음(비0),648,B형 검토,0,0.4762
2026-03-25,평일,05,멀뫼사거리-북 (남향),없음(NULL),,B형,0,0.4762
2026-03-25,평일,06,멀뫼사거리-동 (서향),있음(비0),254,B형 검토,0,0.4762
2026-03-25,평일,06,멀뫼사거리-서 (동향),있음(비0),555,B형 검토,0,0.4762
2026-03-25,평일,06,멀뫼4R-남 (북향),있음(비0),1141,B형 검토,0,0.4762
2026-03-25,평일,06,멀뫼사거리-북 (남향),없음(NULL),,B형,0,0.4762
2026-03-25,평일,07,멀뫼사거리-동 (서향),있음(비0),321,B형 검토,0,0.4762
2026-03-25,평일,07,멀뫼사거리-서 (동향),있음(비0),746,B형 검토,0,0.4762
2026-03-25,평일,07,멀뫼4R-남 (북향),있음(비0),1751,B형 검토,0,0.4762
2026-03-25,평일,07,멀뫼사거리-북 (남향),없음(NULL),,B형,0,0.4762
2026-03-25,평일,08,멀뫼사거리-동 (서향),있음(비0),527,B형 검토,0,0.4762
2026-03-25,평일,08,멀뫼사거리-서 (동향),있음(비0),832,B형 검토,0,0.4762
2026-03-25,평일,08,멀뫼4R-남 (북향),있음(비0),1787,B형 검토,0,0.4762
2026-03-25,평일,08,멀뫼사거리-북 (남향),없음(NULL),,B형,0,0.4762
2026-03-25,평일,09,멀뫼사거리-동 (서향),있음(비0),416,B형 검토,0,0.4762
2026-03-25,평일,09,멀뫼사거리-서 (동향),있음(비0),749,B형 검토,0,0.4762
2026-03-25,평일,09,멀뫼4R-남 (북향),있음(비0),1543,B형 검토,0,0.4762
2026-03-25,평일,09,멀뫼사거리-북 (남향),없음(NULL),,B형,0,0.4762
2026-03-25,평일,10,멀뫼사거리-동 (서향),있음(비0),366,B형 검토,0,0.5000
2026-03-25,평일,10,멀뫼사거리-서 (동향),있음(비0),736,B형 검토,0,0.5000
2026-03-25,평일,10,멀뫼4R-남 (북향),있음(비0),1312,B형 검토,0,0.5000
2026-03-25,평일,10,멀뫼사거리-북 (남향),없음(NULL),,B형,0,0.5000
2026-03-25,평일,11,멀뫼사거리-동 (서향),있음(비0),329,B형 검토,0,0.4762
2026-03-25,평일,11,멀뫼사거리-서 (동향),있음(비0),792,B형 검토,0,0.4762
2026-03-25,평일,11,멀뫼4R-남 (북향),있음(비0),1166,B형 검토,0,0.4762
2026-03-25,평일,11,멀뫼사거리-북 (남향),없음(NULL),,B형,0,0.4762
2026-03-25,평일,12,멀뫼사거리-동 (서향),있음(비0),308,B형 검토,0,0.4762
2026-03-25,평일,12,멀뫼사거리-서 (동향),있음(비0),703,B형 검토,0,0.4762
2026-03-25,평일,12,멀뫼4R-남 (북향),있음(비0),1205,B형 검토,0,0.4762
2026-03-25,평일,12,멀뫼사거리-북 (남향),없음(NULL),,B형,0,0.4762
2026-03-25,평일,13,멀뫼사거리-동 (서향),있음(비0),334,B형 검토,0,0.4762
2026-03-25,평일,13,멀뫼사거리-서 (동향),있음(비0),709,B형 검토,0,0.4762
2026-03-25,평일,13,멀뫼4R-남 (북향),있음(비0),1256,B형 검토,0,0.4762
2026-03-25,평일,13,멀뫼사거리-북 (남향),없음(NULL),,B형,0,0.4762
2026-03-25,평일,14,멀뫼사거리-동 (서향),있음(비0),318,B형 검토,0,0.4762
2026-03-25,평일,14,멀뫼사거리-서 (동향),있음(비0),734,B형 검토,0,0.4762
2026-03-25,평일,14,멀뫼4R-남 (북향),있음(비0),1356,B형 검토,0,0.4762
2026-03-25,평일,14,멀뫼사거리-북 (남향),없음(NULL),,B형,0,0.4762
2026-03-25,평일,15,멀뫼사거리-동 (서향),있음(비0),364,B형 검토,0,0.5000
2026-03-25,평일,15,멀뫼사거리-서 (동향),있음(비0),791,B형 검토,0,0.5000
2026-03-25,평일,15,멀뫼4R-남 (북향),있음(비0),1340,B형 검토,0,0.5000
2026-03-25,평일,15,멀뫼사거리-북 (남향),없음(NULL),,B형,0,0.5000
2026-03-25,평일,16,멀뫼사거리-동 (서향),있음(비0),369,B형 검토,0,0.4762
2026-03-25,평일,16,멀뫼사거리-서 (동향),있음(비0),846,B형 검토,0,0.4762
2026-03-25,평일,16,멀뫼4R-남 (북향),있음(비0),1382,B형 검토,0,0.4762
2026-03-25,평일,16,멀뫼사거리-북 (남향),없음(NULL),,B형,0,0.4762
2026-03-25,평일,17,멀뫼사거리-동 (서향),있음(비0),466,B형 검토,0,0.4762
2026-03-25,평일,17,멀뫼사거리-서 (동향),있음(비0),751,B형 검토,0,0.4762
2026-03-25,평일,17,멀뫼4R-남 (북향),있음(비0),1370,B형 검토,0,0.4762
2026-03-25,평일,17,멀뫼사거리-북 (남향),없음(NULL),,B형,0,0.4762
2026-03-25,평일,18,멀뫼사거리-동 (서향),있음(비0),483,B형 검토,0,0.4762
2026-03-25,평일,18,멀뫼사거리-서 (동향),있음(비0),790,B형 검토,0,0.4762
2026-03-25,평일,18,멀뫼4R-남 (북향),있음(비0),1430,B형 검토,0,0.4762
2026-03-25,평일,18,멀뫼사거리-북 (남향),없음(NULL),,B형,0,0.4762
2026-03-25,평일,19,멀뫼사거리-동 (서향),있음(비0),250,B형 검토,0,0.4762
2026-03-25,평일,19,멀뫼사거리-서 (동향),있음(비0),526,B형 검토,0,0.4762
2026-03-25,평일,19,멀뫼4R-남 (북향),있음(비0),1225,B형 검토,0,0.4762
2026-03-25,평일,19,멀뫼사거리-북 (남향),없음(NULL),,B형,0,0.4762
2026-03-25,평일,20,멀뫼사거리-동 (서향),있음(비0),229,B형 검토,0,0.4762
2026-03-25,평일,20,멀뫼사거리-서 (동향),있음(비0),463,B형 검토,0,0.4762
2026-03-25,평일,20,멀뫼4R-남 (북향),있음(비0),964,B형 검토,0,0.4762
2026-03-25,평일,20,멀뫼사거리-북 (남향),없음(NULL),,B형,0,0.4762
2026-03-25,평일,21,멀뫼사거리-동 (서향),있음(비0),187,B형 검토,0,0.4762
2026-03-25,평일,21,멀뫼사거리-서 (동향),있음(비0),403,B형 검토,0,0.4762
2026-03-25,평일,21,멀뫼4R-남 (북향),있음(비0),774,B형 검토,0,0.4762
2026-03-25,평일,21,멀뫼사거리-북 (남향),없음(NULL),,B형,0,0.4762
2026-03-25,평일,22,멀뫼사거리-동 (서향),있음(비0),143,B형 검토,0,0.4762
2026-03-25,평일,22,멀뫼사거리-서 (동향),있음(비0),392,B형 검토,0,0.4762
2026-03-25,평일,22,멀뫼4R-남 (북향),있음(비0),576,B형 검토,0,0.4762
2026-03-25,평일,22,멀뫼사거리-북 (남향),없음(NULL),,B형,0,0.4762
2026-03-25,평일,23,멀뫼사거리-동 (서향),있음(비0),142,B형 검토,0,0.4762
2026-03-25,평일,23,멀뫼사거리-서 (동향),있음(비0),306,B형 검토,0,0.4762
2026-03-25,평일,23,멀뫼4R-남 (북향),있음(비0),391,B형 검토,0,0.4762
2026-03-25,평일,23,멀뫼사거리-북 (남향),없음(NULL),,B형,0,0.4762
2026-03-26,평일,00,멀뫼사거리-동 (서향),있음(비0),101,B형 검토,0,0.4762
2026-03-26,평일,00,멀뫼사거리-서 (동향),있음(비0),219,B형 검토,0,0.4762
2026-03-26,평일,00,멀뫼4R-남 (북향),있음(비0),321,B형 검토,0,0.4762
2026-03-26,평일,00,멀뫼사거리-북 (남향),없음(NULL),,B형,0,0.4762
2026-03-26,평일,01,멀뫼사거리-동 (서향),있음(비0),75,B형 검토,0,0.4762
2026-03-26,평일,01,멀뫼사거리-서 (동향),있음(비0),175,B형 검토,0,0.4762
2026-03-26,평일,01,멀뫼4R-남 (북향),있음(비0),189,B형 검토,0,0.4762
2026-03-26,평일,01,멀뫼사거리-북 (남향),없음(NULL),,B형,0,0.4762
2026-03-26,평일,02,멀뫼사거리-동 (서향),있음(비0),75,B형 검토,0,0.4762
2026-03-26,평일,02,멀뫼사거리-서 (동향),있음(비0),147,B형 검토,0,0.4762
2026-03-26,평일,02,멀뫼4R-남 (북향),있음(비0),181,B형 검토,0,0.4762
2026-03-26,평일,02,멀뫼사거리-북 (남향),없음(NULL),,B형,0,0.4762
2026-03-26,평일,03,멀뫼사거리-동 (서향),있음(비0),46,B형 검토,0,0.4762
2026-03-26,평일,03,멀뫼사거리-서 (동향),있음(비0),119,B형 검토,0,0.4762
2026-03-26,평일,03,멀뫼4R-남 (북향),있음(비0),134,B형 검토,0,0.4762
2026-03-26,평일,03,멀뫼사거리-북 (남향),없음(NULL),,B형,0,0.4762
2026-03-26,평일,04,멀뫼사거리-동 (서향),있음(비0),96,B형 검토,0,0.4762
2026-03-26,평일,04,멀뫼사거리-서 (동향),있음(비0),215,B형 검토,0,0.4762
2026-03-26,평일,04,멀뫼4R-남 (북향),있음(비0),247,B형 검토,0,0.4762
2026-03-26,평일,04,멀뫼사거리-북 (남향),없음(NULL),,B형,0,0.4762
2026-03-26,평일,05,멀뫼사거리-동 (서향),있음(비0),153,B형 검토,0,0.4762
2026-03-26,평일,05,멀뫼사거리-서 (동향),있음(비0),417,B형 검토,0,0.4762
2026-03-26,평일,05,멀뫼4R-남 (북향),있음(비0),657,B형 검토,0,0.4762
2026-03-26,평일,05,멀뫼사거리-북 (남향),없음(NULL),,B형,0,0.4762
2026-03-26,평일,06,멀뫼사거리-동 (서향),있음(비0),245,B형 검토,0,0.4762
2026-03-26,평일,06,멀뫼사거리-서 (동향),있음(비0),535,B형 검토,0,0.4762
2026-03-26,평일,06,멀뫼4R-남 (북향),있음(비0),1108,B형 검토,0,0.4762
2026-03-26,평일,06,멀뫼사거리-북 (남향),없음(NULL),,B형,0,0.4762
2026-03-26,평일,07,멀뫼사거리-동 (서향),있음(비0),325,B형 검토,0,0.4762
2026-03-26,평일,07,멀뫼사거리-서 (동향),있음(비0),726,B형 검토,0,0.4762
2026-03-26,평일,07,멀뫼4R-남 (북향),있음(비0),1754,B형 검토,0,0.4762
2026-03-26,평일,07,멀뫼사거리-북 (남향),없음(NULL),,B형,0,0.4762
2026-03-26,평일,08,멀뫼사거리-동 (서향),있음(비0),472,B형 검토,0,0.4762
2026-03-26,평일,08,멀뫼사거리-서 (동향),있음(비0),766,B형 검토,0,0.4762
2026-03-26,평일,08,멀뫼4R-남 (북향),있음(비0),1770,B형 검토,0,0.4762
2026-03-26,평일,08,멀뫼사거리-북 (남향),없음(NULL),,B형,0,0.4762
2026-03-26,평일,09,멀뫼사거리-동 (서향),있음(비0),393,B형 검토,0,0.4762
2026-03-26,평일,09,멀뫼사거리-서 (동향),있음(비0),747,B형 검토,0,0.4762
2026-03-26,평일,09,멀뫼4R-남 (북향),있음(비0),1479,B형 검토,0,0.4762
2026-03-26,평일,09,멀뫼사거리-북 (남향),없음(NULL),,B형,0,0.4762
2026-03-26,평일,10,멀뫼사거리-동 (서향),있음(비0),371,B형 검토,0,0.5000
2026-03-26,평일,10,멀뫼사거리-서 (동향),있음(비0),730,B형 검토,0,0.5000
2026-03-26,평일,10,멀뫼4R-남 (북향),있음(비0),1293,B형 검토,0,0.5000
2026-03-26,평일,10,멀뫼사거리-북 (남향),없음(NULL),,B형,0,0.5000
2026-03-26,평일,11,멀뫼사거리-동 (서향),있음(비0),341,B형 검토,0,0.4762
2026-03-26,평일,11,멀뫼사거리-서 (동향),있음(비0),723,B형 검토,0,0.4762
2026-03-26,평일,11,멀뫼4R-남 (북향),있음(비0),1164,B형 검토,0,0.4762
2026-03-26,평일,11,멀뫼사거리-북 (남향),없음(NULL),,B형,0,0.4762
2026-03-26,평일,12,멀뫼사거리-동 (서향),있음(비0),315,B형 검토,0,0.4762
2026-03-26,평일,12,멀뫼사거리-서 (동향),있음(비0),702,B형 검토,0,0.4762
2026-03-26,평일,12,멀뫼4R-남 (북향),있음(비0),1202,B형 검토,0,0.4762
2026-03-26,평일,12,멀뫼사거리-북 (남향),없음(NULL),,B형,0,0.4762
2026-03-26,평일,13,멀뫼사거리-동 (서향),있음(비0),323,B형 검토,0,0.4762
2026-03-26,평일,13,멀뫼사거리-서 (동향),있음(비0),688,B형 검토,0,0.4762
2026-03-26,평일,13,멀뫼4R-남 (북향),있음(비0),1295,B형 검토,0,0.4762
2026-03-26,평일,13,멀뫼사거리-북 (남향),없음(NULL),,B형,0,0.4762
2026-03-26,평일,14,멀뫼사거리-동 (서향),있음(비0),335,B형 검토,0,0.4762
2026-03-26,평일,14,멀뫼사거리-서 (동향),있음(비0),773,B형 검토,0,0.4762
2026-03-26,평일,14,멀뫼4R-남 (북향),있음(비0),1325,B형 검토,0,0.4762
2026-03-26,평일,14,멀뫼사거리-북 (남향),없음(NULL),,B형,0,0.4762
2026-03-26,평일,15,멀뫼사거리-동 (서향),있음(비0),351,B형 검토,0,0.5000
2026-03-26,평일,15,멀뫼사거리-서 (동향),있음(비0),845,B형 검토,0,0.5000
2026-03-26,평일,15,멀뫼4R-남 (북향),있음(비0),1335,B형 검토,0,0.5000
2026-03-26,평일,15,멀뫼사거리-북 (남향),없음(NULL),,B형,0,0.5000
2026-03-26,평일,16,멀뫼사거리-동 (서향),있음(비0),360,B형 검토,0,0.4762
2026-03-26,평일,16,멀뫼사거리-서 (동향),있음(비0),802,B형 검토,0,0.4762
2026-03-26,평일,16,멀뫼4R-남 (북향),있음(비0),1395,B형 검토,0,0.4762
2026-03-26,평일,16,멀뫼사거리-북 (남향),없음(NULL),,B형,0,0.4762
2026-03-26,평일,17,멀뫼사거리-동 (서향),있음(비0),471,B형 검토,0,0.4762
2026-03-26,평일,17,멀뫼사거리-서 (동향),있음(비0),754,B형 검토,0,0.4762
2026-03-26,평일,17,멀뫼4R-남 (북향),있음(비0),1434,B형 검토,0,0.4762
2026-03-26,평일,17,멀뫼사거리-북 (남향),없음(NULL),,B형,0,0.4762
2026-03-26,평일,18,멀뫼사거리-동 (서향),있음(비0),443,B형 검토,0,0.4762
2026-03-26,평일,18,멀뫼사거리-서 (동향),있음(비0),757,B형 검토,0,0.4762
2026-03-26,평일,18,멀뫼4R-남 (북향),있음(비0),1433,B형 검토,0,0.4762
2026-03-26,평일,18,멀뫼사거리-북 (남향),없음(NULL),,B형,0,0.4762
2026-03-26,평일,19,멀뫼사거리-동 (서향),있음(비0),291,B형 검토,0,0.4762
2026-03-26,평일,19,멀뫼사거리-서 (동향),있음(비0),521,B형 검토,0,0.4762
2026-03-26,평일,19,멀뫼4R-남 (북향),있음(비0),1206,B형 검토,0,0.4762
2026-03-26,평일,19,멀뫼사거리-북 (남향),없음(NULL),,B형,0,0.4762
2026-03-26,평일,20,멀뫼사거리-동 (서향),있음(비0),221,B형 검토,0,0.4762
2026-03-26,평일,20,멀뫼사거리-서 (동향),있음(비0),425,B형 검토,0,0.4762
2026-03-26,평일,20,멀뫼4R-남 (북향),있음(비0),957,B형 검토,0,0.4762
2026-03-26,평일,20,멀뫼사거리-북 (남향),없음(NULL),,B형,0,0.4762
2026-03-26,평일,21,멀뫼사거리-동 (서향),있음(비0),187,B형 검토,0,0.4762
2026-03-26,평일,21,멀뫼사거리-서 (동향),있음(비0),422,B형 검토,0,0.4762
2026-03-26,평일,21,멀뫼4R-남 (북향),있음(비0),837,B형 검토,0,0.4762
2026-03-26,평일,21,멀뫼사거리-북 (남향),없음(NULL),,B형,0,0.4762
2026-03-26,평일,22,멀뫼사거리-동 (서향),있음(비0),164,B형 검토,0,0.4762
2026-03-26,평일,22,멀뫼사거리-서 (동향),있음(비0),368,B형 검토,0,0.4762
2026-03-26,평일,22,멀뫼4R-남 (북향),있음(비0),578,B형 검토,0,0.4762
2026-03-26,평일,22,멀뫼사거리-북 (남향),없음(NULL),,B형,0,0.4762
2026-03-26,평일,23,멀뫼사거리-동 (서향),있음(비0),123,B형 검토,0,0.4762
2026-03-26,평일,23,멀뫼사거리-서 (동향),있음(비0),293,B형 검토,0,0.4762
2026-03-26,평일,23,멀뫼4R-남 (북향),있음(비0),431,B형 검토,0,0.4762
2026-03-26,평일,23,멀뫼사거리-북 (남향),없음(NULL),,B형,0,0.4762
2026-03-27,평일,00,멀뫼사거리-동 (서향),있음(비0),85,B형 검토,0,0.4762
2026-03-27,평일,00,멀뫼사거리-서 (동향),있음(비0),218,B형 검토,0,0.4762
2026-03-27,평일,00,멀뫼4R-남 (북향),있음(비0),312,B형 검토,0,0.4762
2026-03-27,평일,00,멀뫼사거리-북 (남향),없음(NULL),,B형,0,0.4762
2026-03-27,평일,01,멀뫼사거리-동 (서향),있음(비0),72,B형 검토,0,0.4762
2026-03-27,평일,01,멀뫼사거리-서 (동향),있음(비0),167,B형 검토,0,0.4762
2026-03-27,평일,01,멀뫼4R-남 (북향),있음(비0),210,B형 검토,0,0.4762
2026-03-27,평일,01,멀뫼사거리-북 (남향),없음(NULL),,B형,0,0.4762
2026-03-27,평일,02,멀뫼사거리-동 (서향),있음(비0),63,B형 검토,0,0.4762
2026-03-27,평일,02,멀뫼사거리-서 (동향),있음(비0),158,B형 검토,0,0.4762
2026-03-27,평일,02,멀뫼4R-남 (북향),있음(비0),183,B형 검토,0,0.4762
2026-03-27,평일,02,멀뫼사거리-북 (남향),없음(NULL),,B형,0,0.4762
2026-03-27,평일,03,멀뫼사거리-동 (서향),있음(비0),71,B형 검토,0,0.4762
2026-03-27,평일,03,멀뫼사거리-서 (동향),있음(비0),118,B형 검토,0,0.4762
2026-03-27,평일,03,멀뫼4R-남 (북향),있음(비0),149,B형 검토,0,0.4762
2026-03-27,평일,03,멀뫼사거리-북 (남향),없음(NULL),,B형,0,0.4762
2026-03-27,평일,04,멀뫼사거리-동 (서향),있음(비0),92,B형 검토,0,0.4762
2026-03-27,평일,04,멀뫼사거리-서 (동향),있음(비0),230,B형 검토,0,0.4762
2026-03-27,평일,04,멀뫼4R-남 (북향),있음(비0),274,B형 검토,0,0.4762
2026-03-27,평일,04,멀뫼사거리-북 (남향),없음(NULL),,B형,0,0.4762
2026-03-27,평일,05,멀뫼사거리-동 (서향),있음(비0),158,B형 검토,0,0.4762
2026-03-27,평일,05,멀뫼사거리-서 (동향),있음(비0),395,B형 검토,0,0.4762
2026-03-27,평일,05,멀뫼4R-남 (북향),있음(비0),673,B형 검토,0,0.4762
2026-03-27,평일,05,멀뫼사거리-북 (남향),없음(NULL),,B형,0,0.4762
2026-03-27,평일,06,멀뫼사거리-동 (서향),있음(비0),210,B형 검토,0,0.4762
2026-03-27,평일,06,멀뫼사거리-서 (동향),있음(비0),558,B형 검토,0,0.4762
2026-03-27,평일,06,멀뫼4R-남 (북향),있음(비0),1076,B형 검토,0,0.4762
2026-03-27,평일,06,멀뫼사거리-북 (남향),없음(NULL),,B형,0,0.4762
2026-03-27,평일,07,멀뫼사거리-동 (서향),있음(비0),327,B형 검토,0,0.4762
2026-03-27,평일,07,멀뫼사거리-서 (동향),있음(비0),706,B형 검토,0,0.4762
2026-03-27,평일,07,멀뫼4R-남 (북향),있음(비0),1669,B형 검토,0,0.4762
2026-03-27,평일,07,멀뫼사거리-북 (남향),없음(NULL),,B형,0,0.4762
2026-03-27,평일,08,멀뫼사거리-동 (서향),있음(비0),456,B형 검토,0,0.4762
2026-03-27,평일,08,멀뫼사거리-서 (동향),있음(비0),776,B형 검토,0,0.4762
2026-03-27,평일,08,멀뫼4R-남 (북향),있음(비0),1793,B형 검토,0,0.4762
2026-03-27,평일,08,멀뫼사거리-북 (남향),없음(NULL),,B형,0,0.4762
2026-03-27,평일,09,멀뫼사거리-동 (서향),있음(비0),416,B형 검토,0,0.4762
2026-03-27,평일,09,멀뫼사거리-서 (동향),있음(비0),757,B형 검토,0,0.4762
2026-03-27,평일,09,멀뫼4R-남 (북향),있음(비0),1469,B형 검토,0,0.4762
2026-03-27,평일,09,멀뫼사거리-북 (남향),없음(NULL),,B형,0,0.4762
2026-03-27,평일,10,멀뫼사거리-동 (서향),있음(비0),317,B형 검토,0,0.5000
2026-03-27,평일,10,멀뫼사거리-서 (동향),있음(비0),748,B형 검토,0,0.5000
2026-03-27,평일,10,멀뫼4R-남 (북향),있음(비0),1264,B형 검토,0,0.5000
2026-03-27,평일,10,멀뫼사거리-북 (남향),없음(NULL),,B형,0,0.5000
2026-03-27,평일,11,멀뫼사거리-동 (서향),있음(비0),345,B형 검토,0,0.4762
2026-03-27,평일,11,멀뫼사거리-서 (동향),있음(비0),678,B형 검토,0,0.4762
2026-03-27,평일,11,멀뫼4R-남 (북향),있음(비0),1181,B형 검토,0,0.4762
2026-03-27,평일,11,멀뫼사거리-북 (남향),없음(NULL),,B형,0,0.4762
2026-03-27,평일,12,멀뫼사거리-동 (서향),있음(비0),313,B형 검토,0,0.4762
2026-03-27,평일,12,멀뫼사거리-서 (동향),있음(비0),693,B형 검토,0,0.4762
2026-03-27,평일,12,멀뫼4R-남 (북향),있음(비0),1201,B형 검토,0,0.4762
2026-03-27,평일,12,멀뫼사거리-북 (남향),없음(NULL),,B형,0,0.4762
2026-03-27,평일,13,멀뫼사거리-동 (서향),있음(비0),326,B형 검토,0,0.4762
2026-03-27,평일,13,멀뫼사거리-서 (동향),있음(비0),742,B형 검토,0,0.4762
2026-03-27,평일,13,멀뫼4R-남 (북향),있음(비0),1235,B형 검토,0,0.4762
2026-03-27,평일,13,멀뫼사거리-북 (남향),없음(NULL),,B형,0,0.4762
2026-03-27,평일,14,멀뫼사거리-동 (서향),있음(비0),373,B형 검토,0,0.4762
2026-03-27,평일,14,멀뫼사거리-서 (동향),있음(비0),753,B형 검토,0,0.4762
2026-03-27,평일,14,멀뫼4R-남 (북향),있음(비0),1369,B형 검토,0,0.4762
2026-03-27,평일,14,멀뫼사거리-북 (남향),없음(NULL),,B형,0,0.4762
2026-03-27,평일,15,멀뫼사거리-동 (서향),있음(비0),372,B형 검토,0,0.5000
2026-03-27,평일,15,멀뫼사거리-서 (동향),있음(비0),831,B형 검토,0,0.5000
2026-03-27,평일,15,멀뫼4R-남 (북향),있음(비0),1362,B형 검토,0,0.5000
2026-03-27,평일,15,멀뫼사거리-북 (남향),없음(NULL),,B형,0,0.5000
2026-03-27,평일,16,멀뫼사거리-동 (서향),있음(비0),418,B형 검토,0,0.4762
2026-03-27,평일,16,멀뫼사거리-서 (동향),있음(비0),809,B형 검토,0,0.4762
2026-03-27,평일,16,멀뫼4R-남 (북향),있음(비0),1383,B형 검토,0,0.4762
2026-03-27,평일,16,멀뫼사거리-북 (남향),없음(NULL),,B형,0,0.4762
2026-03-27,평일,17,멀뫼사거리-동 (서향),있음(비0),504,B형 검토,0,0.4762
2026-03-27,평일,17,멀뫼사거리-서 (동향),있음(비0),739,B형 검토,0,0.4762
2026-03-27,평일,17,멀뫼4R-남 (북향),있음(비0),1449,B형 검토,0,0.4762
2026-03-27,평일,17,멀뫼사거리-북 (남향),없음(NULL),,B형,0,0.4762
2026-03-27,평일,18,멀뫼사거리-동 (서향),있음(비0),527,B형 검토,0,0.4762
2026-03-27,평일,18,멀뫼사거리-서 (동향),있음(비0),754,B형 검토,0,0.4762
2026-03-27,평일,18,멀뫼4R-남 (북향),있음(비0),1440,B형 검토,0,0.4762
2026-03-27,평일,18,멀뫼사거리-북 (남향),없음(NULL),,B형,0,0.4762
2026-03-27,평일,19,멀뫼사거리-동 (서향),있음(비0),286,B형 검토,0,0.4762
2026-03-27,평일,19,멀뫼사거리-서 (동향),있음(비0),541,B형 검토,0,0.4762
2026-03-27,평일,19,멀뫼4R-남 (북향),있음(비0),1308,B형 검토,0,0.4762
2026-03-27,평일,19,멀뫼사거리-북 (남향),없음(NULL),,B형,0,0.4762
2026-03-27,평일,20,멀뫼사거리-동 (서향),있음(비0),235,B형 검토,0,0.4762
2026-03-27,평일,20,멀뫼사거리-서 (동향),있음(비0),481,B형 검토,0,0.4762
2026-03-27,평일,20,멀뫼4R-남 (북향),있음(비0),1080,B형 검토,0,0.4762
2026-03-27,평일,20,멀뫼사거리-북 (남향),없음(NULL),,B형,0,0.4762
2026-03-27,평일,21,멀뫼사거리-동 (서향),있음(비0),203,B형 검토,0,0.4762
2026-03-27,평일,21,멀뫼사거리-서 (동향),있음(비0),456,B형 검토,0,0.4762
2026-03-27,평일,21,멀뫼4R-남 (북향),있음(비0),934,B형 검토,0,0.4762
2026-03-27,평일,21,멀뫼사거리-북 (남향),없음(NULL),,B형,0,0.4762
2026-03-27,평일,22,멀뫼사거리-동 (서향),있음(비0),177,B형 검토,0,0.4762
2026-03-27,평일,22,멀뫼사거리-서 (동향),있음(비0),423,B형 검토,0,0.4762
2026-03-27,평일,22,멀뫼4R-남 (북향),있음(비0),705,B형 검토,0,0.4762
2026-03-27,평일,22,멀뫼사거리-북 (남향),없음(NULL),,B형,0,0.4762
2026-03-27,평일,23,멀뫼사거리-동 (서향),있음(비0),160,B형 검토,0,0.4762
2026-03-27,평일,23,멀뫼사거리-서 (동향),있음(비0),347,B형 검토,0,0.4762
2026-03-27,평일,23,멀뫼4R-남 (북향),있음(비0),489,B형 검토,0,0.4762
2026-03-27,평일,23,멀뫼사거리-북 (남향),없음(NULL),,B형,0,0.4762
2026-03-28,토요일,00,멀뫼사거리-동 (서향),있음(비0),110,B형 검토,0,0.4000
2026-03-28,토요일,00,멀뫼사거리-서 (동향),있음(비0),266,B형 검토,0,0.4000
2026-03-28,토요일,00,멀뫼4R-남 (북향),있음(비0),428,B형 검토,0,0.4000
2026-03-28,토요일,00,멀뫼사거리-북 (남향),없음(NULL),,B형,0,0.4000
2026-03-28,토요일,01,멀뫼사거리-동 (서향),있음(비0),103,B형 검토,0,0.4000
2026-03-28,토요일,01,멀뫼사거리-서 (동향),있음(비0),217,B형 검토,0,0.4000
2026-03-28,토요일,01,멀뫼4R-남 (북향),있음(비0),324,B형 검토,0,0.4000
2026-03-28,토요일,01,멀뫼사거리-북 (남향),없음(NULL),,B형,0,0.4000
2026-03-28,토요일,02,멀뫼사거리-동 (서향),있음(비0),83,B형 검토,0,0.4000
2026-03-28,토요일,02,멀뫼사거리-서 (동향),있음(비0),179,B형 검토,0,0.4000
2026-03-28,토요일,02,멀뫼4R-남 (북향),있음(비0),233,B형 검토,0,0.4000
2026-03-28,토요일,02,멀뫼사거리-북 (남향),없음(NULL),,B형,0,0.4000
2026-03-28,토요일,03,멀뫼사거리-동 (서향),있음(비0),76,B형 검토,0,0.4000
2026-03-28,토요일,03,멀뫼사거리-서 (동향),있음(비0),159,B형 검토,0,0.4000
2026-03-28,토요일,03,멀뫼4R-남 (북향),있음(비0),196,B형 검토,0,0.4000
2026-03-28,토요일,03,멀뫼사거리-북 (남향),없음(NULL),,B형,0,0.4000
2026-03-28,토요일,04,멀뫼사거리-동 (서향),있음(비0),84,B형 검토,0,0.4000
2026-03-28,토요일,04,멀뫼사거리-서 (동향),있음(비0),219,B형 검토,0,0.4000
2026-03-28,토요일,04,멀뫼4R-남 (북향),있음(비0),257,B형 검토,0,0.4000
2026-03-28,토요일,04,멀뫼사거리-북 (남향),없음(NULL),,B형,0,0.4000
2026-03-28,토요일,05,멀뫼사거리-동 (서향),있음(비0),138,B형 검토,0,0.4000
2026-03-28,토요일,05,멀뫼사거리-서 (동향),있음(비0),338,B형 검토,0,0.4000
2026-03-28,토요일,05,멀뫼4R-남 (북향),있음(비0),530,B형 검토,0,0.4000
2026-03-28,토요일,05,멀뫼사거리-북 (남향),없음(NULL),,B형,0,0.4000
2026-03-28,토요일,06,멀뫼사거리-동 (서향),있음(비0),154,B형 검토,0,0.4000
2026-03-28,토요일,06,멀뫼사거리-서 (동향),있음(비0),382,B형 검토,0,0.4000
2026-03-28,토요일,06,멀뫼4R-남 (북향),있음(비0),666,B형 검토,0,0.4000
2026-03-28,토요일,06,멀뫼사거리-북 (남향),없음(NULL),,B형,0,0.4000
2026-03-28,토요일,07,멀뫼사거리-동 (서향),있음(비0),204,B형 검토,0,0.4000
2026-03-28,토요일,07,멀뫼사거리-서 (동향),있음(비0),412,B형 검토,0,0.4000
2026-03-28,토요일,07,멀뫼4R-남 (북향),있음(비0),739,B형 검토,0,0.4000
2026-03-28,토요일,07,멀뫼사거리-북 (남향),없음(NULL),,B형,0,0.4000
2026-03-28,토요일,08,멀뫼사거리-동 (서향),있음(비0),267,B형 검토,0,0.4000
2026-03-28,토요일,08,멀뫼사거리-서 (동향),있음(비0),526,B형 검토,0,0.4000
2026-03-28,토요일,08,멀뫼4R-남 (북향),있음(비0),1051,B형 검토,0,0.4000
2026-03-28,토요일,08,멀뫼사거리-북 (남향),없음(NULL),,B형,0,0.4000
2026-03-28,토요일,09,멀뫼사거리-동 (서향),있음(비0),347,B형 검토,0,0.4000
2026-03-28,토요일,09,멀뫼사거리-서 (동향),있음(비0),598,B형 검토,0,0.4000
2026-03-28,토요일,09,멀뫼4R-남 (북향),있음(비0),1292,B형 검토,0,0.4000
2026-03-28,토요일,09,멀뫼사거리-북 (남향),없음(NULL),,B형,0,0.4000
2026-03-28,토요일,10,멀뫼사거리-동 (서향),있음(비0),318,B형 검토,0,0.4000
2026-03-28,토요일,10,멀뫼사거리-서 (동향),있음(비0),673,B형 검토,0,0.4000
2026-03-28,토요일,10,멀뫼4R-남 (북향),있음(비0),1363,B형 검토,0,0.4000
2026-03-28,토요일,10,멀뫼사거리-북 (남향),없음(NULL),,B형,0,0.4000
2026-03-28,토요일,11,멀뫼사거리-동 (서향),있음(비0),344,B형 검토,0,0.4000
2026-03-28,토요일,11,멀뫼사거리-서 (동향),있음(비0),697,B형 검토,0,0.4000
2026-03-28,토요일,11,멀뫼4R-남 (북향),있음(비0),1320,B형 검토,0,0.4000
2026-03-28,토요일,11,멀뫼사거리-북 (남향),없음(NULL),,B형,0,0.4000
2026-03-28,토요일,12,멀뫼사거리-동 (서향),있음(비0),353,B형 검토,0,0.4000
2026-03-28,토요일,12,멀뫼사거리-서 (동향),있음(비0),749,B형 검토,0,0.4000
2026-03-28,토요일,12,멀뫼4R-남 (북향),있음(비0),1287,B형 검토,0,0.4000
2026-03-28,토요일,12,멀뫼사거리-북 (남향),없음(NULL),,B형,0,0.4000
2026-03-28,토요일,13,멀뫼사거리-동 (서향),있음(비0),363,B형 검토,0,0.4000
2026-03-28,토요일,13,멀뫼사거리-서 (동향),있음(비0),759,B형 검토,0,0.4000
2026-03-28,토요일,13,멀뫼4R-남 (북향),있음(비0),1370,B형 검토,0,0.4000
2026-03-28,토요일,13,멀뫼사거리-북 (남향),없음(NULL),,B형,0,0.4000
2026-03-28,토요일,14,멀뫼사거리-동 (서향),있음(비0),366,B형 검토,0,0.4000
2026-03-28,토요일,14,멀뫼사거리-서 (동향),있음(비0),771,B형 검토,0,0.4000
2026-03-28,토요일,14,멀뫼4R-남 (북향),있음(비0),1306,B형 검토,0,0.4000
2026-03-28,토요일,14,멀뫼사거리-북 (남향),없음(NULL),,B형,0,0.4000
2026-03-28,토요일,15,멀뫼사거리-동 (서향),있음(비0),347,B형 검토,0,0.4000
2026-03-28,토요일,15,멀뫼사거리-서 (동향),있음(비0),771,B형 검토,0,0.4000
2026-03-28,토요일,15,멀뫼4R-남 (북향),있음(비0),1340,B형 검토,0,0.4000
2026-03-28,토요일,15,멀뫼사거리-북 (남향),없음(NULL),,B형,0,0.4000
2026-03-28,토요일,16,멀뫼사거리-동 (서향),있음(비0),318,B형 검토,0,0.4000
2026-03-28,토요일,16,멀뫼사거리-서 (동향),있음(비0),749,B형 검토,0,0.4000
2026-03-28,토요일,16,멀뫼4R-남 (북향),있음(비0),1297,B형 검토,0,0.4000
2026-03-28,토요일,16,멀뫼사거리-북 (남향),없음(NULL),,B형,0,0.4000
2026-03-28,토요일,17,멀뫼사거리-동 (서향),있음(비0),331,B형 검토,0,0.4000
2026-03-28,토요일,17,멀뫼사거리-서 (동향),있음(비0),749,B형 검토,0,0.4000
2026-03-28,토요일,17,멀뫼4R-남 (북향),있음(비0),1414,B형 검토,0,0.4000
2026-03-28,토요일,17,멀뫼사거리-북 (남향),없음(NULL),,B형,0,0.4000
2026-03-28,토요일,18,멀뫼사거리-동 (서향),있음(비0),306,B형 검토,0,0.4000
2026-03-28,토요일,18,멀뫼사거리-서 (동향),있음(비0),705,B형 검토,0,0.4000
2026-03-28,토요일,18,멀뫼4R-남 (북향),있음(비0),1322,B형 검토,0,0.4000
2026-03-28,토요일,18,멀뫼사거리-북 (남향),없음(NULL),,B형,0,0.4000
2026-03-28,토요일,19,멀뫼사거리-동 (서향),있음(비0),230,B형 검토,0,0.4000
2026-03-28,토요일,19,멀뫼사거리-서 (동향),있음(비0),530,B형 검토,0,0.4000
2026-03-28,토요일,19,멀뫼4R-남 (북향),있음(비0),1062,B형 검토,0,0.4000
2026-03-28,토요일,19,멀뫼사거리-북 (남향),없음(NULL),,B형,0,0.4000
2026-03-28,토요일,20,멀뫼사거리-동 (서향),있음(비0),202,B형 검토,0,0.4000
2026-03-28,토요일,20,멀뫼사거리-서 (동향),있음(비0),454,B형 검토,0,0.4000
2026-03-28,토요일,20,멀뫼4R-남 (북향),있음(비0),913,B형 검토,0,0.4000
2026-03-28,토요일,20,멀뫼사거리-북 (남향),없음(NULL),,B형,0,0.4000
2026-03-28,토요일,21,멀뫼사거리-동 (서향),있음(비0),193,B형 검토,0,0.4000
2026-03-28,토요일,21,멀뫼사거리-서 (동향),있음(비0),455,B형 검토,0,0.4000
2026-03-28,토요일,21,멀뫼4R-남 (북향),있음(비0),792,B형 검토,0,0.4000
2026-03-28,토요일,21,멀뫼사거리-북 (남향),없음(NULL),,B형,0,0.4000
2026-03-28,토요일,22,멀뫼사거리-동 (서향),있음(비0),164,B형 검토,0,0.4000
2026-03-28,토요일,22,멀뫼사거리-서 (동향),있음(비0),370,B형 검토,0,0.4000
2026-03-28,토요일,22,멀뫼4R-남 (북향),있음(비0),601,B형 검토,0,0.4000
2026-03-28,토요일,22,멀뫼사거리-북 (남향),없음(NULL),,B형,0,0.4000
2026-03-28,토요일,23,멀뫼사거리-동 (서향),있음(비0),144,B형 검토,0,0.4000
2026-03-28,토요일,23,멀뫼사거리-서 (동향),있음(비0),337,B형 검토,0,0.4000
2026-03-28,토요일,23,멀뫼4R-남 (북향),있음(비0),467,B형 검토,0,0.4000
2026-03-28,토요일,23,멀뫼사거리-북 (남향),없음(NULL),,B형,0,0.4000
2026-03-29,일·공휴일,00,멀뫼사거리-동 (서향),있음(비0),118,B형 검토,0,0.2000
2026-03-29,일·공휴일,00,멀뫼사거리-서 (동향),있음(비0),273,B형 검토,0,0.2000
2026-03-29,일·공휴일,00,멀뫼4R-남 (북향),있음(비0),382,B형 검토,0,0.2000
2026-03-29,일·공휴일,00,멀뫼사거리-북 (남향),없음(NULL),,B형,0,0.2000
2026-03-29,일·공휴일,01,멀뫼사거리-동 (서향),있음(비0),109,B형 검토,0,0.2000
2026-03-29,일·공휴일,01,멀뫼사거리-서 (동향),있음(비0),233,B형 검토,0,0.2000
2026-03-29,일·공휴일,01,멀뫼4R-남 (북향),있음(비0),285,B형 검토,0,0.2000
2026-03-29,일·공휴일,01,멀뫼사거리-북 (남향),없음(NULL),,B형,0,0.2000
2026-03-29,일·공휴일,02,멀뫼사거리-동 (서향),있음(비0),98,B형 검토,0,0.2000
2026-03-29,일·공휴일,02,멀뫼사거리-서 (동향),있음(비0),190,B형 검토,0,0.2000
2026-03-29,일·공휴일,02,멀뫼4R-남 (북향),있음(비0),225,B형 검토,0,0.2000
2026-03-29,일·공휴일,02,멀뫼사거리-북 (남향),없음(NULL),,B형,0,0.2000
2026-03-29,일·공휴일,03,멀뫼사거리-동 (서향),있음(비0),76,B형 검토,0,0.2000
2026-03-29,일·공휴일,03,멀뫼사거리-서 (동향),있음(비0),164,B형 검토,0,0.2000
2026-03-29,일·공휴일,03,멀뫼4R-남 (북향),있음(비0),161,B형 검토,0,0.2000
2026-03-29,일·공휴일,03,멀뫼사거리-북 (남향),없음(NULL),,B형,0,0.2000
2026-03-29,일·공휴일,04,멀뫼사거리-동 (서향),있음(비0),67,B형 검토,0,0.2000
2026-03-29,일·공휴일,04,멀뫼사거리-서 (동향),있음(비0),160,B형 검토,0,0.2000
2026-03-29,일·공휴일,04,멀뫼4R-남 (북향),있음(비0),195,B형 검토,0,0.2000
2026-03-29,일·공휴일,04,멀뫼사거리-북 (남향),없음(NULL),,B형,0,0.2000
2026-03-29,일·공휴일,05,멀뫼사거리-동 (서향),있음(비0),66,B형 검토,0,0.2000
2026-03-29,일·공휴일,05,멀뫼사거리-서 (동향),있음(비0),158,B형 검토,0,0.2000
2026-03-29,일·공휴일,05,멀뫼4R-남 (북향),있음(비0),292,B형 검토,0,0.2000
2026-03-29,일·공휴일,05,멀뫼사거리-북 (남향),없음(NULL),,B형,0,0.2000
2026-03-29,일·공휴일,06,멀뫼사거리-동 (서향),있음(비0),107,B형 검토,0,0.2000
2026-03-29,일·공휴일,06,멀뫼사거리-서 (동향),있음(비0),244,B형 검토,0,0.2000
2026-03-29,일·공휴일,06,멀뫼4R-남 (북향),있음(비0),386,B형 검토,0,0.2000
2026-03-29,일·공휴일,06,멀뫼사거리-북 (남향),없음(NULL),,B형,0,0.2000
2026-03-29,일·공휴일,07,멀뫼사거리-동 (서향),있음(비0),126,B형 검토,0,0.2000
2026-03-29,일·공휴일,07,멀뫼사거리-서 (동향),있음(비0),319,B형 검토,0,0.2000
2026-03-29,일·공휴일,07,멀뫼4R-남 (북향),있음(비0),460,B형 검토,0,0.2000
2026-03-29,일·공휴일,07,멀뫼사거리-북 (남향),없음(NULL),,B형,0,0.2000
2026-03-29,일·공휴일,08,멀뫼사거리-동 (서향),있음(비0),191,B형 검토,0,0.2000
2026-03-29,일·공휴일,08,멀뫼사거리-서 (동향),있음(비0),435,B형 검토,0,0.2000
2026-03-29,일·공휴일,08,멀뫼4R-남 (북향),있음(비0),723,B형 검토,0,0.2000
2026-03-29,일·공휴일,08,멀뫼사거리-북 (남향),없음(NULL),,B형,0,0.2000
2026-03-29,일·공휴일,09,멀뫼사거리-동 (서향),있음(비0),278,B형 검토,0,0.2000
2026-03-29,일·공휴일,09,멀뫼사거리-서 (동향),있음(비0),515,B형 검토,0,0.2000
2026-03-29,일·공휴일,09,멀뫼4R-남 (북향),있음(비0),1066,B형 검토,0,0.2000
2026-03-29,일·공휴일,09,멀뫼사거리-북 (남향),없음(NULL),,B형,0,0.2000
2026-03-29,일·공휴일,10,멀뫼사거리-동 (서향),있음(비0),322,B형 검토,0,0.2000
2026-03-29,일·공휴일,10,멀뫼사거리-서 (동향),있음(비0),663,B형 검토,0,0.2000
2026-03-29,일·공휴일,10,멀뫼4R-남 (북향),있음(비0),1274,B형 검토,0,0.2000
2026-03-29,일·공휴일,10,멀뫼사거리-북 (남향),없음(NULL),,B형,0,0.2000
2026-03-29,일·공휴일,11,멀뫼사거리-동 (서향),있음(비0),304,B형 검토,0,0.2000
2026-03-29,일·공휴일,11,멀뫼사거리-서 (동향),있음(비0),654,B형 검토,0,0.2000
2026-03-29,일·공휴일,11,멀뫼4R-남 (북향),있음(비0),1118,B형 검토,0,0.2000
2026-03-29,일·공휴일,11,멀뫼사거리-북 (남향),없음(NULL),,B형,0,0.2000
2026-03-29,일·공휴일,12,멀뫼사거리-동 (서향),있음(비0),308,B형 검토,0,0.2000
2026-03-29,일·공휴일,12,멀뫼사거리-서 (동향),있음(비0),684,B형 검토,0,0.2000
2026-03-29,일·공휴일,12,멀뫼4R-남 (북향),있음(비0),1155,B형 검토,0,0.2000
2026-03-29,일·공휴일,12,멀뫼사거리-북 (남향),없음(NULL),,B형,0,0.2000
2026-03-29,일·공휴일,13,멀뫼사거리-동 (서향),있음(비0),345,B형 검토,0,0.2000
2026-03-29,일·공휴일,13,멀뫼사거리-서 (동향),있음(비0),728,B형 검토,0,0.2000
2026-03-29,일·공휴일,13,멀뫼4R-남 (북향),있음(비0),1224,B형 검토,0,0.2000
2026-03-29,일·공휴일,13,멀뫼사거리-북 (남향),없음(NULL),,B형,0,0.2000
2026-03-29,일·공휴일,14,멀뫼사거리-동 (서향),있음(비0),324,B형 검토,0,0.2000
2026-03-29,일·공휴일,14,멀뫼사거리-서 (동향),있음(비0),730,B형 검토,0,0.2000
2026-03-29,일·공휴일,14,멀뫼4R-남 (북향),있음(비0),1358,B형 검토,0,0.2000
2026-03-29,일·공휴일,14,멀뫼사거리-북 (남향),없음(NULL),,B형,0,0.2000
2026-03-29,일·공휴일,15,멀뫼사거리-동 (서향),있음(비0),315,B형 검토,0,0.2000
2026-03-29,일·공휴일,15,멀뫼사거리-서 (동향),있음(비0),791,B형 검토,0,0.2000
2026-03-29,일·공휴일,15,멀뫼4R-남 (북향),있음(비0),1304,B형 검토,0,0.2000
2026-03-29,일·공휴일,15,멀뫼사거리-북 (남향),없음(NULL),,B형,0,0.2000
2026-03-29,일·공휴일,16,멀뫼사거리-동 (서향),있음(비0),301,B형 검토,0,0.2000
2026-03-29,일·공휴일,16,멀뫼사거리-서 (동향),있음(비0),700,B형 검토,0,0.2000
2026-03-29,일·공휴일,16,멀뫼4R-남 (북향),있음(비0),1157,B형 검토,0,0.2000
2026-03-29,일·공휴일,16,멀뫼사거리-북 (남향),없음(NULL),,B형,0,0.2000
2026-03-29,일·공휴일,17,멀뫼사거리-동 (서향),있음(비0),324,B형 검토,0,0.2000
2026-03-29,일·공휴일,17,멀뫼사거리-서 (동향),있음(비0),671,B형 검토,0,0.2000
2026-03-29,일·공휴일,17,멀뫼4R-남 (북향),있음(비0),1205,B형 검토,0,0.2000
2026-03-29,일·공휴일,17,멀뫼사거리-북 (남향),없음(NULL),,B형,0,0.2000
2026-03-29,일·공휴일,18,멀뫼사거리-동 (서향),있음(비0),300,B형 검토,0,0.2000
2026-03-29,일·공휴일,18,멀뫼사거리-서 (동향),있음(비0),645,B형 검토,0,0.2000
2026-03-29,일·공휴일,18,멀뫼4R-남 (북향),있음(비0),1022,B형 검토,0,0.2000
2026-03-29,일·공휴일,18,멀뫼사거리-북 (남향),없음(NULL),,B형,0,0.2000
2026-03-29,일·공휴일,19,멀뫼사거리-동 (서향),있음(비0),226,B형 검토,0,0.2000
2026-03-29,일·공휴일,19,멀뫼사거리-서 (동향),있음(비0),478,B형 검토,0,0.2000
2026-03-29,일·공휴일,19,멀뫼4R-남 (북향),있음(비0),856,B형 검토,0,0.2000
2026-03-29,일·공휴일,19,멀뫼사거리-북 (남향),있음(비0),303,B형 검토,0,0.2000
2026-03-29,일·공휴일,20,멀뫼사거리-동 (서향),있음(비0),202,B형 검토,0,0.2000
2026-03-29,일·공휴일,20,멀뫼사거리-서 (동향),있음(비0),440,B형 검토,0,0.2000
2026-03-29,일·공휴일,20,멀뫼4R-남 (북향),있음(비0),808,B형 검토,0,0.2000
2026-03-29,일·공휴일,20,멀뫼사거리-북 (남향),있음(비0),573,B형 검토,0,0.2000
2026-03-29,일·공휴일,21,멀뫼사거리-동 (서향),있음(비0),192,B형 검토,0,0.2000
2026-03-29,일·공휴일,21,멀뫼사거리-서 (동향),있음(비0),352,B형 검토,0,0.2000
2026-03-29,일·공휴일,21,멀뫼4R-남 (북향),있음(비0),697,B형 검토,0,0.2000
2026-03-29,일·공휴일,21,멀뫼사거리-북 (남향),없음(NULL),,B형,0,0.2000
2026-03-29,일·공휴일,22,멀뫼사거리-동 (서향),있음(비0),132,B형 검토,0,0.2000
2026-03-29,일·공휴일,22,멀뫼사거리-서 (동향),있음(비0),309,B형 검토,0,0.2000
2026-03-29,일·공휴일,22,멀뫼4R-남 (북향),있음(비0),481,B형 검토,0,0.2000
2026-03-29,일·공휴일,22,멀뫼사거리-북 (남향),없음(NULL),,B형,0,0.2000
2026-03-29,일·공휴일,23,멀뫼사거리-동 (서향),있음(비0),101,B형 검토,0,0.2000
2026-03-29,일·공휴일,23,멀뫼사거리-서 (동향),있음(비0),244,B형 검토,0,0.2000
2026-03-29,일·공휴일,23,멀뫼4R-남 (북향),있음(비0),348,B형 검토,0,0.2000
2026-03-29,일·공휴일,23,멀뫼사거리-북 (남향),없음(NULL),,B형,0,0.2000
2026-03-30,평일,00,멀뫼사거리-동 (서향),있음(비0),89,B형 검토,0,0.4762
2026-03-30,평일,00,멀뫼사거리-서 (동향),있음(비0),187,B형 검토,0,0.4762
2026-03-30,평일,00,멀뫼4R-남 (북향),있음(비0),272,B형 검토,0,0.4762
2026-03-30,평일,00,멀뫼사거리-북 (남향),없음(NULL),,B형,0,0.4762
2026-03-30,평일,01,멀뫼사거리-동 (서향),있음(비0),67,B형 검토,0,0.4762
2026-03-30,평일,01,멀뫼사거리-서 (동향),있음(비0),119,B형 검토,0,0.4762
2026-03-30,평일,01,멀뫼4R-남 (북향),있음(비0),162,B형 검토,0,0.4762
2026-03-30,평일,01,멀뫼사거리-북 (남향),없음(NULL),,B형,0,0.4762
2026-03-30,평일,02,멀뫼사거리-동 (서향),있음(비0),63,B형 검토,0,0.4762
2026-03-30,평일,02,멀뫼사거리-서 (동향),있음(비0),125,B형 검토,0,0.4762
2026-03-30,평일,02,멀뫼4R-남 (북향),있음(비0),137,B형 검토,0,0.4762
2026-03-30,평일,02,멀뫼사거리-북 (남향),없음(NULL),,B형,0,0.4762
2026-03-30,평일,03,멀뫼사거리-동 (서향),있음(비0),58,B형 검토,0,0.4762
2026-03-30,평일,03,멀뫼사거리-서 (동향),있음(비0),115,B형 검토,0,0.4762
2026-03-30,평일,03,멀뫼4R-남 (북향),있음(비0),139,B형 검토,0,0.4762
2026-03-30,평일,03,멀뫼사거리-북 (남향),없음(NULL),,B형,0,0.4762
2026-03-30,평일,04,멀뫼사거리-동 (서향),있음(비0),91,B형 검토,0,0.4762
2026-03-30,평일,04,멀뫼사거리-서 (동향),있음(비0),251,B형 검토,0,0.4762
2026-03-30,평일,04,멀뫼4R-남 (북향),있음(비0),280,B형 검토,0,0.4762
2026-03-30,평일,04,멀뫼사거리-북 (남향),없음(NULL),,B형,0,0.4762
2026-03-30,평일,05,멀뫼사거리-동 (서향),있음(비0),177,B형 검토,0,0.4762
2026-03-30,평일,05,멀뫼사거리-서 (동향),있음(비0),438,B형 검토,0,0.4762
2026-03-30,평일,05,멀뫼4R-남 (북향),있음(비0),665,B형 검토,0,0.4762
2026-03-30,평일,05,멀뫼사거리-북 (남향),없음(NULL),,B형,0,0.4762
2026-03-30,평일,06,멀뫼사거리-동 (서향),있음(비0),233,B형 검토,0,0.4762
2026-03-30,평일,06,멀뫼사거리-서 (동향),있음(비0),554,B형 검토,0,0.4762
2026-03-30,평일,06,멀뫼4R-남 (북향),있음(비0),1157,B형 검토,0,0.4762
2026-03-30,평일,06,멀뫼사거리-북 (남향),없음(NULL),,B형,0,0.4762
2026-03-30,평일,07,멀뫼사거리-동 (서향),있음(비0),338,B형 검토,0,0.4762
2026-03-30,평일,07,멀뫼사거리-서 (동향),있음(비0),794,B형 검토,0,0.4762
2026-03-30,평일,07,멀뫼4R-남 (북향),있음(비0),1823,B형 검토,0,0.4762
2026-03-30,평일,07,멀뫼사거리-북 (남향),없음(NULL),,B형,0,0.4762
2026-03-30,평일,08,멀뫼사거리-동 (서향),있음(비0),492,B형 검토,0,0.4762
2026-03-30,평일,08,멀뫼사거리-서 (동향),있음(비0),806,B형 검토,0,0.4762
2026-03-30,평일,08,멀뫼4R-남 (북향),있음(비0),1868,B형 검토,0,0.4762
2026-03-30,평일,08,멀뫼사거리-북 (남향),없음(NULL),,B형,0,0.4762
2026-03-30,평일,09,멀뫼사거리-동 (서향),있음(비0),365,B형 검토,0,0.4762
2026-03-30,평일,09,멀뫼사거리-서 (동향),있음(비0),759,B형 검토,0,0.4762
2026-03-30,평일,09,멀뫼4R-남 (북향),있음(비0),1501,B형 검토,0,0.4762
2026-03-30,평일,09,멀뫼사거리-북 (남향),없음(NULL),,B형,0,0.4762
2026-03-30,평일,10,멀뫼사거리-동 (서향),있음(비0),364,B형 검토,0,0.5000
2026-03-30,평일,10,멀뫼사거리-서 (동향),있음(비0),762,B형 검토,0,0.5000
2026-03-30,평일,10,멀뫼4R-남 (북향),있음(비0),1323,B형 검토,0,0.5000
2026-03-30,평일,10,멀뫼사거리-북 (남향),없음(NULL),,B형,0,0.5000
2026-03-30,평일,11,멀뫼사거리-동 (서향),있음(비0),334,B형 검토,0,0.4762
2026-03-30,평일,11,멀뫼사거리-서 (동향),있음(비0),727,B형 검토,0,0.4762
2026-03-30,평일,11,멀뫼4R-남 (북향),있음(비0),1201,B형 검토,0,0.4762
2026-03-30,평일,11,멀뫼사거리-북 (남향),없음(NULL),,B형,0,0.4762
2026-03-30,평일,12,멀뫼사거리-동 (서향),있음(비0),314,B형 검토,0,0.4762
2026-03-30,평일,12,멀뫼사거리-서 (동향),있음(비0),666,B형 검토,0,0.4762
2026-03-30,평일,12,멀뫼4R-남 (북향),있음(비0),1139,B형 검토,0,0.4762
2026-03-30,평일,12,멀뫼사거리-북 (남향),없음(NULL),,B형,0,0.4762
2026-03-30,평일,13,멀뫼사거리-동 (서향),있음(비0),325,B형 검토,0,0.4762
2026-03-30,평일,13,멀뫼사거리-서 (동향),있음(비0),709,B형 검토,0,0.4762
2026-03-30,평일,13,멀뫼4R-남 (북향),있음(비0),1188,B형 검토,0,0.4762
2026-03-30,평일,13,멀뫼사거리-북 (남향),없음(NULL),,B형,0,0.4762
2026-03-30,평일,14,멀뫼사거리-동 (서향),있음(비0),330,B형 검토,0,0.4762
2026-03-30,평일,14,멀뫼사거리-서 (동향),있음(비0),759,B형 검토,0,0.4762
2026-03-30,평일,14,멀뫼4R-남 (북향),있음(비0),1339,B형 검토,0,0.4762
2026-03-30,평일,14,멀뫼사거리-북 (남향),없음(NULL),,B형,0,0.4762
2026-03-30,평일,15,멀뫼사거리-동 (서향),있음(비0),366,B형 검토,0,0.5000
2026-03-30,평일,15,멀뫼사거리-서 (동향),있음(비0),782,B형 검토,0,0.5000
2026-03-30,평일,15,멀뫼4R-남 (북향),있음(비0),1195,B형 검토,0,0.5000
2026-03-30,평일,15,멀뫼사거리-북 (남향),없음(NULL),,B형,0,0.5000
2026-03-30,평일,16,멀뫼사거리-동 (서향),있음(비0),382,B형 검토,0,0.4762
2026-03-30,평일,16,멀뫼사거리-서 (동향),있음(비0),818,B형 검토,0,0.4762
2026-03-30,평일,16,멀뫼4R-남 (북향),있음(비0),1288,B형 검토,0,0.4762
2026-03-30,평일,16,멀뫼사거리-북 (남향),없음(NULL),,B형,0,0.4762
2026-03-30,평일,17,멀뫼사거리-동 (서향),있음(비0),474,B형 검토,0,0.4762
2026-03-30,평일,17,멀뫼사거리-서 (동향),있음(비0),777,B형 검토,0,0.4762
2026-03-30,평일,17,멀뫼4R-남 (북향),있음(비0),1446,B형 검토,0,0.4762
2026-03-30,평일,17,멀뫼사거리-북 (남향),없음(NULL),,B형,0,0.4762
2026-03-30,평일,18,멀뫼사거리-동 (서향),있음(비0),486,B형 검토,0,0.4762
2026-03-30,평일,18,멀뫼사거리-서 (동향),있음(비0),687,B형 검토,0,0.4762
2026-03-30,평일,18,멀뫼4R-남 (북향),있음(비0),1418,B형 검토,0,0.4762
2026-03-30,평일,18,멀뫼사거리-북 (남향),없음(NULL),,B형,0,0.4762
2026-03-30,평일,19,멀뫼사거리-동 (서향),있음(비0),266,B형 검토,0,0.4762
2026-03-30,평일,19,멀뫼사거리-서 (동향),있음(비0),501,B형 검토,0,0.4762
2026-03-30,평일,19,멀뫼4R-남 (북향),있음(비0),1177,B형 검토,0,0.4762
2026-03-30,평일,19,멀뫼사거리-북 (남향),없음(NULL),,B형,0,0.4762
2026-03-30,평일,20,멀뫼사거리-동 (서향),있음(비0),207,B형 검토,0,0.4762
2026-03-30,평일,20,멀뫼사거리-서 (동향),있음(비0),456,B형 검토,0,0.4762
2026-03-30,평일,20,멀뫼4R-남 (북향),있음(비0),881,B형 검토,0,0.4762
2026-03-30,평일,20,멀뫼사거리-북 (남향),없음(NULL),,B형,0,0.4762
2026-03-30,평일,21,멀뫼사거리-동 (서향),있음(비0),196,B형 검토,0,0.4762
2026-03-30,평일,21,멀뫼사거리-서 (동향),있음(비0),458,B형 검토,0,0.4762
2026-03-30,평일,21,멀뫼4R-남 (북향),있음(비0),723,B형 검토,0,0.4762
2026-03-30,평일,21,멀뫼사거리-북 (남향),없음(NULL),,B형,0,0.4762
2026-03-30,평일,22,멀뫼사거리-동 (서향),있음(비0),126,B형 검토,0,0.4762
2026-03-30,평일,22,멀뫼사거리-서 (동향),있음(비0),335,B형 검토,0,0.4762
2026-03-30,평일,22,멀뫼4R-남 (북향),있음(비0),477,B형 검토,0,0.4762
2026-03-30,평일,22,멀뫼사거리-북 (남향),없음(NULL),,B형,0,0.4762
2026-03-30,평일,23,멀뫼사거리-동 (서향),있음(비0),76,B형 검토,0,0.4762
2026-03-30,평일,23,멀뫼사거리-서 (동향),있음(비0),219,B형 검토,0,0.4762
2026-03-30,평일,23,멀뫼4R-남 (북향),있음(비0),311,B형 검토,0,0.4762
2026-03-30,평일,23,멀뫼사거리-북 (남향),없음(NULL),,B형,0,0.4762
2026-03-31,평일,00,멀뫼사거리-동 (서향),있음(비0),78,B형 검토,0,0.4762
2026-03-31,평일,00,멀뫼사거리-서 (동향),있음(비0),156,B형 검토,0,0.4762
2026-03-31,평일,00,멀뫼4R-남 (북향),있음(비0),248,B형 검토,0,0.4762
2026-03-31,평일,00,멀뫼사거리-북 (남향),없음(NULL),,B형,0,0.4762
2026-03-31,평일,01,멀뫼사거리-동 (서향),있음(비0),61,B형 검토,0,0.4762
2026-03-31,평일,01,멀뫼사거리-서 (동향),있음(비0),86,B형 검토,0,0.4762
2026-03-31,평일,01,멀뫼4R-남 (북향),있음(비0),160,B형 검토,0,0.4762
2026-03-31,평일,01,멀뫼사거리-북 (남향),없음(NULL),,B형,0,0.4762
2026-03-31,평일,02,멀뫼사거리-동 (서향),있음(비0),47,B형 검토,0,0.4762
2026-03-31,평일,02,멀뫼사거리-서 (동향),있음(비0),68,B형 검토,0,0.4762
2026-03-31,평일,02,멀뫼4R-남 (북향),있음(비0),134,B형 검토,0,0.4762
2026-03-31,평일,02,멀뫼사거리-북 (남향),없음(NULL),,B형,0,0.4762
2026-03-31,평일,03,멀뫼사거리-동 (서향),있음(비0),47,B형 검토,0,0.4762
2026-03-31,평일,03,멀뫼사거리-서 (동향),있음(비0),98,B형 검토,0,0.4762
2026-03-31,평일,03,멀뫼4R-남 (북향),있음(비0),132,B형 검토,0,0.4762
2026-03-31,평일,03,멀뫼사거리-북 (남향),없음(NULL),,B형,0,0.4762
2026-03-31,평일,04,멀뫼사거리-동 (서향),있음(비0),79,B형 검토,0,0.4762
2026-03-31,평일,04,멀뫼사거리-서 (동향),있음(비0),174,B형 검토,0,0.4762
2026-03-31,평일,04,멀뫼4R-남 (북향),있음(비0),261,B형 검토,0,0.4762
2026-03-31,평일,04,멀뫼사거리-북 (남향),없음(NULL),,B형,0,0.4762
2026-03-31,평일,05,멀뫼사거리-동 (서향),있음(비0),136,B형 검토,0,0.4762
2026-03-31,평일,05,멀뫼사거리-서 (동향),있음(비0),305,B형 검토,0,0.4762
2026-03-31,평일,05,멀뫼4R-남 (북향),있음(비0),560,B형 검토,0,0.4762
2026-03-31,평일,05,멀뫼사거리-북 (남향),없음(NULL),,B형,0,0.4762
2026-03-31,평일,06,멀뫼사거리-동 (서향),있음(비0),230,B형 검토,0,0.4762
2026-03-31,평일,06,멀뫼사거리-서 (동향),있음(비0),522,B형 검토,0,0.4762
2026-03-31,평일,06,멀뫼4R-남 (북향),있음(비0),1033,B형 검토,0,0.4762
2026-03-31,평일,06,멀뫼사거리-북 (남향),없음(NULL),,B형,0,0.4762
2026-03-31,평일,07,멀뫼사거리-동 (서향),있음(비0),332,B형 검토,0,0.4762
2026-03-31,평일,07,멀뫼사거리-서 (동향),있음(비0),756,B형 검토,0,0.4762
2026-03-31,평일,07,멀뫼4R-남 (북향),있음(비0),1690,B형 검토,0,0.4762
2026-03-31,평일,07,멀뫼사거리-북 (남향),없음(NULL),,B형,0,0.4762
2026-03-31,평일,08,멀뫼사거리-동 (서향),있음(비0),469,B형 검토,0,0.4762
2026-03-31,평일,08,멀뫼사거리-서 (동향),있음(비0),836,B형 검토,0,0.4762
2026-03-31,평일,08,멀뫼4R-남 (북향),있음(비0),1817,B형 검토,0,0.4762
2026-03-31,평일,08,멀뫼사거리-북 (남향),없음(NULL),,B형,0,0.4762
2026-03-31,평일,09,멀뫼사거리-동 (서향),있음(비0),421,B형 검토,0,0.4762
2026-03-31,평일,09,멀뫼사거리-서 (동향),있음(비0),788,B형 검토,0,0.4762
2026-03-31,평일,09,멀뫼4R-남 (북향),있음(비0),1557,B형 검토,0,0.4762
2026-03-31,평일,09,멀뫼사거리-북 (남향),없음(NULL),,B형,0,0.4762
2026-03-31,평일,10,멀뫼사거리-동 (서향),있음(비0),350,B형 검토,0,0.5000
2026-03-31,평일,10,멀뫼사거리-서 (동향),있음(비0),788,B형 검토,0,0.5000
2026-03-31,평일,10,멀뫼4R-남 (북향),있음(비0),1387,B형 검토,0,0.5000
2026-03-31,평일,10,멀뫼사거리-북 (남향),없음(NULL),,B형,0,0.5000
2026-03-31,평일,11,멀뫼사거리-동 (서향),있음(비0),336,B형 검토,0,0.4762
2026-03-31,평일,11,멀뫼사거리-서 (동향),있음(비0),762,B형 검토,0,0.4762
2026-03-31,평일,11,멀뫼4R-남 (북향),있음(비0),1177,B형 검토,0,0.4762
2026-03-31,평일,11,멀뫼사거리-북 (남향),없음(NULL),,B형,0,0.4762
2026-03-31,평일,12,멀뫼사거리-동 (서향),있음(비0),303,B형 검토,0,0.4762
2026-03-31,평일,12,멀뫼사거리-서 (동향),있음(비0),742,B형 검토,0,0.4762
2026-03-31,평일,12,멀뫼4R-남 (북향),있음(비0),1200,B형 검토,0,0.4762
2026-03-31,평일,12,멀뫼사거리-북 (남향),없음(NULL),,B형,0,0.4762
2026-03-31,평일,13,멀뫼사거리-동 (서향),있음(비0),339,B형 검토,0,0.4762
2026-03-31,평일,13,멀뫼사거리-서 (동향),있음(비0),690,B형 검토,0,0.4762
2026-03-31,평일,13,멀뫼4R-남 (북향),있음(비0),1267,B형 검토,0,0.4762
2026-03-31,평일,13,멀뫼사거리-북 (남향),없음(NULL),,B형,0,0.4762
2026-03-31,평일,14,멀뫼사거리-동 (서향),있음(비0),350,B형 검토,0,0.4762
2026-03-31,평일,14,멀뫼사거리-서 (동향),있음(비0),767,B형 검토,0,0.4762
2026-03-31,평일,14,멀뫼4R-남 (북향),있음(비0),1275,B형 검토,0,0.4762
2026-03-31,평일,14,멀뫼사거리-북 (남향),없음(NULL),,B형,0,0.4762
2026-03-31,평일,15,멀뫼사거리-동 (서향),있음(비0),362,B형 검토,0,0.5000
2026-03-31,평일,15,멀뫼사거리-서 (동향),있음(비0),803,B형 검토,0,0.5000
2026-03-31,평일,15,멀뫼4R-남 (북향),있음(비0),1353,B형 검토,0,0.5000
2026-03-31,평일,15,멀뫼사거리-북 (남향),없음(NULL),,B형,0,0.5000
2026-03-31,평일,16,멀뫼사거리-동 (서향),있음(비0),346,B형 검토,0,0.4762
2026-03-31,평일,16,멀뫼사거리-서 (동향),있음(비0),813,B형 검토,0,0.4762
2026-03-31,평일,16,멀뫼4R-남 (북향),있음(비0),1378,B형 검토,0,0.4762
2026-03-31,평일,16,멀뫼사거리-북 (남향),없음(NULL),,B형,0,0.4762
2026-03-31,평일,17,멀뫼사거리-동 (서향),있음(비0),443,B형 검토,0,0.4762
2026-03-31,평일,17,멀뫼사거리-서 (동향),있음(비0),728,B형 검토,0,0.4762
2026-03-31,평일,17,멀뫼4R-남 (북향),있음(비0),1409,B형 검토,0,0.4762
2026-03-31,평일,17,멀뫼사거리-북 (남향),없음(NULL),,B형,0,0.4762
2026-03-31,평일,18,멀뫼사거리-동 (서향),있음(비0),462,B형 검토,0,0.4762
2026-03-31,평일,18,멀뫼사거리-서 (동향),있음(비0),783,B형 검토,0,0.4762
2026-03-31,평일,18,멀뫼4R-남 (북향),있음(비0),1419,B형 검토,0,0.4762
2026-03-31,평일,18,멀뫼사거리-북 (남향),없음(NULL),,B형,0,0.4762
2026-03-31,평일,19,멀뫼사거리-동 (서향),있음(비0),249,B형 검토,0,0.4762
2026-03-31,평일,19,멀뫼사거리-서 (동향),있음(비0),488,B형 검토,0,0.4762
2026-03-31,평일,19,멀뫼4R-남 (북향),있음(비0),1160,B형 검토,0,0.4762
2026-03-31,평일,19,멀뫼사거리-북 (남향),없음(NULL),,B형,0,0.4762
2026-03-31,평일,20,멀뫼사거리-동 (서향),있음(비0),223,B형 검토,0,0.4762
2026-03-31,평일,20,멀뫼사거리-서 (동향),있음(비0),484,B형 검토,0,0.4762
2026-03-31,평일,20,멀뫼4R-남 (북향),있음(비0),894,B형 검토,0,0.4762
2026-03-31,평일,20,멀뫼사거리-북 (남향),없음(NULL),,B형,0,0.4762
2026-03-31,평일,21,멀뫼사거리-동 (서향),있음(비0),172,B형 검토,0,0.4762
2026-03-31,평일,21,멀뫼사거리-서 (동향),있음(비0),413,B형 검토,0,0.4762
2026-03-31,평일,21,멀뫼4R-남 (북향),있음(비0),762,B형 검토,0,0.4762
2026-03-31,평일,21,멀뫼사거리-북 (남향),없음(NULL),,B형,0,0.4762
2026-03-31,평일,22,멀뫼사거리-동 (서향),있음(비0),151,B형 검토,0,0.4762
2026-03-31,평일,22,멀뫼사거리-서 (동향),있음(비0),366,B형 검토,0,0.4762
2026-03-31,평일,22,멀뫼4R-남 (북향),있음(비0),604,B형 검토,0,0.4762
2026-03-31,평일,22,멀뫼사거리-북 (남향),없음(NULL),,B형,0,0.4762
2026-03-31,평일,23,멀뫼사거리-동 (서향),있음(비0),118,B형 검토,0,0.4762
2026-03-31,평일,23,멀뫼사거리-서 (동향),있음(비0),267,B형 검토,0,0.4762
2026-03-31,평일,23,멀뫼4R-남 (북향),있음(비0),401,B형 검토,0,0.4762
2026-03-31,평일,23,멀뫼사거리-북 (남향),없음(NULL),,B형,0,0.4762
2026-04-01,평일,00,멀뫼사거리-동 (서향),있음(비0),85,B형 검토,0,0.1364
2026-04-01,평일,00,멀뫼사거리-서 (동향),있음(비0),199,B형 검토,0,0.1364
2026-04-01,평일,00,멀뫼4R-남 (북향),있음(비0),298,B형 검토,0,0.1364
2026-04-01,평일,00,멀뫼사거리-북 (남향),없음(NULL),,A형 가능,0,0.1364
2026-04-01,평일,01,멀뫼사거리-동 (서향),있음(비0),66,B형 검토,0,0.1364
2026-04-01,평일,01,멀뫼사거리-서 (동향),있음(비0),155,B형 검토,0,0.1364
2026-04-01,평일,01,멀뫼4R-남 (북향),있음(비0),195,B형 검토,0,0.1364
2026-04-01,평일,01,멀뫼사거리-북 (남향),없음(NULL),,A형 가능,0,0.1364
2026-04-01,평일,02,멀뫼사거리-동 (서향),있음(비0),74,B형 검토,0,0.1364
2026-04-01,평일,02,멀뫼사거리-서 (동향),있음(비0),146,B형 검토,0,0.1364
2026-04-01,평일,02,멀뫼4R-남 (북향),있음(비0),167,B형 검토,0,0.1364
2026-04-01,평일,02,멀뫼사거리-북 (남향),없음(NULL),,A형 가능,0,0.1364
2026-04-01,평일,03,멀뫼사거리-동 (서향),있음(비0),59,B형 검토,0,0.1364
2026-04-01,평일,03,멀뫼사거리-서 (동향),있음(비0),127,B형 검토,0,0.1364
2026-04-01,평일,03,멀뫼4R-남 (북향),있음(비0),137,B형 검토,0,0.1364
2026-04-01,평일,03,멀뫼사거리-북 (남향),없음(NULL),,A형 가능,0,0.1364
2026-04-01,평일,04,멀뫼사거리-동 (서향),있음(비0),99,B형 검토,0,0.1364
2026-04-01,평일,04,멀뫼사거리-서 (동향),있음(비0),236,B형 검토,0,0.1364
2026-04-01,평일,04,멀뫼4R-남 (북향),있음(비0),317,B형 검토,0,0.1364
2026-04-01,평일,04,멀뫼사거리-북 (남향),없음(NULL),,A형 가능,0,0.1364
2026-04-01,평일,05,멀뫼사거리-동 (서향),있음(비0),151,B형 검토,0,0.1364
2026-04-01,평일,05,멀뫼사거리-서 (동향),있음(비0),413,B형 검토,0,0.1364
2026-04-01,평일,05,멀뫼4R-남 (북향),있음(비0),676,B형 검토,0,0.1364
2026-04-01,평일,05,멀뫼사거리-북 (남향),없음(NULL),,A형 가능,0,0.1364
2026-04-01,평일,06,멀뫼사거리-동 (서향),있음(비0),240,B형 검토,0,0.1364
2026-04-01,평일,06,멀뫼사거리-서 (동향),있음(비0),568,B형 검토,0,0.1364
2026-04-01,평일,06,멀뫼4R-남 (북향),있음(비0),1044,B형 검토,0,0.1364
2026-04-01,평일,06,멀뫼사거리-북 (남향),없음(NULL),,A형 가능,0,0.1364
2026-04-01,평일,07,멀뫼사거리-동 (서향),있음(비0),323,B형 검토,0,0.1364
2026-04-01,평일,07,멀뫼사거리-서 (동향),있음(비0),765,B형 검토,0,0.1364
2026-04-01,평일,07,멀뫼4R-남 (북향),있음(비0),1712,B형 검토,0,0.1364
2026-04-01,평일,07,멀뫼사거리-북 (남향),없음(NULL),,A형 가능,0,0.1364
2026-04-01,평일,08,멀뫼사거리-동 (서향),있음(비0),467,B형 검토,0,0.1364
2026-04-01,평일,08,멀뫼사거리-서 (동향),있음(비0),799,B형 검토,0,0.1364
2026-04-01,평일,08,멀뫼4R-남 (북향),있음(비0),1833,B형 검토,0,0.1364
2026-04-01,평일,08,멀뫼사거리-북 (남향),없음(NULL),,A형 가능,0,0.1364
2026-04-01,평일,09,멀뫼사거리-동 (서향),있음(비0),436,B형 검토,0,0.1364
2026-04-01,평일,09,멀뫼사거리-서 (동향),있음(비0),756,B형 검토,0,0.1364
2026-04-01,평일,09,멀뫼4R-남 (북향),있음(비0),1519,B형 검토,0,0.1364
2026-04-01,평일,09,멀뫼사거리-북 (남향),없음(NULL),,A형 가능,0,0.1364
2026-04-01,평일,10,멀뫼사거리-동 (서향),있음(비0),350,B형 검토,0,0.0909
2026-04-01,평일,10,멀뫼사거리-서 (동향),있음(비0),725,B형 검토,0,0.0909
2026-04-01,평일,10,멀뫼4R-남 (북향),있음(비0),1323,B형 검토,0,0.1136
2026-04-01,평일,10,멀뫼사거리-북 (남향),없음(NULL),,A형 가능,0,0.1136
2026-04-01,평일,11,멀뫼사거리-동 (서향),있음(비0),317,B형 검토,0,0.0909
2026-04-01,평일,11,멀뫼사거리-서 (동향),있음(비0),740,B형 검토,0,0.0909
2026-04-01,평일,11,멀뫼4R-남 (북향),있음(비0),1241,B형 검토,0,0.0909
2026-04-01,평일,11,멀뫼사거리-북 (남향),없음(NULL),,A형 가능,0,0.0909
2026-04-01,평일,12,멀뫼사거리-동 (서향),있음(비0),329,B형 검토,0,0.0909
2026-04-01,평일,12,멀뫼사거리-서 (동향),있음(비0),712,B형 검토,0,0.0909
2026-04-01,평일,12,멀뫼4R-남 (북향),있음(비0),1204,B형 검토,0,0.0909
2026-04-01,평일,12,멀뫼사거리-북 (남향),없음(NULL),,A형 가능,0,0.0909
2026-04-01,평일,13,멀뫼사거리-동 (서향),있음(비0),324,B형 검토,0,0.0909
2026-04-01,평일,13,멀뫼사거리-서 (동향),있음(비0),731,B형 검토,0,0.0909
2026-04-01,평일,13,멀뫼4R-남 (북향),있음(비0),1201,B형 검토,0,0.0909
2026-04-01,평일,13,멀뫼사거리-북 (남향),있음(비0),327,B형 검토,0,0.0909
2026-04-01,평일,14,멀뫼사거리-동 (서향),있음(비0),343,B형 검토,0,0.0909
2026-04-01,평일,14,멀뫼사거리-서 (동향),있음(비0),774,B형 검토,0,0.0909
2026-04-01,평일,14,멀뫼4R-남 (북향),있음(비0),1341,B형 검토,0,0.0909
2026-04-01,평일,14,멀뫼사거리-북 (남향),있음(비0),514,B형 검토,0,0.0909
2026-04-01,평일,15,멀뫼사거리-동 (서향),있음(비0),343,B형 검토,0,0.0909
2026-04-01,평일,15,멀뫼사거리-서 (동향),있음(비0),801,B형 검토,0,0.0909
2026-04-01,평일,15,멀뫼4R-남 (북향),있음(비0),1332,B형 검토,0,0.0909
2026-04-01,평일,15,멀뫼사거리-북 (남향),있음(비0),517,B형 검토,0,0.0909
2026-04-01,평일,16,멀뫼사거리-동 (서향),있음(비0),389,B형 검토,0,0.1136
2026-04-01,평일,16,멀뫼사거리-서 (동향),있음(비0),844,B형 검토,0,0.1136
2026-04-01,평일,16,멀뫼4R-남 (북향),있음(비0),1406,B형 검토,0,0.1136
2026-04-01,평일,16,멀뫼사거리-북 (남향),있음(비0),520,B형 검토,0,0.1136
2026-04-01,평일,17,멀뫼사거리-동 (서향),있음(비0),467,B형 검토,0,0.1136
2026-04-01,평일,17,멀뫼사거리-서 (동향),있음(비0),767,B형 검토,0,0.1136
2026-04-01,평일,17,멀뫼4R-남 (북향),있음(비0),1416,B형 검토,0,0.1136
2026-04-01,평일,17,멀뫼사거리-북 (남향),있음(비0),504,B형 검토,0,0.1136
2026-04-01,평일,18,멀뫼사거리-동 (서향),있음(비0),484,B형 검토,0,0.1136
2026-04-01,평일,18,멀뫼사거리-서 (동향),있음(비0),724,B형 검토,0,0.1136
2026-04-01,평일,18,멀뫼4R-남 (북향),있음(비0),1463,B형 검토,0,0.1136
2026-04-01,평일,18,멀뫼사거리-북 (남향),있음(비0),483,B형 검토,0,0.1136
2026-04-01,평일,19,멀뫼사거리-동 (서향),있음(비0),266,B형 검토,0,0.1136
2026-04-01,평일,19,멀뫼사거리-서 (동향),있음(비0),568,B형 검토,0,0.1136
2026-04-01,평일,19,멀뫼4R-남 (북향),있음(비0),1231,B형 검토,0,0.1136
2026-04-01,평일,19,멀뫼사거리-북 (남향),있음(비0),541,B형 검토,0,0.1136
2026-04-01,평일,20,멀뫼사거리-동 (서향),있음(비0),239,B형 검토,0,0.1136
2026-04-01,평일,20,멀뫼사거리-서 (동향),있음(비0),497,B형 검토,0,0.1136
2026-04-01,평일,20,멀뫼4R-남 (북향),있음(비0),949,B형 검토,0,0.1136
2026-04-01,평일,20,멀뫼사거리-북 (남향),있음(비0),450,B형 검토,0,0.1136
2026-04-01,평일,21,멀뫼사거리-동 (서향),있음(비0),181,B형 검토,0,0.1136
2026-04-01,평일,21,멀뫼사거리-서 (동향),있음(비0),416,B형 검토,0,0.1136
2026-04-01,평일,21,멀뫼4R-남 (북향),있음(비0),782,B형 검토,0,0.1136
2026-04-01,평일,21,멀뫼사거리-북 (남향),있음(비0),408,B형 검토,0,0.1136
2026-04-01,평일,22,멀뫼사거리-동 (서향),있음(비0),149,B형 검토,0,0.1136
2026-04-01,평일,22,멀뫼사거리-서 (동향),있음(비0),343,B형 검토,0,0.1136
2026-04-01,평일,22,멀뫼4R-남 (북향),있음(비0),549,B형 검토,0,0.1136
2026-04-01,평일,22,멀뫼사거리-북 (남향),있음(비0),263,B형 검토,0,0.1136
2026-04-01,평일,23,멀뫼사거리-동 (서향),있음(비0),130,B형 검토,0,0.1136
2026-04-01,평일,23,멀뫼사거리-서 (동향),있음(비0),284,B형 검토,0,0.1136
2026-04-01,평일,23,멀뫼4R-남 (북향),있음(비0),390,B형 검토,0,0.1136
2026-04-01,평일,23,멀뫼사거리-북 (남향),있음(비0),186,B형 검토,0,0.1136
2026-04-02,평일,00,멀뫼사거리-동 (서향),있음(비0),111,B형 검토,0,0.1364
2026-04-02,평일,00,멀뫼사거리-서 (동향),있음(비0),210,B형 검토,0,0.1364
2026-04-02,평일,00,멀뫼4R-남 (북향),있음(비0),303,B형 검토,0,0.1364
2026-04-02,평일,00,멀뫼사거리-북 (남향),있음(비0),136,B형 검토,0,0.1364
2026-04-02,평일,01,멀뫼사거리-동 (서향),있음(비0),78,B형 검토,0,0.1364
2026-04-02,평일,01,멀뫼사거리-서 (동향),있음(비0),157,B형 검토,0,0.1364
2026-04-02,평일,01,멀뫼4R-남 (북향),있음(비0),206,B형 검토,0,0.1364
2026-04-02,평일,01,멀뫼사거리-북 (남향),있음(비0),100,B형 검토,0,0.1364
2026-04-02,평일,02,멀뫼사거리-동 (서향),있음(비0),71,B형 검토,0,0.1364
2026-04-02,평일,02,멀뫼사거리-서 (동향),있음(비0),131,B형 검토,0,0.1364
2026-04-02,평일,02,멀뫼4R-남 (북향),있음(비0),149,B형 검토,0,0.1364
2026-04-02,평일,02,멀뫼사거리-북 (남향),있음(비0),72,B형 검토,0,0.1364
2026-04-02,평일,03,멀뫼사거리-동 (서향),있음(비0),54,B형 검토,0,0.1364
2026-04-02,평일,03,멀뫼사거리-서 (동향),있음(비0),115,B형 검토,0,0.1364
2026-04-02,평일,03,멀뫼4R-남 (북향),있음(비0),172,B형 검토,0,0.1364
2026-04-02,평일,03,멀뫼사거리-북 (남향),있음(비0),71,B형 검토,0,0.1364
2026-04-02,평일,04,멀뫼사거리-동 (서향),있음(비0),103,B형 검토,0,0.1364
2026-04-02,평일,04,멀뫼사거리-서 (동향),있음(비0),232,B형 검토,0,0.1364
2026-04-02,평일,04,멀뫼4R-남 (북향),있음(비0),287,B형 검토,0,0.1364
2026-04-02,평일,04,멀뫼사거리-북 (남향),있음(비0),167,B형 검토,0,0.1364
2026-04-02,평일,05,멀뫼사거리-동 (서향),있음(비0),136,B형 검토,0,0.1364
2026-04-02,평일,05,멀뫼사거리-서 (동향),있음(비0),391,B형 검토,0,0.1364
2026-04-02,평일,05,멀뫼4R-남 (북향),있음(비0),665,B형 검토,0,0.1364
2026-04-02,평일,05,멀뫼사거리-북 (남향),있음(비0),322,B형 검토,0,0.1364
2026-04-02,평일,06,멀뫼사거리-동 (서향),있음(비0),242,B형 검토,0,0.1364
2026-04-02,평일,06,멀뫼사거리-서 (동향),있음(비0),563,B형 검토,0,0.1364
2026-04-02,평일,06,멀뫼4R-남 (북향),있음(비0),1095,B형 검토,0,0.1364
2026-04-02,평일,06,멀뫼사거리-북 (남향),있음(비0),444,B형 검토,0,0.1364
2026-04-02,평일,07,멀뫼사거리-동 (서향),있음(비0),336,B형 검토,0,0.1364
2026-04-02,평일,07,멀뫼사거리-서 (동향),있음(비0),755,B형 검토,0,0.1364
2026-04-02,평일,07,멀뫼4R-남 (북향),있음(비0),1772,B형 검토,0,0.1364
2026-04-02,평일,07,멀뫼사거리-북 (남향),있음(비0),446,B형 검토,0,0.1364
2026-04-02,평일,08,멀뫼사거리-동 (서향),있음(비0),461,B형 검토,0,0.1364
2026-04-02,평일,08,멀뫼사거리-서 (동향),있음(비0),806,B형 검토,0,0.1364
2026-04-02,평일,08,멀뫼4R-남 (북향),있음(비0),1822,B형 검토,0,0.1364
2026-04-02,평일,08,멀뫼사거리-북 (남향),있음(비0),442,B형 검토,0,0.1364
2026-04-02,평일,09,멀뫼사거리-동 (서향),있음(비0),391,B형 검토,0,0.1364
2026-04-02,평일,09,멀뫼사거리-서 (동향),있음(비0),753,B형 검토,0,0.1364
2026-04-02,평일,09,멀뫼4R-남 (북향),있음(비0),1521,B형 검토,0,0.1364
2026-04-02,평일,09,멀뫼사거리-북 (남향),있음(비0),469,B형 검토,0,0.1364
2026-04-02,평일,10,멀뫼사거리-동 (서향),있음(비0),334,B형 검토,0,0.0909
2026-04-02,평일,10,멀뫼사거리-서 (동향),있음(비0),748,B형 검토,0,0.0909
2026-04-02,평일,10,멀뫼4R-남 (북향),있음(비0),1342,B형 검토,0,0.1136
2026-04-02,평일,10,멀뫼사거리-북 (남향),있음(비0),451,B형 검토,0,0.1136
2026-04-02,평일,11,멀뫼사거리-동 (서향),있음(비0),313,B형 검토,0,0.0909
2026-04-02,평일,11,멀뫼사거리-서 (동향),있음(비0),737,B형 검토,0,0.0909
2026-04-02,평일,11,멀뫼4R-남 (북향),있음(비0),1259,B형 검토,0,0.0909
2026-04-02,평일,11,멀뫼사거리-북 (남향),있음(비0),487,B형 검토,0,0.0909
2026-04-02,평일,12,멀뫼사거리-동 (서향),있음(비0),305,B형 검토,0,0.0909
2026-04-02,평일,12,멀뫼사거리-서 (동향),있음(비0),697,B형 검토,0,0.0909
2026-04-02,평일,12,멀뫼4R-남 (북향),있음(비0),1155,B형 검토,0,0.0909
2026-04-02,평일,12,멀뫼사거리-북 (남향),있음(비0),483,B형 검토,0,0.0909
2026-04-02,평일,13,멀뫼사거리-동 (서향),있음(비0),357,B형 검토,0,0.0909
2026-04-02,평일,13,멀뫼사거리-서 (동향),있음(비0),682,B형 검토,0,0.0909
2026-04-02,평일,13,멀뫼4R-남 (북향),있음(비0),1292,B형 검토,0,0.0909
2026-04-02,평일,13,멀뫼사거리-북 (남향),있음(비0),496,B형 검토,0,0.0909
2026-04-02,평일,14,멀뫼사거리-동 (서향),있음(비0),322,B형 검토,0,0.0909
2026-04-02,평일,14,멀뫼사거리-서 (동향),있음(비0),781,B형 검토,0,0.0909
2026-04-02,평일,14,멀뫼4R-남 (북향),있음(비0),1318,B형 검토,0,0.0909
2026-04-02,평일,14,멀뫼사거리-북 (남향),있음(비0),498,B형 검토,0,0.0909
2026-04-02,평일,15,멀뫼사거리-동 (서향),있음(비0),354,B형 검토,0,0.0909
2026-04-02,평일,15,멀뫼사거리-서 (동향),있음(비0),732,B형 검토,0,0.0909
2026-04-02,평일,15,멀뫼4R-남 (북향),있음(비0),1407,B형 검토,0,0.0909
2026-04-02,평일,15,멀뫼사거리-북 (남향),있음(비0),495,B형 검토,0,0.0909
2026-04-02,평일,16,멀뫼사거리-동 (서향),있음(비0),389,B형 검토,0,0.1136
2026-04-02,평일,16,멀뫼사거리-서 (동향),있음(비0),835,B형 검토,0,0.1136
2026-04-02,평일,16,멀뫼4R-남 (북향),있음(비0),1346,B형 검토,0,0.1136
2026-04-02,평일,16,멀뫼사거리-북 (남향),있음(비0),522,B형 검토,0,0.1136
2026-04-02,평일,17,멀뫼사거리-동 (서향),있음(비0),501,B형 검토,0,0.1136
2026-04-02,평일,17,멀뫼사거리-서 (동향),있음(비0),777,B형 검토,0,0.1136
2026-04-02,평일,17,멀뫼4R-남 (북향),있음(비0),1473,B형 검토,0,0.1136
2026-04-02,평일,17,멀뫼사거리-북 (남향),있음(비0),463,B형 검토,0,0.1136
2026-04-02,평일,18,멀뫼사거리-동 (서향),있음(비0),504,B형 검토,0,0.1136
2026-04-02,평일,18,멀뫼사거리-서 (동향),있음(비0),730,B형 검토,0,0.1136
2026-04-02,평일,18,멀뫼4R-남 (북향),있음(비0),1358,B형 검토,0,0.1136
2026-04-02,평일,18,멀뫼사거리-북 (남향),있음(비0),466,B형 검토,0,0.1136
2026-04-02,평일,19,멀뫼사거리-동 (서향),있음(비0),267,B형 검토,0,0.1136
2026-04-02,평일,19,멀뫼사거리-서 (동향),있음(비0),513,B형 검토,0,0.1136
2026-04-02,평일,19,멀뫼4R-남 (북향),있음(비0),1222,B형 검토,0,0.1136
2026-04-02,평일,19,멀뫼사거리-북 (남향),있음(비0),488,B형 검토,0,0.1136
2026-04-02,평일,20,멀뫼사거리-동 (서향),있음(비0),232,B형 검토,0,0.1136
2026-04-02,평일,20,멀뫼사거리-서 (동향),있음(비0),425,B형 검토,0,0.1136
2026-04-02,평일,20,멀뫼4R-남 (북향),있음(비0),964,B형 검토,0,0.1136
2026-04-02,평일,20,멀뫼사거리-북 (남향),있음(비0),435,B형 검토,0,0.1136
2026-04-02,평일,21,멀뫼사거리-동 (서향),있음(비0),198,B형 검토,0,0.1136
2026-04-02,평일,21,멀뫼사거리-서 (동향),있음(비0),413,B형 검토,0,0.1136
2026-04-02,평일,21,멀뫼4R-남 (북향),있음(비0),777,B형 검토,0,0.1136
2026-04-02,평일,21,멀뫼사거리-북 (남향),있음(비0),374,B형 검토,0,0.1136
2026-04-02,평일,22,멀뫼사거리-동 (서향),있음(비0),148,B형 검토,0,0.1136
2026-04-02,평일,22,멀뫼사거리-서 (동향),있음(비0),395,B형 검토,0,0.1136
2026-04-02,평일,22,멀뫼4R-남 (북향),있음(비0),595,B형 검토,0,0.1136
2026-04-02,평일,22,멀뫼사거리-북 (남향),있음(비0),278,B형 검토,0,0.1136
2026-04-02,평일,23,멀뫼사거리-동 (서향),있음(비0),109,B형 검토,0,0.1136
2026-04-02,평일,23,멀뫼사거리-서 (동향),있음(비0),321,B형 검토,0,0.1136
2026-04-02,평일,23,멀뫼4R-남 (북향),있음(비0),430,B형 검토,0,0.1136
2026-04-02,평일,23,멀뫼사거리-북 (남향),있음(비0),173,B형 검토,0,0.1136
2026-04-03,평일,00,멀뫼사거리-동 (서향),있음(비0),115,B형 검토,0,0.1364
2026-04-03,평일,00,멀뫼사거리-서 (동향),있음(비0),223,B형 검토,0,0.1364
2026-04-03,평일,00,멀뫼4R-남 (북향),있음(비0),311,B형 검토,0,0.1364
2026-04-03,평일,00,멀뫼사거리-북 (남향),있음(비0),109,B형 검토,0,0.1364
2026-04-03,평일,01,멀뫼사거리-동 (서향),있음(비0),90,B형 검토,0,0.1364
2026-04-03,평일,01,멀뫼사거리-서 (동향),있음(비0),155,B형 검토,0,0.1364
2026-04-03,평일,01,멀뫼4R-남 (북향),있음(비0),230,B형 검토,0,0.1364
2026-04-03,평일,01,멀뫼사거리-북 (남향),있음(비0),107,B형 검토,0,0.1364
2026-04-03,평일,02,멀뫼사거리-동 (서향),있음(비0),67,B형 검토,0,0.1364
2026-04-03,평일,02,멀뫼사거리-서 (동향),있음(비0),124,B형 검토,0,0.1364
2026-04-03,평일,02,멀뫼4R-남 (북향),있음(비0),155,B형 검토,0,0.1364
2026-04-03,평일,02,멀뫼사거리-북 (남향),있음(비0),60,B형 검토,0,0.1364
2026-04-03,평일,03,멀뫼사거리-동 (서향),있음(비0),64,B형 검토,0,0.1364
2026-04-03,평일,03,멀뫼사거리-서 (동향),있음(비0),112,B형 검토,0,0.1364
2026-04-03,평일,03,멀뫼4R-남 (북향),있음(비0),163,B형 검토,0,0.1364
2026-04-03,평일,03,멀뫼사거리-북 (남향),있음(비0),92,B형 검토,0,0.1364
2026-04-03,평일,04,멀뫼사거리-동 (서향),있음(비0),84,B형 검토,0,0.1364
2026-04-03,평일,04,멀뫼사거리-서 (동향),있음(비0),221,B형 검토,0,0.1364
2026-04-03,평일,04,멀뫼4R-남 (북향),있음(비0),317,B형 검토,0,0.1364
2026-04-03,평일,04,멀뫼사거리-북 (남향),있음(비0),130,B형 검토,0,0.1364
2026-04-03,평일,05,멀뫼사거리-동 (서향),있음(비0),148,B형 검토,0,0.1364
2026-04-03,평일,05,멀뫼사거리-서 (동향),있음(비0),397,B형 검토,0,0.1364
2026-04-03,평일,05,멀뫼4R-남 (북향),있음(비0),654,B형 검토,0,0.1364
2026-04-03,평일,05,멀뫼사거리-북 (남향),있음(비0),344,B형 검토,0,0.1364
2026-04-03,평일,06,멀뫼사거리-동 (서향),있음(비0),228,B형 검토,0,0.1364
2026-04-03,평일,06,멀뫼사거리-서 (동향),있음(비0),553,B형 검토,0,0.1364
2026-04-03,평일,06,멀뫼4R-남 (북향),있음(비0),1044,B형 검토,0,0.1364
2026-04-03,평일,06,멀뫼사거리-북 (남향),있음(비0),440,B형 검토,0,0.1364
2026-04-03,평일,07,멀뫼사거리-동 (서향),있음(비0),345,B형 검토,0,0.1364
2026-04-03,평일,07,멀뫼사거리-서 (동향),있음(비0),731,B형 검토,0,0.1364
2026-04-03,평일,07,멀뫼4R-남 (북향),있음(비0),1689,B형 검토,0,0.1364
2026-04-03,평일,07,멀뫼사거리-북 (남향),있음(비0),438,B형 검토,0,0.1364
2026-04-03,평일,08,멀뫼사거리-동 (서향),있음(비0),476,B형 검토,0,0.1364
2026-04-03,평일,08,멀뫼사거리-서 (동향),있음(비0),818,B형 검토,0,0.1364
2026-04-03,평일,08,멀뫼4R-남 (북향),있음(비0),1841,B형 검토,0,0.1364
2026-04-03,평일,08,멀뫼사거리-북 (남향),있음(비0),435,B형 검토,0,0.1364
2026-04-03,평일,09,멀뫼사거리-동 (서향),있음(비0),432,B형 검토,0,0.1364
2026-04-03,평일,09,멀뫼사거리-서 (동향),있음(비0),773,B형 검토,0,0.1364
2026-04-03,평일,09,멀뫼4R-남 (북향),있음(비0),1549,B형 검토,0,0.1364
2026-04-03,평일,09,멀뫼사거리-북 (남향),있음(비0),473,B형 검토,0,0.1364
2026-04-03,평일,10,멀뫼사거리-동 (서향),있음(비0),347,B형 검토,0,0.0909
2026-04-03,평일,10,멀뫼사거리-서 (동향),있음(비0),740,B형 검토,0,0.0909
2026-04-03,평일,10,멀뫼4R-남 (북향),있음(비0),1306,B형 검토,0,0.1136
2026-04-03,평일,10,멀뫼사거리-북 (남향),있음(비0),471,B형 검토,0,0.1136
2026-04-03,평일,11,멀뫼사거리-동 (서향),있음(비0),315,B형 검토,0,0.0909
2026-04-03,평일,11,멀뫼사거리-서 (동향),있음(비0),746,B형 검토,0,0.0909
2026-04-03,평일,11,멀뫼4R-남 (북향),있음(비0),1205,B형 검토,0,0.0909
2026-04-03,평일,11,멀뫼사거리-북 (남향),있음(비0),493,B형 검토,0,0.0909
2026-04-03,평일,12,멀뫼사거리-동 (서향),있음(비0),328,B형 검토,0,0.0909
2026-04-03,평일,12,멀뫼사거리-서 (동향),있음(비0),761,B형 검토,0,0.0909
2026-04-03,평일,12,멀뫼4R-남 (북향),있음(비0),1161,B형 검토,0,0.0909
2026-04-03,평일,12,멀뫼사거리-북 (남향),있음(비0),495,B형 검토,0,0.0909
2026-04-03,평일,13,멀뫼사거리-동 (서향),있음(비0),311,B형 검토,0,0.0909
2026-04-03,평일,13,멀뫼사거리-서 (동향),있음(비0),751,B형 검토,0,0.0909
2026-04-03,평일,13,멀뫼4R-남 (북향),있음(비0),1286,B형 검토,0,0.0909
2026-04-03,평일,13,멀뫼사거리-북 (남향),있음(비0),485,B형 검토,0,0.0909
2026-04-03,평일,14,멀뫼사거리-동 (서향),있음(비0),361,B형 검토,0,0.0909
2026-04-03,평일,14,멀뫼사거리-서 (동향),있음(비0),790,B형 검토,0,0.0909
2026-04-03,평일,14,멀뫼4R-남 (북향),있음(비0),1383,B형 검토,0,0.0909
2026-04-03,평일,14,멀뫼사거리-북 (남향),있음(비0),467,B형 검토,0,0.0909
2026-04-03,평일,15,멀뫼사거리-동 (서향),있음(비0),370,B형 검토,0,0.0909
2026-04-03,평일,15,멀뫼사거리-서 (동향),있음(비0),829,B형 검토,0,0.0909
2026-04-03,평일,15,멀뫼4R-남 (북향),있음(비0),1373,B형 검토,0,0.0909
2026-04-03,평일,15,멀뫼사거리-북 (남향),있음(비0),455,B형 검토,0,0.0909
2026-04-03,평일,16,멀뫼사거리-동 (서향),있음(비0),439,B형 검토,0,0.1136
2026-04-03,평일,16,멀뫼사거리-서 (동향),있음(비0),843,B형 검토,0,0.1136
2026-04-03,평일,16,멀뫼4R-남 (북향),있음(비0),1362,B형 검토,0,0.1136
2026-04-03,평일,16,멀뫼사거리-북 (남향),있음(비0),444,B형 검토,0,0.1136
2026-04-03,평일,17,멀뫼사거리-동 (서향),있음(비0),514,B형 검토,0,0.1136
2026-04-03,평일,17,멀뫼사거리-서 (동향),있음(비0),730,B형 검토,0,0.1136
2026-04-03,평일,17,멀뫼4R-남 (북향),있음(비0),1434,B형 검토,0,0.1136
2026-04-03,평일,17,멀뫼사거리-북 (남향),있음(비0),457,B형 검토,0,0.1136
2026-04-03,평일,18,멀뫼사거리-동 (서향),있음(비0),500,B형 검토,0,0.1136
2026-04-03,평일,18,멀뫼사거리-서 (동향),있음(비0),752,B형 검토,0,0.1136
2026-04-03,평일,18,멀뫼4R-남 (북향),있음(비0),1408,B형 검토,0,0.1136
2026-04-03,평일,18,멀뫼사거리-북 (남향),있음(비0),445,B형 검토,0,0.1136
2026-04-03,평일,19,멀뫼사거리-동 (서향),있음(비0),319,B형 검토,0,0.1136
2026-04-03,평일,19,멀뫼사거리-서 (동향),있음(비0),577,B형 검토,0,0.1136
2026-04-03,평일,19,멀뫼4R-남 (북향),있음(비0),1320,B형 검토,0,0.1136
2026-04-03,평일,19,멀뫼사거리-북 (남향),있음(비0),525,B형 검토,0,0.1136
2026-04-03,평일,20,멀뫼사거리-동 (서향),있음(비0),234,B형 검토,0,0.1136
2026-04-03,평일,20,멀뫼사거리-서 (동향),있음(비0),476,B형 검토,0,0.1136
2026-04-03,평일,20,멀뫼4R-남 (북향),있음(비0),1117,B형 검토,0,0.1136
2026-04-03,평일,20,멀뫼사거리-북 (남향),있음(비0),466,B형 검토,0,0.1136
2026-04-03,평일,21,멀뫼사거리-동 (서향),있음(비0),217,B형 검토,0,0.1136
2026-04-03,평일,21,멀뫼사거리-서 (동향),있음(비0),475,B형 검토,0,0.1136
2026-04-03,평일,21,멀뫼4R-남 (북향),있음(비0),1004,B형 검토,0,0.1136
2026-04-03,평일,21,멀뫼사거리-북 (남향),있음(비0),412,B형 검토,0,0.1136
2026-04-03,평일,22,멀뫼사거리-동 (서향),있음(비0),177,B형 검토,0,0.1136
2026-04-03,평일,22,멀뫼사거리-서 (동향),있음(비0),410,B형 검토,0,0.1136
2026-04-03,평일,22,멀뫼4R-남 (북향),있음(비0),735,B형 검토,0,0.1136
2026-04-03,평일,22,멀뫼사거리-북 (남향),있음(비0),342,B형 검토,0,0.1136
2026-04-03,평일,23,멀뫼사거리-동 (서향),있음(비0),161,B형 검토,0,0.1136
2026-04-03,평일,23,멀뫼사거리-서 (동향),있음(비0),345,B형 검토,0,0.1136
2026-04-03,평일,23,멀뫼4R-남 (북향),있음(비0),512,B형 검토,0,0.1136
2026-04-03,평일,23,멀뫼사거리-북 (남향),있음(비0),224,B형 검토,0,0.1136
2026-04-04,토요일,00,멀뫼사거리-동 (서향),있음(비0),114,B형 검토,0,0.0000
2026-04-04,토요일,00,멀뫼사거리-서 (동향),있음(비0),290,B형 검토,0,0.0000
2026-04-04,토요일,00,멀뫼4R-남 (북향),있음(비0),427,B형 검토,0,0.0000
2026-04-04,토요일,00,멀뫼사거리-북 (남향),있음(비0),180,B형 검토,0,0.0000
2026-04-04,토요일,01,멀뫼사거리-동 (서향),있음(비0),123,B형 검토,0,0.0000
2026-04-04,토요일,01,멀뫼사거리-서 (동향),있음(비0),240,B형 검토,0,0.0000
2026-04-04,토요일,01,멀뫼4R-남 (북향),있음(비0),317,B형 검토,0,0.0000
2026-04-04,토요일,01,멀뫼사거리-북 (남향),있음(비0),121,B형 검토,0,0.0000
2026-04-04,토요일,02,멀뫼사거리-동 (서향),있음(비0),101,B형 검토,0,0.0000
2026-04-04,토요일,02,멀뫼사거리-서 (동향),있음(비0),186,B형 검토,0,0.0000
2026-04-04,토요일,02,멀뫼4R-남 (북향),있음(비0),226,B형 검토,0,0.0000
2026-04-04,토요일,02,멀뫼사거리-북 (남향),있음(비0),86,B형 검토,0,0.0000
2026-04-04,토요일,03,멀뫼사거리-동 (서향),있음(비0),89,B형 검토,0,0.0000
2026-04-04,토요일,03,멀뫼사거리-서 (동향),있음(비0),158,B형 검토,0,0.0000
2026-04-04,토요일,03,멀뫼4R-남 (북향),있음(비0),190,B형 검토,0,0.0000
2026-04-04,토요일,03,멀뫼사거리-북 (남향),있음(비0),82,B형 검토,0,0.0000
2026-04-04,토요일,04,멀뫼사거리-동 (서향),있음(비0),77,B형 검토,0,0.0000
2026-04-04,토요일,04,멀뫼사거리-서 (동향),있음(비0),184,B형 검토,0,0.0000
2026-04-04,토요일,04,멀뫼4R-남 (북향),있음(비0),247,B형 검토,0,0.0000
2026-04-04,토요일,04,멀뫼사거리-북 (남향),있음(비0),113,B형 검토,0,0.0000
2026-04-04,토요일,05,멀뫼사거리-동 (서향),있음(비0),122,B형 검토,0,0.0000
2026-04-04,토요일,05,멀뫼사거리-서 (동향),있음(비0),294,B형 검토,0,0.0000
2026-04-04,토요일,05,멀뫼4R-남 (북향),있음(비0),508,B형 검토,0,0.0000
2026-04-04,토요일,05,멀뫼사거리-북 (남향),있음(비0),220,B형 검토,0,0.0000
2026-04-04,토요일,06,멀뫼사거리-동 (서향),있음(비0),153,B형 검토,0,0.0000
2026-04-04,토요일,06,멀뫼사거리-서 (동향),있음(비0),364,B형 검토,0,0.0000
2026-04-04,토요일,06,멀뫼4R-남 (북향),있음(비0),571,B형 검토,0,0.0000
2026-04-04,토요일,06,멀뫼사거리-북 (남향),있음(비0),277,B형 검토,0,0.0000
2026-04-04,토요일,07,멀뫼사거리-동 (서향),있음(비0),207,B형 검토,0,0.0000
2026-04-04,토요일,07,멀뫼사거리-서 (동향),있음(비0),435,B형 검토,0,0.0000
2026-04-04,토요일,07,멀뫼4R-남 (북향),있음(비0),821,B형 검토,0,0.0000
2026-04-04,토요일,07,멀뫼사거리-북 (남향),있음(비0),339,B형 검토,0,0.0000
2026-04-04,토요일,08,멀뫼사거리-동 (서향),있음(비0),286,B형 검토,0,0.0000
2026-04-04,토요일,08,멀뫼사거리-서 (동향),있음(비0),523,B형 검토,0,0.0000
2026-04-04,토요일,08,멀뫼4R-남 (북향),있음(비0),1103,B형 검토,0,0.0000
2026-04-04,토요일,08,멀뫼사거리-북 (남향),있음(비0),443,B형 검토,0,0.0000
2026-04-04,토요일,09,멀뫼사거리-동 (서향),있음(비0),349,B형 검토,0,0.0000
2026-04-04,토요일,09,멀뫼사거리-서 (동향),있음(비0),682,B형 검토,0,0.0000
2026-04-04,토요일,09,멀뫼4R-남 (북향),있음(비0),1278,B형 검토,0,0.0000
2026-04-04,토요일,09,멀뫼사거리-북 (남향),있음(비0),508,B형 검토,0,0.0000
2026-04-04,토요일,10,멀뫼사거리-동 (서향),있음(비0),351,B형 검토,0,0.0000
2026-04-04,토요일,10,멀뫼사거리-서 (동향),있음(비0),761,B형 검토,0,0.0000
2026-04-04,토요일,10,멀뫼4R-남 (북향),있음(비0),1333,B형 검토,0,0.0000
2026-04-04,토요일,10,멀뫼사거리-북 (남향),있음(비0),519,B형 검토,0,0.0000
2026-04-04,토요일,11,멀뫼사거리-동 (서향),있음(비0),344,B형 검토,0,0.0000
2026-04-04,토요일,11,멀뫼사거리-서 (동향),있음(비0),887,B형 검토,0,0.0000
2026-04-04,토요일,11,멀뫼4R-남 (북향),있음(비0),1343,B형 검토,0,0.0000
2026-04-04,토요일,11,멀뫼사거리-북 (남향),있음(비0),500,B형 검토,0,0.0000
2026-04-04,토요일,12,멀뫼사거리-동 (서향),있음(비0),362,B형 검토,0,0.0000
2026-04-04,토요일,12,멀뫼사거리-서 (동향),있음(비0),848,B형 검토,0,0.0000
2026-04-04,토요일,12,멀뫼4R-남 (북향),있음(비0),1397,B형 검토,0,0.0000
2026-04-04,토요일,12,멀뫼사거리-북 (남향),있음(비0),566,B형 검토,0,0.0000
2026-04-04,토요일,13,멀뫼사거리-동 (서향),있음(비0),409,B형 검토,0,0.0000
2026-04-04,토요일,13,멀뫼사거리-서 (동향),있음(비0),845,B형 검토,0,0.0000
2026-04-04,토요일,13,멀뫼4R-남 (북향),있음(비0),1335,B형 검토,0,0.0000
2026-04-04,토요일,13,멀뫼사거리-북 (남향),있음(비0),544,B형 검토,0,0.0000
2026-04-04,토요일,14,멀뫼사거리-동 (서향),있음(비0),346,B형 검토,0,0.0000
2026-04-04,토요일,14,멀뫼사거리-서 (동향),있음(비0),853,B형 검토,0,0.0000
2026-04-04,토요일,14,멀뫼4R-남 (북향),있음(비0),1297,B형 검토,0,0.0000
2026-04-04,토요일,14,멀뫼사거리-북 (남향),있음(비0),490,B형 검토,0,0.0000
2026-04-04,토요일,15,멀뫼사거리-동 (서향),있음(비0),343,B형 검토,0,0.0000
2026-04-04,토요일,15,멀뫼사거리-서 (동향),있음(비0),865,B형 검토,0,0.0000
2026-04-04,토요일,15,멀뫼4R-남 (북향),있음(비0),1161,B형 검토,0,0.0000
2026-04-04,토요일,15,멀뫼사거리-북 (남향),있음(비0),570,B형 검토,0,0.0000
2026-04-04,토요일,16,멀뫼사거리-동 (서향),있음(비0),326,B형 검토,0,0.0000
2026-04-04,토요일,16,멀뫼사거리-서 (동향),있음(비0),781,B형 검토,0,0.0000
2026-04-04,토요일,16,멀뫼4R-남 (북향),있음(비0),1239,B형 검토,0,0.0000
2026-04-04,토요일,16,멀뫼사거리-북 (남향),있음(비0),532,B형 검토,0,0.0000
2026-04-04,토요일,17,멀뫼사거리-동 (서향),있음(비0),378,B형 검토,0,0.0000
2026-04-04,토요일,17,멀뫼사거리-서 (동향),있음(비0),780,B형 검토,0,0.0000
2026-04-04,토요일,17,멀뫼4R-남 (북향),있음(비0),1234,B형 검토,0,0.0000
2026-04-04,토요일,17,멀뫼사거리-북 (남향),있음(비0),588,B형 검토,0,0.0000
2026-04-04,토요일,18,멀뫼사거리-동 (서향),있음(비0),343,B형 검토,0,0.0000
2026-04-04,토요일,18,멀뫼사거리-서 (동향),있음(비0),671,B형 검토,0,0.0000
2026-04-04,토요일,18,멀뫼4R-남 (북향),있음(비0),1303,B형 검토,0,0.0000
2026-04-04,토요일,18,멀뫼사거리-북 (남향),있음(비0),557,B형 검토,0,0.0000
2026-04-04,토요일,19,멀뫼사거리-동 (서향),있음(비0),249,B형 검토,0,0.0000
2026-04-04,토요일,19,멀뫼사거리-서 (동향),있음(비0),515,B형 검토,0,0.0000
2026-04-04,토요일,19,멀뫼4R-남 (북향),있음(비0),980,B형 검토,0,0.0000
2026-04-04,토요일,19,멀뫼사거리-북 (남향),있음(비0),420,B형 검토,0,0.0000
2026-04-04,토요일,20,멀뫼사거리-동 (서향),있음(비0),194,B형 검토,0,0.0000
2026-04-04,토요일,20,멀뫼사거리-서 (동향),있음(비0),461,B형 검토,0,0.0000
2026-04-04,토요일,20,멀뫼4R-남 (북향),있음(비0),857,B형 검토,0,0.0000
2026-04-04,토요일,20,멀뫼사거리-북 (남향),있음(비0),377,B형 검토,0,0.0000
2026-04-04,토요일,21,멀뫼사거리-동 (서향),있음(비0),212,B형 검토,0,0.0000
2026-04-04,토요일,21,멀뫼사거리-서 (동향),있음(비0),447,B형 검토,0,0.0000
2026-04-04,토요일,21,멀뫼4R-남 (북향),있음(비0),804,B형 검토,0,0.0000
2026-04-04,토요일,21,멀뫼사거리-북 (남향),있음(비0),336,B형 검토,0,0.0000
2026-04-04,토요일,22,멀뫼사거리-동 (서향),있음(비0),182,B형 검토,0,0.0000
2026-04-04,토요일,22,멀뫼사거리-서 (동향),있음(비0),388,B형 검토,0,0.0000
2026-04-04,토요일,22,멀뫼4R-남 (북향),있음(비0),622,B형 검토,0,0.0000
2026-04-04,토요일,22,멀뫼사거리-북 (남향),있음(비0),277,B형 검토,0,0.0000
2026-04-04,토요일,23,멀뫼사거리-동 (서향),있음(비0),143,B형 검토,0,0.0000
2026-04-04,토요일,23,멀뫼사거리-서 (동향),있음(비0),272,B형 검토,0,0.0000
2026-04-04,토요일,23,멀뫼4R-남 (북향),있음(비0),428,B형 검토,0,0.0000
2026-04-04,토요일,23,멀뫼사거리-북 (남향),있음(비0),187,B형 검토,0,0.0000
2026-04-05,일·공휴일,00,멀뫼사거리-동 (서향),있음(비0),108,B형 검토,0,0.0000
2026-04-05,일·공휴일,00,멀뫼사거리-서 (동향),있음(비0),266,B형 검토,0,0.0000
2026-04-05,일·공휴일,00,멀뫼4R-남 (북향),있음(비0),358,B형 검토,0,0.0000
2026-04-05,일·공휴일,00,멀뫼사거리-북 (남향),있음(비0),163,B형 검토,0,0.0000
2026-04-05,일·공휴일,01,멀뫼사거리-동 (서향),있음(비0),84,B형 검토,0,0.0000
2026-04-05,일·공휴일,01,멀뫼사거리-서 (동향),있음(비0),214,B형 검토,0,0.0000
2026-04-05,일·공휴일,01,멀뫼4R-남 (북향),있음(비0),269,B형 검토,0,0.0000
2026-04-05,일·공휴일,01,멀뫼사거리-북 (남향),있음(비0),106,B형 검토,0,0.0000
2026-04-05,일·공휴일,02,멀뫼사거리-동 (서향),있음(비0),99,B형 검토,0,0.0000
2026-04-05,일·공휴일,02,멀뫼사거리-서 (동향),있음(비0),178,B형 검토,0,0.0000
2026-04-05,일·공휴일,02,멀뫼4R-남 (북향),있음(비0),224,B형 검토,0,0.0000
2026-04-05,일·공휴일,02,멀뫼사거리-북 (남향),있음(비0),85,B형 검토,0,0.0000
2026-04-05,일·공휴일,03,멀뫼사거리-동 (서향),있음(비0),76,B형 검토,0,0.0000
2026-04-05,일·공휴일,03,멀뫼사거리-서 (동향),있음(비0),161,B형 검토,0,0.0000
2026-04-05,일·공휴일,03,멀뫼4R-남 (북향),있음(비0),166,B형 검토,0,0.0000
2026-04-05,일·공휴일,03,멀뫼사거리-북 (남향),있음(비0),70,B형 검토,0,0.0000
2026-04-05,일·공휴일,04,멀뫼사거리-동 (서향),있음(비0),59,B형 검토,0,0.0000
2026-04-05,일·공휴일,04,멀뫼사거리-서 (동향),있음(비0),150,B형 검토,0,0.0000
2026-04-05,일·공휴일,04,멀뫼4R-남 (북향),있음(비0),203,B형 검토,0,0.0000
2026-04-05,일·공휴일,04,멀뫼사거리-북 (남향),있음(비0),90,B형 검토,0,0.0000
2026-04-05,일·공휴일,05,멀뫼사거리-동 (서향),있음(비0),89,B형 검토,0,0.0000
2026-04-05,일·공휴일,05,멀뫼사거리-서 (동향),있음(비0),188,B형 검토,0,0.0000
2026-04-05,일·공휴일,05,멀뫼4R-남 (북향),있음(비0),303,B형 검토,0,0.0000
2026-04-05,일·공휴일,05,멀뫼사거리-북 (남향),있음(비0),113,B형 검토,0,0.0000
2026-04-05,일·공휴일,06,멀뫼사거리-동 (서향),있음(비0),140,B형 검토,0,0.0000
2026-04-05,일·공휴일,06,멀뫼사거리-서 (동향),있음(비0),246,B형 검토,0,0.0000
2026-04-05,일·공휴일,06,멀뫼4R-남 (북향),있음(비0),448,B형 검토,0,0.0000
2026-04-05,일·공휴일,06,멀뫼사거리-북 (남향),있음(비0),203,B형 검토,0,0.0000
2026-04-05,일·공휴일,07,멀뫼사거리-동 (서향),있음(비0),153,B형 검토,0,0.0000
2026-04-05,일·공휴일,07,멀뫼사거리-서 (동향),있음(비0),342,B형 검토,0,0.0000
2026-04-05,일·공휴일,07,멀뫼4R-남 (북향),있음(비0),550,B형 검토,0,0.0000
2026-04-05,일·공휴일,07,멀뫼사거리-북 (남향),있음(비0),236,B형 검토,0,0.0000
2026-04-05,일·공휴일,08,멀뫼사거리-동 (서향),있음(비0),215,B형 검토,0,0.0000
2026-04-05,일·공휴일,08,멀뫼사거리-서 (동향),있음(비0),441,B형 검토,0,0.0000
2026-04-05,일·공휴일,08,멀뫼4R-남 (북향),있음(비0),892,B형 검토,0,0.0000
2026-04-05,일·공휴일,08,멀뫼사거리-북 (남향),있음(비0),317,B형 검토,0,0.0000
2026-04-05,일·공휴일,09,멀뫼사거리-동 (서향),있음(비0),277,B형 검토,0,0.0000
2026-04-05,일·공휴일,09,멀뫼사거리-서 (동향),있음(비0),550,B형 검토,0,0.0000
2026-04-05,일·공휴일,09,멀뫼4R-남 (북향),있음(비0),1200,B형 검토,0,0.0000
2026-04-05,일·공휴일,09,멀뫼사거리-북 (남향),있음(비0),447,B형 검토,0,0.0000
2026-04-05,일·공휴일,10,멀뫼사거리-동 (서향),있음(비0),332,B형 검토,0,0.0000
2026-04-05,일·공휴일,10,멀뫼사거리-서 (동향),있음(비0),673,B형 검토,0,0.0000
2026-04-05,일·공휴일,10,멀뫼4R-남 (북향),있음(비0),1430,B형 검토,0,0.0000
2026-04-05,일·공휴일,10,멀뫼사거리-북 (남향),있음(비0),514,B형 검토,0,0.0000
2026-04-05,일·공휴일,11,멀뫼사거리-동 (서향),있음(비0),333,B형 검토,0,0.0000
2026-04-05,일·공휴일,11,멀뫼사거리-서 (동향),있음(비0),741,B형 검토,0,0.0000
2026-04-05,일·공휴일,11,멀뫼4R-남 (북향),있음(비0),1268,B형 검토,0,0.0000
2026-04-05,일·공휴일,11,멀뫼사거리-북 (남향),있음(비0),526,B형 검토,0,0.0000
2026-04-05,일·공휴일,12,멀뫼사거리-동 (서향),있음(비0),374,B형 검토,0,0.0000
2026-04-05,일·공휴일,12,멀뫼사거리-서 (동향),있음(비0),813,B형 검토,0,0.0000
2026-04-05,일·공휴일,12,멀뫼4R-남 (북향),있음(비0),1215,B형 검토,0,0.0000
2026-04-05,일·공휴일,12,멀뫼사거리-북 (남향),있음(비0),551,B형 검토,0,0.0000
2026-04-05,일·공휴일,13,멀뫼사거리-동 (서향),있음(비0),352,B형 검토,0,0.0000
2026-04-05,일·공휴일,13,멀뫼사거리-서 (동향),있음(비0),837,B형 검토,0,0.0000
2026-04-05,일·공휴일,13,멀뫼4R-남 (북향),있음(비0),1342,B형 검토,0,0.0000
2026-04-05,일·공휴일,13,멀뫼사거리-북 (남향),있음(비0),586,B형 검토,0,0.0000
2026-04-05,일·공휴일,14,멀뫼사거리-동 (서향),있음(비0),306,B형 검토,0,0.0000
2026-04-05,일·공휴일,14,멀뫼사거리-서 (동향),있음(비0),809,B형 검토,0,0.0000
2026-04-05,일·공휴일,14,멀뫼4R-남 (북향),있음(비0),1333,B형 검토,0,0.0000
2026-04-05,일·공휴일,14,멀뫼사거리-북 (남향),있음(비0),572,B형 검토,0,0.0000
2026-04-05,일·공휴일,15,멀뫼사거리-동 (서향),있음(비0),325,B형 검토,0,0.0000
2026-04-05,일·공휴일,15,멀뫼사거리-서 (동향),있음(비0),864,B형 검토,0,0.0000
2026-04-05,일·공휴일,15,멀뫼4R-남 (북향),있음(비0),1287,B형 검토,0,0.0000
2026-04-05,일·공휴일,15,멀뫼사거리-북 (남향),있음(비0),568,B형 검토,0,0.0000
2026-04-05,일·공휴일,16,멀뫼사거리-동 (서향),있음(비0),342,B형 검토,0,0.0000
2026-04-05,일·공휴일,16,멀뫼사거리-서 (동향),있음(비0),791,B형 검토,0,0.0000
2026-04-05,일·공휴일,16,멀뫼4R-남 (북향),있음(비0),1264,B형 검토,0,0.0000
2026-04-05,일·공휴일,16,멀뫼사거리-북 (남향),있음(비0),622,B형 검토,0,0.0000
2026-04-05,일·공휴일,17,멀뫼사거리-동 (서향),있음(비0),290,B형 검토,0,0.0000
2026-04-05,일·공휴일,17,멀뫼사거리-서 (동향),있음(비0),743,B형 검토,0,0.0000
2026-04-05,일·공휴일,17,멀뫼4R-남 (북향),있음(비0),1264,B형 검토,0,0.0000
2026-04-05,일·공휴일,17,멀뫼사거리-북 (남향),있음(비0),655,B형 검토,0,0.0000
2026-04-05,일·공휴일,18,멀뫼사거리-동 (서향),있음(비0),303,B형 검토,0,0.0000
2026-04-05,일·공휴일,18,멀뫼사거리-서 (동향),있음(비0),716,B형 검토,0,0.0000
2026-04-05,일·공휴일,18,멀뫼4R-남 (북향),있음(비0),1057,B형 검토,0,0.0000
2026-04-05,일·공휴일,18,멀뫼사거리-북 (남향),있음(비0),565,B형 검토,0,0.0000
2026-04-05,일·공휴일,19,멀뫼사거리-동 (서향),있음(비0),198,B형 검토,0,0.0000
2026-04-05,일·공휴일,19,멀뫼사거리-서 (동향),있음(비0),505,B형 검토,0,0.0000
2026-04-05,일·공휴일,19,멀뫼4R-남 (북향),있음(비0),882,B형 검토,0,0.0000
2026-04-05,일·공휴일,19,멀뫼사거리-북 (남향),있음(비0),412,B형 검토,0,0.0000
2026-04-05,일·공휴일,20,멀뫼사거리-동 (서향),있음(비0),206,B형 검토,0,0.0000
2026-04-05,일·공휴일,20,멀뫼사거리-서 (동향),있음(비0),467,B형 검토,0,0.0000
2026-04-05,일·공휴일,20,멀뫼4R-남 (북향),있음(비0),843,B형 검토,0,0.0000
2026-04-05,일·공휴일,20,멀뫼사거리-북 (남향),있음(비0),379,B형 검토,0,0.0000
2026-04-05,일·공휴일,21,멀뫼사거리-동 (서향),있음(비0),155,B형 검토,0,0.0000
2026-04-05,일·공휴일,21,멀뫼사거리-서 (동향),있음(비0),336,B형 검토,0,0.0000
2026-04-05,일·공휴일,21,멀뫼4R-남 (북향),있음(비0),752,B형 검토,0,0.0000
2026-04-05,일·공휴일,21,멀뫼사거리-북 (남향),있음(비0),338,B형 검토,0,0.0000
2026-04-05,일·공휴일,22,멀뫼사거리-동 (서향),있음(비0),104,B형 검토,0,0.0000
2026-04-05,일·공휴일,22,멀뫼사거리-서 (동향),있음(비0),224,B형 검토,0,0.0000
2026-04-05,일·공휴일,22,멀뫼4R-남 (북향),있음(비0),539,B형 검토,0,0.0000
2026-04-05,일·공휴일,22,멀뫼사거리-북 (남향),있음(비0),204,B형 검토,0,0.0000
2026-04-05,일·공휴일,23,멀뫼사거리-동 (서향),있음(비0),111,B형 검토,0,0.0000
2026-04-05,일·공휴일,23,멀뫼사거리-서 (동향),있음(비0),217,B형 검토,0,0.0000
2026-04-05,일·공휴일,23,멀뫼4R-남 (북향),있음(비0),332,B형 검토,0,0.0000
2026-04-05,일·공휴일,23,멀뫼사거리-북 (남향),있음(비0),152,B형 검토,0,0.0000
2026-04-06,평일,00,멀뫼사거리-동 (서향),있음(비0),83,B형 검토,0,0.1364
2026-04-06,평일,00,멀뫼사거리-서 (동향),있음(비0),159,B형 검토,0,0.1364
2026-04-06,평일,00,멀뫼4R-남 (북향),있음(비0),268,B형 검토,0,0.1364
2026-04-06,평일,00,멀뫼사거리-북 (남향),있음(비0),104,B형 검토,0,0.1364
2026-04-06,평일,01,멀뫼사거리-동 (서향),있음(비0),74,B형 검토,0,0.1364
2026-04-06,평일,01,멀뫼사거리-서 (동향),있음(비0),141,B형 검토,0,0.1364
2026-04-06,평일,01,멀뫼4R-남 (북향),있음(비0),146,B형 검토,0,0.1364
2026-04-06,평일,01,멀뫼사거리-북 (남향),있음(비0),71,B형 검토,0,0.1364
2026-04-06,평일,02,멀뫼사거리-동 (서향),있음(비0),59,B형 검토,0,0.1364
2026-04-06,평일,02,멀뫼사거리-서 (동향),있음(비0),106,B형 검토,0,0.1364
2026-04-06,평일,02,멀뫼4R-남 (북향),있음(비0),135,B형 검토,0,0.1364
2026-04-06,평일,02,멀뫼사거리-북 (남향),있음(비0),53,B형 검토,0,0.1364
2026-04-06,평일,03,멀뫼사거리-동 (서향),있음(비0),56,B형 검토,0,0.1364
2026-04-06,평일,03,멀뫼사거리-서 (동향),있음(비0),111,B형 검토,0,0.1364
2026-04-06,평일,03,멀뫼4R-남 (북향),있음(비0),144,B형 검토,0,0.1364
2026-04-06,평일,03,멀뫼사거리-북 (남향),있음(비0),79,B형 검토,0,0.1364
2026-04-06,평일,04,멀뫼사거리-동 (서향),있음(비0),89,B형 검토,0,0.1364
2026-04-06,평일,04,멀뫼사거리-서 (동향),있음(비0),221,B형 검토,0,0.1364
2026-04-06,평일,04,멀뫼4R-남 (북향),있음(비0),219,B형 검토,0,0.1364
2026-04-06,평일,04,멀뫼사거리-북 (남향),있음(비0),170,B형 검토,0,0.1364
2026-04-06,평일,05,멀뫼사거리-동 (서향),있음(비0),150,B형 검토,0,0.1364
2026-04-06,평일,05,멀뫼사거리-서 (동향),있음(비0),408,B형 검토,0,0.1364
2026-04-06,평일,05,멀뫼4R-남 (북향),있음(비0),611,B형 검토,0,0.1364
2026-04-06,평일,05,멀뫼사거리-북 (남향),있음(비0),345,B형 검토,0,0.1364
2026-04-06,평일,06,멀뫼사거리-동 (서향),있음(비0),202,B형 검토,0,0.1364
2026-04-06,평일,06,멀뫼사거리-서 (동향),있음(비0),533,B형 검토,0,0.1364
2026-04-06,평일,06,멀뫼4R-남 (북향),있음(비0),1096,B형 검토,0,0.1364
2026-04-06,평일,06,멀뫼사거리-북 (남향),있음(비0),421,B형 검토,0,0.1364
2026-04-06,평일,07,멀뫼사거리-동 (서향),있음(비0),312,B형 검토,0,0.1364
2026-04-06,평일,07,멀뫼사거리-서 (동향),있음(비0),779,B형 검토,0,0.1364
2026-04-06,평일,07,멀뫼4R-남 (북향),있음(비0),1785,B형 검토,0,0.1364
2026-04-06,평일,07,멀뫼사거리-북 (남향),있음(비0),451,B형 검토,0,0.1364
2026-04-06,평일,08,멀뫼사거리-동 (서향),있음(비0),477,B형 검토,0,0.1364
2026-04-06,평일,08,멀뫼사거리-서 (동향),있음(비0),772,B형 검토,0,0.1364
2026-04-06,평일,08,멀뫼4R-남 (북향),있음(비0),1822,B형 검토,0,0.1364
2026-04-06,평일,08,멀뫼사거리-북 (남향),있음(비0),462,B형 검토,0,0.1364
2026-04-06,평일,09,멀뫼사거리-동 (서향),있음(비0),376,B형 검토,0,0.1364
2026-04-06,평일,09,멀뫼사거리-서 (동향),있음(비0),756,B형 검토,0,0.1364
2026-04-06,평일,09,멀뫼4R-남 (북향),있음(비0),1464,B형 검토,0,0.1364
2026-04-06,평일,09,멀뫼사거리-북 (남향),있음(비0),497,B형 검토,0,0.1364
2026-04-06,평일,10,멀뫼사거리-동 (서향),있음(비0),317,B형 검토,0,0.0909
2026-04-06,평일,10,멀뫼사거리-서 (동향),있음(비0),768,B형 검토,0,0.0909
2026-04-06,평일,10,멀뫼4R-남 (북향),있음(비0),1321,B형 검토,0,0.1136
2026-04-06,평일,10,멀뫼사거리-북 (남향),있음(비0),505,B형 검토,0,0.1136
2026-04-06,평일,11,멀뫼사거리-동 (서향),있음(비0),296,B형 검토,0,0.0909
2026-04-06,평일,11,멀뫼사거리-서 (동향),있음(비0),789,B형 검토,0,0.0909
2026-04-06,평일,11,멀뫼4R-남 (북향),있음(비0),1170,B형 검토,0,0.0909
2026-04-06,평일,11,멀뫼사거리-북 (남향),있음(비0),466,B형 검토,0,0.0909
2026-04-06,평일,12,멀뫼사거리-동 (서향),있음(비0),295,B형 검토,0,0.0909
2026-04-06,평일,12,멀뫼사거리-서 (동향),있음(비0),670,B형 검토,0,0.0909
2026-04-06,평일,12,멀뫼4R-남 (북향),있음(비0),1187,B형 검토,0,0.0909
2026-04-06,평일,12,멀뫼사거리-북 (남향),있음(비0),482,B형 검토,0,0.0909
2026-04-06,평일,13,멀뫼사거리-동 (서향),있음(비0),315,B형 검토,0,0.0909
2026-04-06,평일,13,멀뫼사거리-서 (동향),있음(비0),699,B형 검토,0,0.0909
2026-04-06,평일,13,멀뫼4R-남 (북향),있음(비0),1263,B형 검토,0,0.0909
2026-04-06,평일,13,멀뫼사거리-북 (남향),있음(비0),497,B형 검토,0,0.0909
2026-04-06,평일,14,멀뫼사거리-동 (서향),있음(비0),301,B형 검토,0,0.0909
2026-04-06,평일,14,멀뫼사거리-서 (동향),있음(비0),741,B형 검토,0,0.0909
2026-04-06,평일,14,멀뫼4R-남 (북향),있음(비0),1273,B형 검토,0,0.0909
2026-04-06,평일,14,멀뫼사거리-북 (남향),있음(비0),485,B형 검토,0,0.0909
2026-04-06,평일,15,멀뫼사거리-동 (서향),있음(비0),341,B형 검토,0,0.0909
2026-04-06,평일,15,멀뫼사거리-서 (동향),있음(비0),762,B형 검토,0,0.0909
2026-04-06,평일,15,멀뫼4R-남 (북향),있음(비0),1300,B형 검토,0,0.0909
2026-04-06,평일,15,멀뫼사거리-북 (남향),있음(비0),476,B형 검토,0,0.0909
2026-04-06,평일,16,멀뫼사거리-동 (서향),있음(비0),389,B형 검토,0,0.1136
2026-04-06,평일,16,멀뫼사거리-서 (동향),있음(비0),819,B형 검토,0,0.1136
2026-04-06,평일,16,멀뫼4R-남 (북향),있음(비0),1351,B형 검토,0,0.1136
2026-04-06,평일,16,멀뫼사거리-북 (남향),있음(비0),493,B형 검토,0,0.1136
2026-04-06,평일,17,멀뫼사거리-동 (서향),있음(비0),460,B형 검토,0,0.1136
2026-04-06,평일,17,멀뫼사거리-서 (동향),있음(비0),758,B형 검토,0,0.1136
2026-04-06,평일,17,멀뫼4R-남 (북향),있음(비0),1420,B형 검토,0,0.1136
2026-04-06,평일,17,멀뫼사거리-북 (남향),있음(비0),503,B형 검토,0,0.1136
2026-04-06,평일,18,멀뫼사거리-동 (서향),있음(비0),473,B형 검토,0,0.1136
2026-04-06,평일,18,멀뫼사거리-서 (동향),있음(비0),745,B형 검토,0,0.1136
2026-04-06,평일,18,멀뫼4R-남 (북향),있음(비0),1439,B형 검토,0,0.1136
2026-04-06,평일,18,멀뫼사거리-북 (남향),있음(비0),455,B형 검토,0,0.1136
2026-04-06,평일,19,멀뫼사거리-동 (서향),있음(비0),264,B형 검토,0,0.1136
2026-04-06,평일,19,멀뫼사거리-서 (동향),있음(비0),563,B형 검토,0,0.1136
2026-04-06,평일,19,멀뫼4R-남 (북향),있음(비0),1129,B형 검토,0,0.1136
2026-04-06,평일,19,멀뫼사거리-북 (남향),있음(비0),469,B형 검토,0,0.1136
2026-04-06,평일,20,멀뫼사거리-동 (서향),있음(비0),199,B형 검토,0,0.1136
2026-04-06,평일,20,멀뫼사거리-서 (동향),있음(비0),419,B형 검토,0,0.1136
2026-04-06,평일,20,멀뫼4R-남 (북향),있음(비0),845,B형 검토,0,0.1136
2026-04-06,평일,20,멀뫼사거리-북 (남향),있음(비0),448,B형 검토,0,0.1136
2026-04-06,평일,21,멀뫼사거리-동 (서향),있음(비0),178,B형 검토,0,0.1136
2026-04-06,평일,21,멀뫼사거리-서 (동향),있음(비0),392,B형 검토,0,0.1136
2026-04-06,평일,21,멀뫼4R-남 (북향),있음(비0),751,B형 검토,0,0.1136
2026-04-06,평일,21,멀뫼사거리-북 (남향),있음(비0),356,B형 검토,0,0.1136
2026-04-06,평일,22,멀뫼사거리-동 (서향),있음(비0),141,B형 검토,0,0.1136
2026-04-06,평일,22,멀뫼사거리-서 (동향),있음(비0),344,B형 검토,0,0.1136
2026-04-06,평일,22,멀뫼4R-남 (북향),있음(비0),536,B형 검토,0,0.1136
2026-04-06,평일,22,멀뫼사거리-북 (남향),있음(비0),237,B형 검토,0,0.1136
2026-04-06,평일,23,멀뫼사거리-동 (서향),있음(비0),110,B형 검토,0,0.1136
2026-04-06,평일,23,멀뫼사거리-서 (동향),있음(비0),301,B형 검토,0,0.1136
2026-04-06,평일,23,멀뫼4R-남 (북향),있음(비0),334,B형 검토,0,0.1136
2026-04-06,평일,23,멀뫼사거리-북 (남향),있음(비0),165,B형 검토,0,0.1136
2026-04-07,평일,00,멀뫼사거리-동 (서향),있음(비0),91,B형 검토,0,0.1364
2026-04-07,평일,00,멀뫼사거리-서 (동향),있음(비0),176,B형 검토,0,0.1364
2026-04-07,평일,00,멀뫼4R-남 (북향),있음(비0),266,B형 검토,0,0.1364
2026-04-07,평일,00,멀뫼사거리-북 (남향),있음(비0),107,B형 검토,0,0.1364
2026-04-07,평일,01,멀뫼사거리-동 (서향),있음(비0),55,B형 검토,0,0.1364
2026-04-07,평일,01,멀뫼사거리-서 (동향),있음(비0),125,B형 검토,0,0.1364
2026-04-07,평일,01,멀뫼4R-남 (북향),있음(비0),154,B형 검토,0,0.1364
2026-04-07,평일,01,멀뫼사거리-북 (남향),있음(비0),77,B형 검토,0,0.1364
2026-04-07,평일,02,멀뫼사거리-동 (서향),있음(비0),75,B형 검토,0,0.1364
2026-04-07,평일,02,멀뫼사거리-서 (동향),있음(비0),111,B형 검토,0,0.1364
2026-04-07,평일,02,멀뫼4R-남 (북향),있음(비0),169,B형 검토,0,0.1364
2026-04-07,평일,02,멀뫼사거리-북 (남향),있음(비0),64,B형 검토,0,0.1364
2026-04-07,평일,03,멀뫼사거리-동 (서향),있음(비0),66,B형 검토,0,0.1364
2026-04-07,평일,03,멀뫼사거리-서 (동향),있음(비0),115,B형 검토,0,0.1364
2026-04-07,평일,03,멀뫼4R-남 (북향),있음(비0),133,B형 검토,0,0.1364
2026-04-07,평일,03,멀뫼사거리-북 (남향),있음(비0),70,B형 검토,0,0.1364
2026-04-07,평일,04,멀뫼사거리-동 (서향),있음(비0),85,B형 검토,0,0.1364
2026-04-07,평일,04,멀뫼사거리-서 (동향),있음(비0),205,B형 검토,0,0.1364
2026-04-07,평일,04,멀뫼4R-남 (북향),있음(비0),242,B형 검토,0,0.1364
2026-04-07,평일,04,멀뫼사거리-북 (남향),있음(비0),133,B형 검토,0,0.1364
2026-04-07,평일,05,멀뫼사거리-동 (서향),있음(비0),153,B형 검토,0,0.1364
2026-04-07,평일,05,멀뫼사거리-서 (동향),있음(비0),410,B형 검토,0,0.1364
2026-04-07,평일,05,멀뫼4R-남 (북향),있음(비0),632,B형 검토,0,0.1364
2026-04-07,평일,05,멀뫼사거리-북 (남향),있음(비0),315,B형 검토,0,0.1364
2026-04-07,평일,06,멀뫼사거리-동 (서향),있음(비0),236,B형 검토,0,0.1364
2026-04-07,평일,06,멀뫼사거리-서 (동향),있음(비0),574,B형 검토,0,0.1364
2026-04-07,평일,06,멀뫼4R-남 (북향),있음(비0),1106,B형 검토,0,0.1364
2026-04-07,평일,06,멀뫼사거리-북 (남향),있음(비0),418,B형 검토,0,0.1364
2026-04-07,평일,07,멀뫼사거리-동 (서향),있음(비0),244,B형 검토,0,0.1364
2026-04-07,평일,07,멀뫼사거리-서 (동향),있음(비0),745,B형 검토,0,0.1364
2026-04-07,평일,07,멀뫼4R-남 (북향),있음(비0),1729,B형 검토,0,0.1364
2026-04-07,평일,07,멀뫼사거리-북 (남향),있음(비0),424,B형 검토,0,0.1364
2026-04-07,평일,08,멀뫼사거리-동 (서향),있음(비0),445,B형 검토,0,0.1364
2026-04-07,평일,08,멀뫼사거리-서 (동향),있음(비0),803,B형 검토,0,0.1364
2026-04-07,평일,08,멀뫼4R-남 (북향),있음(비0),1806,B형 검토,0,0.1364
2026-04-07,평일,08,멀뫼사거리-북 (남향),있음(비0),416,B형 검토,0,0.1364
2026-04-07,평일,09,멀뫼사거리-동 (서향),있음(비0),369,B형 검토,0,0.1364
2026-04-07,평일,09,멀뫼사거리-서 (동향),있음(비0),673,B형 검토,0,0.1364
2026-04-07,평일,09,멀뫼4R-남 (북향),있음(비0),1476,B형 검토,0,0.1364
2026-04-07,평일,09,멀뫼사거리-북 (남향),있음(비0),442,B형 검토,0,0.1364
2026-04-07,평일,10,멀뫼사거리-동 (서향),있음(비0),374,B형 검토,0,0.0909
2026-04-07,평일,10,멀뫼사거리-서 (동향),있음(비0),740,B형 검토,0,0.0909
2026-04-07,평일,10,멀뫼4R-남 (북향),있음(비0),1409,B형 검토,0,0.1136
2026-04-07,평일,10,멀뫼사거리-북 (남향),있음(비0),459,B형 검토,0,0.1136
2026-04-07,평일,11,멀뫼사거리-동 (서향),있음(비0),329,B형 검토,0,0.0909
2026-04-07,평일,11,멀뫼사거리-서 (동향),있음(비0),719,B형 검토,0,0.0909
2026-04-07,평일,11,멀뫼4R-남 (북향),있음(비0),1281,B형 검토,0,0.0909
2026-04-07,평일,11,멀뫼사거리-북 (남향),있음(비0),460,B형 검토,0,0.0909
2026-04-07,평일,12,멀뫼사거리-동 (서향),있음(비0),343,B형 검토,0,0.0909
2026-04-07,평일,12,멀뫼사거리-서 (동향),있음(비0),692,B형 검토,0,0.0909
2026-04-07,평일,12,멀뫼4R-남 (북향),있음(비0),1269,B형 검토,0,0.0909
2026-04-07,평일,12,멀뫼사거리-북 (남향),있음(비0),473,B형 검토,0,0.0909
2026-04-07,평일,13,멀뫼사거리-동 (서향),있음(비0),328,B형 검토,0,0.0909
2026-04-07,평일,13,멀뫼사거리-서 (동향),있음(비0),703,B형 검토,0,0.0909
2026-04-07,평일,13,멀뫼4R-남 (북향),있음(비0),1282,B형 검토,0,0.0909
2026-04-07,평일,13,멀뫼사거리-북 (남향),있음(비0),468,B형 검토,0,0.0909
2026-04-07,평일,14,멀뫼사거리-동 (서향),있음(비0),294,B형 검토,0,0.0909
2026-04-07,평일,14,멀뫼사거리-서 (동향),있음(비0),723,B형 검토,0,0.0909
2026-04-07,평일,14,멀뫼4R-남 (북향),있음(비0),1323,B형 검토,0,0.0909
2026-04-07,평일,14,멀뫼사거리-북 (남향),있음(비0),486,B형 검토,0,0.0909
2026-04-07,평일,15,멀뫼사거리-동 (서향),있음(비0),326,B형 검토,0,0.0909
2026-04-07,평일,15,멀뫼사거리-서 (동향),있음(비0),741,B형 검토,0,0.0909
2026-04-07,평일,15,멀뫼4R-남 (북향),있음(비0),1360,B형 검토,0,0.0909
2026-04-07,평일,15,멀뫼사거리-북 (남향),있음(비0),495,B형 검토,0,0.0909
2026-04-07,평일,16,멀뫼사거리-동 (서향),있음(비0),399,B형 검토,0,0.1136
2026-04-07,평일,16,멀뫼사거리-서 (동향),있음(비0),783,B형 검토,0,0.1136
2026-04-07,평일,16,멀뫼4R-남 (북향),있음(비0),1345,B형 검토,0,0.1136
2026-04-07,평일,16,멀뫼사거리-북 (남향),있음(비0),489,B형 검토,0,0.1136
2026-04-07,평일,17,멀뫼사거리-동 (서향),있음(비0),462,B형 검토,0,0.1136
2026-04-07,평일,17,멀뫼사거리-서 (동향),있음(비0),795,B형 검토,0,0.1136
2026-04-07,평일,17,멀뫼4R-남 (북향),있음(비0),1474,B형 검토,0,0.1136
2026-04-07,평일,17,멀뫼사거리-북 (남향),있음(비0),504,B형 검토,0,0.1136
2026-04-07,평일,18,멀뫼사거리-동 (서향),있음(비0),472,B형 검토,0,0.1136
2026-04-07,평일,18,멀뫼사거리-서 (동향),있음(비0),769,B형 검토,0,0.1136
2026-04-07,평일,18,멀뫼4R-남 (북향),있음(비0),1450,B형 검토,0,0.1136
2026-04-07,평일,18,멀뫼사거리-북 (남향),있음(비0),459,B형 검토,0,0.1136
2026-04-07,평일,19,멀뫼사거리-동 (서향),있음(비0),273,B형 검토,0,0.1136
2026-04-07,평일,19,멀뫼사거리-서 (동향),있음(비0),513,B형 검토,0,0.1136
2026-04-07,평일,19,멀뫼4R-남 (북향),있음(비0),1218,B형 검토,0,0.1136
2026-04-07,평일,19,멀뫼사거리-북 (남향),있음(비0),450,B형 검토,0,0.1136
2026-04-07,평일,20,멀뫼사거리-동 (서향),있음(비0),233,B형 검토,0,0.1136
2026-04-07,평일,20,멀뫼사거리-서 (동향),있음(비0),426,B형 검토,0,0.1136
2026-04-07,평일,20,멀뫼4R-남 (북향),있음(비0),1040,B형 검토,0,0.1136
2026-04-07,평일,20,멀뫼사거리-북 (남향),있음(비0),463,B형 검토,0,0.1136
2026-04-07,평일,21,멀뫼사거리-동 (서향),있음(비0),170,B형 검토,0,0.1136
2026-04-07,평일,21,멀뫼사거리-서 (동향),있음(비0),423,B형 검토,0,0.1136
2026-04-07,평일,21,멀뫼4R-남 (북향),있음(비0),803,B형 검토,0,0.1136
2026-04-07,평일,21,멀뫼사거리-북 (남향),있음(비0),420,B형 검토,0,0.1136
2026-04-07,평일,22,멀뫼사거리-동 (서향),있음(비0),156,B형 검토,0,0.1136
2026-04-07,평일,22,멀뫼사거리-서 (동향),있음(비0),330,B형 검토,0,0.1136
2026-04-07,평일,22,멀뫼4R-남 (북향),있음(비0),557,B형 검토,0,0.1136
2026-04-07,평일,22,멀뫼사거리-북 (남향),있음(비0),264,B형 검토,0,0.1136
2026-04-07,평일,23,멀뫼사거리-동 (서향),있음(비0),132,B형 검토,0,0.1136
2026-04-07,평일,23,멀뫼사거리-서 (동향),있음(비0),294,B형 검토,0,0.1136
2026-04-07,평일,23,멀뫼4R-남 (북향),있음(비0),398,B형 검토,0,0.1136
2026-04-07,평일,23,멀뫼사거리-북 (남향),있음(비0),174,B형 검토,0,0.1136
2026-04-08,평일,00,멀뫼사거리-동 (서향),있음(비0),105,B형 검토,0,0.1364
2026-04-08,평일,00,멀뫼사거리-서 (동향),있음(비0),197,B형 검토,0,0.1364
2026-04-08,평일,00,멀뫼4R-남 (북향),있음(비0),279,B형 검토,0,0.1364
2026-04-08,평일,00,멀뫼사거리-북 (남향),있음(비0),115,B형 검토,0,0.1364
2026-04-08,평일,01,멀뫼사거리-동 (서향),있음(비0),74,B형 검토,0,0.1364
2026-04-08,평일,01,멀뫼사거리-서 (동향),있음(비0),144,B형 검토,0,0.1364
2026-04-08,평일,01,멀뫼4R-남 (북향),있음(비0),168,B형 검토,0,0.1364
2026-04-08,평일,01,멀뫼사거리-북 (남향),있음(비0),76,B형 검토,0,0.1364
2026-04-08,평일,02,멀뫼사거리-동 (서향),있음(비0),67,B형 검토,0,0.1364
2026-04-08,평일,02,멀뫼사거리-서 (동향),있음(비0),136,B형 검토,0,0.1364
2026-04-08,평일,02,멀뫼4R-남 (북향),있음(비0),146,B형 검토,0,0.1364
2026-04-08,평일,02,멀뫼사거리-북 (남향),있음(비0),55,B형 검토,0,0.1364
2026-04-08,평일,03,멀뫼사거리-동 (서향),있음(비0),70,B형 검토,0,0.1364
2026-04-08,평일,03,멀뫼사거리-서 (동향),있음(비0),107,B형 검토,0,0.1364
2026-04-08,평일,03,멀뫼4R-남 (북향),있음(비0),126,B형 검토,0,0.1364
2026-04-08,평일,03,멀뫼사거리-북 (남향),있음(비0),74,B형 검토,0,0.1364
2026-04-08,평일,04,멀뫼사거리-동 (서향),있음(비0),88,B형 검토,0,0.1364
2026-04-08,평일,04,멀뫼사거리-서 (동향),있음(비0),218,B형 검토,0,0.1364
2026-04-08,평일,04,멀뫼4R-남 (북향),있음(비0),232,B형 검토,0,0.1364
2026-04-08,평일,04,멀뫼사거리-북 (남향),있음(비0),124,B형 검토,0,0.1364
2026-04-08,평일,05,멀뫼사거리-동 (서향),있음(비0),127,B형 검토,0,0.1364
2026-04-08,평일,05,멀뫼사거리-서 (동향),있음(비0),389,B형 검토,0,0.1364
2026-04-08,평일,05,멀뫼4R-남 (북향),있음(비0),627,B형 검토,0,0.1364
2026-04-08,평일,05,멀뫼사거리-북 (남향),있음(비0),309,B형 검토,0,0.1364
2026-04-08,평일,06,멀뫼사거리-동 (서향),있음(비0),217,B형 검토,0,0.1364
2026-04-08,평일,06,멀뫼사거리-서 (동향),있음(비0),582,B형 검토,0,0.1364
2026-04-08,평일,06,멀뫼4R-남 (북향),있음(비0),1116,B형 검토,0,0.1364
2026-04-08,평일,06,멀뫼사거리-북 (남향),있음(비0),434,B형 검토,0,0.1364
2026-04-08,평일,07,멀뫼사거리-동 (서향),있음(비0),303,B형 검토,0,0.1364
2026-04-08,평일,07,멀뫼사거리-서 (동향),있음(비0),715,B형 검토,0,0.1364
2026-04-08,평일,07,멀뫼4R-남 (북향),있음(비0),1734,B형 검토,0,0.1364
2026-04-08,평일,07,멀뫼사거리-북 (남향),있음(비0),432,B형 검토,0,0.1364
2026-04-08,평일,08,멀뫼사거리-동 (서향),있음(비0),442,B형 검토,0,0.1364
2026-04-08,평일,08,멀뫼사거리-서 (동향),있음(비0),823,B형 검토,0,0.1364
2026-04-08,평일,08,멀뫼4R-남 (북향),있음(비0),1792,B형 검토,0,0.1364
2026-04-08,평일,08,멀뫼사거리-북 (남향),있음(비0),441,B형 검토,0,0.1364
2026-04-08,평일,09,멀뫼사거리-동 (서향),있음(비0),373,B형 검토,0,0.1364
2026-04-08,평일,09,멀뫼사거리-서 (동향),있음(비0),719,B형 검토,0,0.1364
2026-04-08,평일,09,멀뫼4R-남 (북향),있음(비0),1472,B형 검토,0,0.1364
2026-04-08,평일,09,멀뫼사거리-북 (남향),있음(비0),476,B형 검토,0,0.1364
2026-04-08,평일,10,멀뫼사거리-동 (서향),있음(비0),358,B형 검토,0,0.0909
2026-04-08,평일,10,멀뫼사거리-서 (동향),있음(비0),698,B형 검토,0,0.0909
2026-04-08,평일,10,멀뫼4R-남 (북향),있음(비0),1353,B형 검토,0,0.1136
2026-04-08,평일,10,멀뫼사거리-북 (남향),있음(비0),449,B형 검토,0,0.1136
2026-04-08,평일,11,멀뫼사거리-동 (서향),있음(비0),356,B형 검토,0,0.0909
2026-04-08,평일,11,멀뫼사거리-서 (동향),있음(비0),746,B형 검토,0,0.0909
2026-04-08,평일,11,멀뫼4R-남 (북향),있음(비0),1209,B형 검토,0,0.0909
2026-04-08,평일,11,멀뫼사거리-북 (남향),있음(비0),489,B형 검토,0,0.0909
2026-04-08,평일,12,멀뫼사거리-동 (서향),있음(비0),292,B형 검토,0,0.0909
2026-04-08,평일,12,멀뫼사거리-서 (동향),있음(비0),698,B형 검토,0,0.0909
2026-04-08,평일,12,멀뫼4R-남 (북향),있음(비0),1137,B형 검토,0,0.0909
2026-04-08,평일,12,멀뫼사거리-북 (남향),있음(비0),455,B형 검토,0,0.0909
2026-04-08,평일,13,멀뫼사거리-동 (서향),있음(비0),344,B형 검토,0,0.0909
2026-04-08,평일,13,멀뫼사거리-서 (동향),있음(비0),710,B형 검토,0,0.0909
2026-04-08,평일,13,멀뫼4R-남 (북향),있음(비0),1241,B형 검토,0,0.0909
2026-04-08,평일,13,멀뫼사거리-북 (남향),있음(비0),467,B형 검토,0,0.0909
2026-04-08,평일,14,멀뫼사거리-동 (서향),있음(비0),358,B형 검토,0,0.0909
2026-04-08,평일,14,멀뫼사거리-서 (동향),있음(비0),753,B형 검토,0,0.0909
2026-04-08,평일,14,멀뫼4R-남 (북향),있음(비0),1360,B형 검토,0,0.0909
2026-04-08,평일,14,멀뫼사거리-북 (남향),있음(비0),493,B형 검토,0,0.0909
2026-04-08,평일,15,멀뫼사거리-동 (서향),있음(비0),383,B형 검토,0,0.0909
2026-04-08,평일,15,멀뫼사거리-서 (동향),있음(비0),803,B형 검토,0,0.0909
2026-04-08,평일,15,멀뫼4R-남 (북향),있음(비0),1265,B형 검토,0,0.0909
2026-04-08,평일,15,멀뫼사거리-북 (남향),있음(비0),454,B형 검토,0,0.0909
2026-04-08,평일,16,멀뫼사거리-동 (서향),있음(비0),404,B형 검토,0,0.1136
2026-04-08,평일,16,멀뫼사거리-서 (동향),있음(비0),792,B형 검토,0,0.1136
2026-04-08,평일,16,멀뫼4R-남 (북향),있음(비0),1405,B형 검토,0,0.1136
2026-04-08,평일,16,멀뫼사거리-북 (남향),있음(비0),493,B형 검토,0,0.1136
2026-04-08,평일,17,멀뫼사거리-동 (서향),있음(비0),453,B형 검토,0,0.1136
2026-04-08,평일,17,멀뫼사거리-서 (동향),있음(비0),774,B형 검토,0,0.1136
2026-04-08,평일,17,멀뫼4R-남 (북향),있음(비0),1433,B형 검토,0,0.1136
2026-04-08,평일,17,멀뫼사거리-북 (남향),있음(비0),523,B형 검토,0,0.1136
2026-04-08,평일,18,멀뫼사거리-동 (서향),있음(비0),465,B형 검토,0,0.1136
2026-04-08,평일,18,멀뫼사거리-서 (동향),있음(비0),750,B형 검토,0,0.1136
2026-04-08,평일,18,멀뫼4R-남 (북향),있음(비0),1407,B형 검토,0,0.1136
2026-04-08,평일,18,멀뫼사거리-북 (남향),있음(비0),467,B형 검토,0,0.1136
2026-04-08,평일,19,멀뫼사거리-동 (서향),있음(비0),275,B형 검토,0,0.1136
2026-04-08,평일,19,멀뫼사거리-서 (동향),있음(비0),526,B형 검토,0,0.1136
2026-04-08,평일,19,멀뫼4R-남 (북향),있음(비0),1276,B형 검토,0,0.1136
2026-04-08,평일,19,멀뫼사거리-북 (남향),있음(비0),504,B형 검토,0,0.1136
2026-04-08,평일,20,멀뫼사거리-동 (서향),있음(비0),235,B형 검토,0,0.1136
2026-04-08,평일,20,멀뫼사거리-서 (동향),있음(비0),445,B형 검토,0,0.1136
2026-04-08,평일,20,멀뫼4R-남 (북향),있음(비0),999,B형 검토,0,0.1136
2026-04-08,평일,20,멀뫼사거리-북 (남향),있음(비0),450,B형 검토,0,0.1136
2026-04-08,평일,21,멀뫼사거리-동 (서향),있음(비0),176,B형 검토,0,0.1136
2026-04-08,평일,21,멀뫼사거리-서 (동향),있음(비0),425,B형 검토,0,0.1136
2026-04-08,평일,21,멀뫼4R-남 (북향),있음(비0),815,B형 검토,0,0.1136
2026-04-08,평일,21,멀뫼사거리-북 (남향),있음(비0),389,B형 검토,0,0.1136
2026-04-08,평일,22,멀뫼사거리-동 (서향),있음(비0),158,B형 검토,0,0.1136
2026-04-08,평일,22,멀뫼사거리-서 (동향),있음(비0),372,B형 검토,0,0.1136
2026-04-08,평일,22,멀뫼4R-남 (북향),있음(비0),584,B형 검토,0,0.1136
2026-04-08,평일,22,멀뫼사거리-북 (남향),있음(비0),293,B형 검토,0,0.1136
2026-04-08,평일,23,멀뫼사거리-동 (서향),있음(비0),116,B형 검토,0,0.1136
2026-04-08,평일,23,멀뫼사거리-서 (동향),있음(비0),319,B형 검토,0,0.1136
2026-04-08,평일,23,멀뫼4R-남 (북향),있음(비0),415,B형 검토,0,0.1136
2026-04-08,평일,23,멀뫼사거리-북 (남향),있음(비0),188,B형 검토,0,0.1136
2026-04-09,평일,00,멀뫼사거리-동 (서향),있음(비0),105,B형 검토,0,0.1364
2026-04-09,평일,00,멀뫼사거리-서 (동향),있음(비0),220,B형 검토,0,0.1364
2026-04-09,평일,00,멀뫼4R-남 (북향),있음(비0),304,B형 검토,0,0.1364
2026-04-09,평일,00,멀뫼사거리-북 (남향),있음(비0),127,B형 검토,0,0.1364
2026-04-09,평일,01,멀뫼사거리-동 (서향),있음(비0),89,B형 검토,0,0.1364
2026-04-09,평일,01,멀뫼사거리-서 (동향),있음(비0),146,B형 검토,0,0.1364
2026-04-09,평일,01,멀뫼4R-남 (북향),있음(비0),195,B형 검토,0,0.1364
2026-04-09,평일,01,멀뫼사거리-북 (남향),있음(비0),101,B형 검토,0,0.1364
2026-04-09,평일,02,멀뫼사거리-동 (서향),있음(비0),82,B형 검토,0,0.1364
2026-04-09,평일,02,멀뫼사거리-서 (동향),있음(비0),138,B형 검토,0,0.1364
2026-04-09,평일,02,멀뫼4R-남 (북향),있음(비0),194,B형 검토,0,0.1364
2026-04-09,평일,02,멀뫼사거리-북 (남향),있음(비0),64,B형 검토,0,0.1364
2026-04-09,평일,03,멀뫼사거리-동 (서향),있음(비0),60,B형 검토,0,0.1364
2026-04-09,평일,03,멀뫼사거리-서 (동향),있음(비0),101,B형 검토,0,0.1364
2026-04-09,평일,03,멀뫼4R-남 (북향),있음(비0),146,B형 검토,0,0.1364
2026-04-09,평일,03,멀뫼사거리-북 (남향),있음(비0),59,B형 검토,0,0.1364
2026-04-09,평일,04,멀뫼사거리-동 (서향),있음(비0),82,B형 검토,0,0.1364
2026-04-09,평일,04,멀뫼사거리-서 (동향),있음(비0),196,B형 검토,0,0.1364
2026-04-09,평일,04,멀뫼4R-남 (북향),있음(비0),222,B형 검토,0,0.1364
2026-04-09,평일,04,멀뫼사거리-북 (남향),있음(비0),133,B형 검토,0,0.1364
2026-04-09,평일,05,멀뫼사거리-동 (서향),있음(비0),130,B형 검토,0,0.1364
2026-04-09,평일,05,멀뫼사거리-서 (동향),있음(비0),354,B형 검토,0,0.1364
2026-04-09,평일,05,멀뫼4R-남 (북향),있음(비0),547,B형 검토,0,0.1364
2026-04-09,평일,05,멀뫼사거리-북 (남향),있음(비0),316,B형 검토,0,0.1364
2026-04-09,평일,06,멀뫼사거리-동 (서향),있음(비0),217,B형 검토,0,0.1364
2026-04-09,평일,06,멀뫼사거리-서 (동향),있음(비0),527,B형 검토,0,0.1364
2026-04-09,평일,06,멀뫼4R-남 (북향),있음(비0),1024,B형 검토,0,0.1364
2026-04-09,평일,06,멀뫼사거리-북 (남향),있음(비0),407,B형 검토,0,0.1364
2026-04-09,평일,07,멀뫼사거리-동 (서향),있음(비0),317,B형 검토,0,0.1364
2026-04-09,평일,07,멀뫼사거리-서 (동향),있음(비0),711,B형 검토,0,0.1364
2026-04-09,평일,07,멀뫼4R-남 (북향),있음(비0),1609,B형 검토,0,0.1364
2026-04-09,평일,07,멀뫼사거리-북 (남향),있음(비0),431,B형 검토,0,0.1364
2026-04-09,평일,08,멀뫼사거리-동 (서향),있음(비0),452,B형 검토,0,0.1364
2026-04-09,평일,08,멀뫼사거리-서 (동향),있음(비0),820,B형 검토,0,0.1364
2026-04-09,평일,08,멀뫼4R-남 (북향),있음(비0),1787,B형 검토,0,0.1364
2026-04-09,평일,08,멀뫼사거리-북 (남향),있음(비0),452,B형 검토,0,0.1364
2026-04-09,평일,09,멀뫼사거리-동 (서향),있음(비0),385,B형 검토,0,0.1364
2026-04-09,평일,09,멀뫼사거리-서 (동향),있음(비0),746,B형 검토,0,0.1364
2026-04-09,평일,09,멀뫼4R-남 (북향),있음(비0),1443,B형 검토,0,0.1364
2026-04-09,평일,09,멀뫼사거리-북 (남향),있음(비0),504,B형 검토,0,0.1364
2026-04-09,평일,10,멀뫼사거리-동 (서향),있음(비0),332,B형 검토,0,0.0909
2026-04-09,평일,10,멀뫼사거리-서 (동향),있음(비0),729,B형 검토,0,0.0909
2026-04-09,평일,10,멀뫼4R-남 (북향),있음(비0),1302,B형 검토,0,0.1136
2026-04-09,평일,10,멀뫼사거리-북 (남향),있음(비0),490,B형 검토,0,0.1136
2026-04-09,평일,11,멀뫼사거리-동 (서향),있음(비0),327,B형 검토,0,0.0909
2026-04-09,평일,11,멀뫼사거리-서 (동향),있음(비0),671,B형 검토,0,0.0909
2026-04-09,평일,11,멀뫼4R-남 (북향),있음(비0),1112,B형 검토,0,0.0909
2026-04-09,평일,11,멀뫼사거리-북 (남향),있음(비0),457,B형 검토,0,0.0909
2026-04-09,평일,12,멀뫼사거리-동 (서향),있음(비0),251,B형 검토,0,0.0909
2026-04-09,평일,12,멀뫼사거리-서 (동향),있음(비0),650,B형 검토,0,0.0909
2026-04-09,평일,12,멀뫼4R-남 (북향),있음(비0),1137,B형 검토,0,0.0909
2026-04-09,평일,12,멀뫼사거리-북 (남향),있음(비0),455,B형 검토,0,0.0909
2026-04-09,평일,13,멀뫼사거리-동 (서향),있음(비0),301,B형 검토,0,0.0909
2026-04-09,평일,13,멀뫼사거리-서 (동향),있음(비0),646,B형 검토,0,0.0909
2026-04-09,평일,13,멀뫼4R-남 (북향),있음(비0),1204,B형 검토,0,0.0909
2026-04-09,평일,13,멀뫼사거리-북 (남향),있음(비0),457,B형 검토,0,0.0909
2026-04-09,평일,14,멀뫼사거리-동 (서향),있음(비0),276,B형 검토,0,0.0909
2026-04-09,평일,14,멀뫼사거리-서 (동향),있음(비0),740,B형 검토,0,0.0909
2026-04-09,평일,14,멀뫼4R-남 (북향),있음(비0),1267,B형 검토,0,0.0909
2026-04-09,평일,14,멀뫼사거리-북 (남향),있음(비0),454,B형 검토,0,0.0909
2026-04-09,평일,15,멀뫼사거리-동 (서향),있음(비0),309,B형 검토,0,0.0909
2026-04-09,평일,15,멀뫼사거리-서 (동향),있음(비0),767,B형 검토,0,0.0909
2026-04-09,평일,15,멀뫼4R-남 (북향),있음(비0),1166,B형 검토,0,0.0909
2026-04-09,평일,15,멀뫼사거리-북 (남향),있음(비0),482,B형 검토,0,0.0909
2026-04-09,평일,16,멀뫼사거리-동 (서향),있음(비0),334,B형 검토,0,0.1136
2026-04-09,평일,16,멀뫼사거리-서 (동향),있음(비0),773,B형 검토,0,0.1136
2026-04-09,평일,16,멀뫼4R-남 (북향),있음(비0),1123,B형 검토,0,0.1136
2026-04-09,평일,16,멀뫼사거리-북 (남향),있음(비0),457,B형 검토,0,0.1136
2026-04-09,평일,17,멀뫼사거리-동 (서향),있음(비0),347,B형 검토,0,0.1136
2026-04-09,평일,17,멀뫼사거리-서 (동향),있음(비0),750,B형 검토,0,0.1136
2026-04-09,평일,17,멀뫼4R-남 (북향),있음(비0),1183,B형 검토,0,0.1136
2026-04-09,평일,17,멀뫼사거리-북 (남향),있음(비0),484,B형 검토,0,0.1136
2026-04-09,평일,18,멀뫼사거리-동 (서향),있음(비0),370,B형 검토,0,0.1136
2026-04-09,평일,18,멀뫼사거리-서 (동향),있음(비0),698,B형 검토,0,0.1136
2026-04-09,평일,18,멀뫼4R-남 (북향),있음(비0),1233,B형 검토,0,0.1136
2026-04-09,평일,18,멀뫼사거리-북 (남향),있음(비0),506,B형 검토,0,0.1136
2026-04-09,평일,19,멀뫼사거리-동 (서향),있음(비0),127,B형 검토,0,0.1136
2026-04-09,평일,19,멀뫼사거리-서 (동향),있음(비0),447,B형 검토,0,0.1136
2026-04-09,평일,19,멀뫼4R-남 (북향),있음(비0),936,B형 검토,0,0.1136
2026-04-09,평일,19,멀뫼사거리-북 (남향),있음(비0),426,B형 검토,0,0.1136
2026-04-09,평일,20,멀뫼사거리-동 (서향),있음(비0),98,B형 검토,0,0.1136
2026-04-09,평일,20,멀뫼사거리-서 (동향),있음(비0),366,B형 검토,0,0.1136
2026-04-09,평일,20,멀뫼4R-남 (북향),있음(비0),434,B형 검토,0,0.1136
2026-04-09,평일,20,멀뫼사거리-북 (남향),있음(비0),404,B형 검토,0,0.1136
2026-04-09,평일,21,멀뫼사거리-동 (서향),있음(비0),152,B형 검토,0,0.1136
2026-04-09,평일,21,멀뫼사거리-서 (동향),있음(비0),330,B형 검토,0,0.1136
2026-04-09,평일,21,멀뫼4R-남 (북향),있음(비0),688,B형 검토,0,0.1136
2026-04-09,평일,21,멀뫼사거리-북 (남향),있음(비0),310,B형 검토,0,0.1136
2026-04-09,평일,22,멀뫼사거리-동 (서향),있음(비0),75,B형 검토,0,0.1136
2026-04-09,평일,22,멀뫼사거리-서 (동향),있음(비0),282,B형 검토,0,0.1136
2026-04-09,평일,22,멀뫼4R-남 (북향),있음(비0),297,B형 검토,0,0.1136
2026-04-09,평일,22,멀뫼사거리-북 (남향),있음(비0),256,B형 검토,0,0.1136
2026-04-09,평일,23,멀뫼사거리-동 (서향),있음(비0),103,B형 검토,0,0.1136
2026-04-09,평일,23,멀뫼사거리-서 (동향),있음(비0),135,B형 검토,0,0.1136
2026-04-09,평일,23,멀뫼4R-남 (북향),있음(비0),320,B형 검토,0,0.1136
2026-04-09,평일,23,멀뫼사거리-북 (남향),있음(비0),172,B형 검토,0,0.1136
2026-04-10,평일,00,멀뫼사거리-동 (서향),있음(비0),85,B형 검토,0,0.1364
2026-04-10,평일,00,멀뫼사거리-서 (동향),있음(비0),47,B형 검토,0,0.1364
2026-04-10,평일,00,멀뫼4R-남 (북향),있음(비0),250,B형 검토,0,0.1364
2026-04-10,평일,00,멀뫼사거리-북 (남향),있음(비0),119,B형 검토,0,0.1364
2026-04-10,평일,01,멀뫼사거리-동 (서향),있음(비0),77,B형 검토,0,0.1364
2026-04-10,평일,01,멀뫼사거리-서 (동향),있음(비0),92,B형 검토,0,0.1364
2026-04-10,평일,01,멀뫼4R-남 (북향),있음(비0),168,B형 검토,0,0.1364
2026-04-10,평일,01,멀뫼사거리-북 (남향),있음(비0),104,B형 검토,0,0.1364
2026-04-10,평일,02,멀뫼사거리-동 (서향),있음(비0),53,B형 검토,0,0.1364
2026-04-10,평일,02,멀뫼사거리-서 (동향),있음(비0),48,B형 검토,0,0.1364
2026-04-10,평일,02,멀뫼4R-남 (북향),있음(비0),146,B형 검토,0,0.1364
2026-04-10,평일,02,멀뫼사거리-북 (남향),있음(비0),56,B형 검토,0,0.1364
2026-04-10,평일,03,멀뫼사거리-동 (서향),있음(비0),42,B형 검토,0,0.1364
2026-04-10,평일,03,멀뫼사거리-서 (동향),있음(비0),22,B형 검토,0,0.1364
2026-04-10,평일,03,멀뫼4R-남 (북향),있음(비0),81,B형 검토,0,0.1364
2026-04-10,평일,03,멀뫼사거리-북 (남향),있음(비0),85,B형 검토,0,0.1364
2026-04-10,평일,04,멀뫼사거리-동 (서향),있음(비0),74,B형 검토,0,0.1364
2026-04-10,평일,04,멀뫼사거리-서 (동향),있음(비0),61,B형 검토,0,0.1364
2026-04-10,평일,04,멀뫼4R-남 (북향),있음(비0),118,B형 검토,0,0.1364
2026-04-10,평일,04,멀뫼사거리-북 (남향),있음(비0),117,B형 검토,0,0.1364
2026-04-10,평일,05,멀뫼사거리-동 (서향),있음(비0),122,B형 검토,0,0.1364
2026-04-10,평일,05,멀뫼사거리-서 (동향),있음(비0),99,B형 검토,0,0.1364
2026-04-10,평일,05,멀뫼4R-남 (북향),있음(비0),384,B형 검토,0,0.1364
2026-04-10,평일,05,멀뫼사거리-북 (남향),있음(비0),255,B형 검토,0,0.1364
2026-04-10,평일,06,멀뫼사거리-동 (서향),있음(비0),204,B형 검토,0,0.1364
2026-04-10,평일,06,멀뫼사거리-서 (동향),있음(비0),502,B형 검토,0,0.1364
2026-04-10,평일,06,멀뫼4R-남 (북향),있음(비0),1052,B형 검토,0,0.1364
2026-04-10,평일,06,멀뫼사거리-북 (남향),있음(비0),410,B형 검토,0,0.1364
2026-04-10,평일,07,멀뫼사거리-동 (서향),있음(비0),310,B형 검토,0,0.1364
2026-04-10,평일,07,멀뫼사거리-서 (동향),있음(비0),711,B형 검토,0,0.1364
2026-04-10,평일,07,멀뫼4R-남 (북향),있음(비0),1641,B형 검토,0,0.1364
2026-04-10,평일,07,멀뫼사거리-북 (남향),있음(비0),411,B형 검토,0,0.1364
2026-04-10,평일,08,멀뫼사거리-동 (서향),있음(비0),461,B형 검토,0,0.1364
2026-04-10,평일,08,멀뫼사거리-서 (동향),있음(비0),771,B형 검토,0,0.1364
2026-04-10,평일,08,멀뫼4R-남 (북향),있음(비0),1683,B형 검토,0,0.1364
2026-04-10,평일,08,멀뫼사거리-북 (남향),있음(비0),423,B형 검토,0,0.1364
2026-04-10,평일,09,멀뫼사거리-동 (서향),있음(비0),395,B형 검토,0,0.1364
2026-04-10,평일,09,멀뫼사거리-서 (동향),있음(비0),556,B형 검토,0,0.1364
2026-04-10,평일,09,멀뫼4R-남 (북향),있음(비0),1385,B형 검토,0,0.1364
2026-04-10,평일,09,멀뫼사거리-북 (남향),있음(비0),481,B형 검토,0,0.1364
2026-04-10,평일,10,멀뫼사거리-동 (서향),있음(비0),336,B형 검토,0,0.0909
2026-04-10,평일,10,멀뫼사거리-서 (동향),있음(비0),710,B형 검토,0,0.0909
2026-04-10,평일,10,멀뫼4R-남 (북향),있음(비0),1233,B형 검토,0,0.1136
2026-04-10,평일,10,멀뫼사거리-북 (남향),있음(비0),442,B형 검토,0,0.1136
2026-04-10,평일,11,멀뫼사거리-동 (서향),있음(비0),326,B형 검토,0,0.0909
2026-04-10,평일,11,멀뫼사거리-서 (동향),있음(비0),731,B형 검토,0,0.0909
2026-04-10,평일,11,멀뫼4R-남 (북향),있음(비0),1223,B형 검토,0,0.0909
2026-04-10,평일,11,멀뫼사거리-북 (남향),있음(비0),480,B형 검토,0,0.0909
2026-04-10,평일,12,멀뫼사거리-동 (서향),있음(비0),364,B형 검토,0,0.0909
2026-04-10,평일,12,멀뫼사거리-서 (동향),있음(비0),744,B형 검토,0,0.0909
2026-04-10,평일,12,멀뫼4R-남 (북향),있음(비0),1166,B형 검토,0,0.0909
2026-04-10,평일,12,멀뫼사거리-북 (남향),있음(비0),489,B형 검토,0,0.0909
2026-04-10,평일,13,멀뫼사거리-동 (서향),있음(비0),340,B형 검토,0,0.0909
2026-04-10,평일,13,멀뫼사거리-서 (동향),있음(비0),717,B형 검토,0,0.0909
2026-04-10,평일,13,멀뫼4R-남 (북향),있음(비0),1284,B형 검토,0,0.0909
2026-04-10,평일,13,멀뫼사거리-북 (남향),있음(비0),498,B형 검토,0,0.0909
2026-04-10,평일,14,멀뫼사거리-동 (서향),있음(비0),400,B형 검토,0,0.0909
2026-04-10,평일,14,멀뫼사거리-서 (동향),있음(비0),700,B형 검토,0,0.0909
2026-04-10,평일,14,멀뫼4R-남 (북향),있음(비0),1275,B형 검토,0,0.0909
2026-04-10,평일,14,멀뫼사거리-북 (남향),있음(비0),482,B형 검토,0,0.0909
2026-04-10,평일,15,멀뫼사거리-동 (서향),있음(비0),391,B형 검토,0,0.0909
2026-04-10,평일,15,멀뫼사거리-서 (동향),있음(비0),795,B형 검토,0,0.0909
2026-04-10,평일,15,멀뫼4R-남 (북향),있음(비0),1309,B형 검토,0,0.0909
2026-04-10,평일,15,멀뫼사거리-북 (남향),있음(비0),479,B형 검토,0,0.0909
2026-04-10,평일,16,멀뫼사거리-동 (서향),있음(비0),371,B형 검토,0,0.1136
2026-04-10,평일,16,멀뫼사거리-서 (동향),있음(비0),813,B형 검토,0,0.1136
2026-04-10,평일,16,멀뫼4R-남 (북향),있음(비0),1387,B형 검토,0,0.1136
2026-04-10,평일,16,멀뫼사거리-북 (남향),있음(비0),459,B형 검토,0,0.1136
2026-04-10,평일,17,멀뫼사거리-동 (서향),있음(비0),505,B형 검토,0,0.1136
2026-04-10,평일,17,멀뫼사거리-서 (동향),있음(비0),737,B형 검토,0,0.1136
2026-04-10,평일,17,멀뫼4R-남 (북향),있음(비0),1421,B형 검토,0,0.1136
2026-04-10,평일,17,멀뫼사거리-북 (남향),있음(비0),444,B형 검토,0,0.1136
2026-04-10,평일,18,멀뫼사거리-동 (서향),있음(비0),457,B형 검토,0,0.1136
2026-04-10,평일,18,멀뫼사거리-서 (동향),있음(비0),760,B형 검토,0,0.1136
2026-04-10,평일,18,멀뫼4R-남 (북향),있음(비0),1398,B형 검토,0,0.1136
2026-04-10,평일,18,멀뫼사거리-북 (남향),있음(비0),460,B형 검토,0,0.1136
2026-04-10,평일,19,멀뫼사거리-동 (서향),있음(비0),271,B형 검토,0,0.1136
2026-04-10,평일,19,멀뫼사거리-서 (동향),있음(비0),520,B형 검토,0,0.1136
2026-04-10,평일,19,멀뫼4R-남 (북향),있음(비0),1302,B형 검토,0,0.1136
2026-04-10,평일,19,멀뫼사거리-북 (남향),있음(비0),502,B형 검토,0,0.1136
2026-04-10,평일,20,멀뫼사거리-동 (서향),있음(비0),215,B형 검토,0,0.1136
2026-04-10,평일,20,멀뫼사거리-서 (동향),있음(비0),460,B형 검토,0,0.1136
2026-04-10,평일,20,멀뫼4R-남 (북향),있음(비0),1096,B형 검토,0,0.1136
2026-04-10,평일,20,멀뫼사거리-북 (남향),있음(비0),460,B형 검토,0,0.1136
2026-04-10,평일,21,멀뫼사거리-동 (서향),있음(비0),220,B형 검토,0,0.1136
2026-04-10,평일,21,멀뫼사거리-서 (동향),있음(비0),479,B형 검토,0,0.1136
2026-04-10,평일,21,멀뫼4R-남 (북향),있음(비0),936,B형 검토,0,0.1136
2026-04-10,평일,21,멀뫼사거리-북 (남향),있음(비0),396,B형 검토,0,0.1136
2026-04-10,평일,22,멀뫼사거리-동 (서향),있음(비0),189,B형 검토,0,0.1136
2026-04-10,평일,22,멀뫼사거리-서 (동향),있음(비0),438,B형 검토,0,0.1136
2026-04-10,평일,22,멀뫼4R-남 (북향),있음(비0),667,B형 검토,0,0.1136
2026-04-10,평일,22,멀뫼사거리-북 (남향),있음(비0),319,B형 검토,0,0.1136
2026-04-10,평일,23,멀뫼사거리-동 (서향),있음(비0),145,B형 검토,0,0.1136
2026-04-10,평일,23,멀뫼사거리-서 (동향),있음(비0),382,B형 검토,0,0.1136
2026-04-10,평일,23,멀뫼4R-남 (북향),있음(비0),523,B형 검토,0,0.1136
2026-04-10,평일,23,멀뫼사거리-북 (남향),있음(비0),223,B형 검토,0,0.1136
