날짜,요일유형,hour,acsr_nm,레코드여부,trf_qnty,판정가능여부,final_stage,final_zero_rate
2026-01-01,일·공휴일,00,항동중학교입구3R-남(북향),있음(비0),80,B형 검토,0,0.0000
2026-01-01,일·공휴일,00,항동중학교입구3R-북(남향),있음(비0),28,B형 검토,2,0.6538
2026-01-01,일·공휴일,00,항동중학교입구3R-동(서향),있음(비0),24,B형 검토,2,0.6442
2026-01-01,일·공휴일,01,항동중학교입구3R-남(북향),있음(비0),83,B형 검토,0,0.0000
2026-01-01,일·공휴일,01,항동중학교입구3R-북(남향),있음(비0),18,B형 검토,2,0.6538
2026-01-01,일·공휴일,01,항동중학교입구3R-동(서향),있음(비0),23,B형 검토,2,0.6442
2026-01-01,일·공휴일,02,항동중학교입구3R-남(북향),있음(비0),51,B형 검토,0,0.0000
2026-01-01,일·공휴일,02,항동중학교입구3R-북(남향),있음(비0),15,B형 검토,2,0.6538
2026-01-01,일·공휴일,02,항동중학교입구3R-동(서향),있음(비0),9,B형 검토,2,0.6442
2026-01-01,일·공휴일,03,항동중학교입구3R-남(북향),있음(비0),27,B형 검토,0,0.0000
2026-01-01,일·공휴일,03,항동중학교입구3R-북(남향),있음(비0),8,B형 검토,2,0.6538
2026-01-01,일·공휴일,03,항동중학교입구3R-동(서향),있음(비0),4,B형 검토,2,0.6442
2026-01-01,일·공휴일,04,항동중학교입구3R-남(북향),있음(비0),40,B형 검토,0,0.0000
2026-01-01,일·공휴일,04,항동중학교입구3R-북(남향),있음(비0),13,B형 검토,2,0.6538
2026-01-01,일·공휴일,04,항동중학교입구3R-동(서향),있음(비0),10,B형 검토,2,0.6538
2026-01-01,일·공휴일,05,항동중학교입구3R-남(북향),있음(비0),38,B형 검토,0,0.0000
2026-01-01,일·공휴일,05,항동중학교입구3R-북(남향),있음(비0),21,B형 검토,2,0.6538
2026-01-01,일·공휴일,05,항동중학교입구3R-동(서향),있음(비0),5,B형 검토,2,0.6635
2026-01-01,일·공휴일,06,항동중학교입구3R-남(북향),있음(비0),66,B형 검토,0,0.0000
2026-01-01,일·공휴일,06,항동중학교입구3R-북(남향),있음(비0),20,B형 검토,2,0.6731
2026-01-01,일·공휴일,06,항동중학교입구3R-동(서향),있음(비0),11,B형 검토,2,0.6635
2026-01-01,일·공휴일,07,항동중학교입구3R-남(북향),있음(비0),58,B형 검토,0,0.0000
2026-01-01,일·공휴일,07,항동중학교입구3R-북(남향),있음(비0),16,B형 검토,2,0.6635
2026-01-01,일·공휴일,07,항동중학교입구3R-동(서향),있음(비0),14,B형 검토,2,0.6635
2026-01-01,일·공휴일,08,항동중학교입구3R-남(북향),있음(비0),127,B형 검토,0,0.0000
2026-01-01,일·공휴일,08,항동중학교입구3R-북(남향),있음(비0),24,B형 검토,2,0.6538
2026-01-01,일·공휴일,08,항동중학교입구3R-동(서향),있음(비0),30,B형 검토,2,0.6442
2026-01-01,일·공휴일,09,항동중학교입구3R-남(북향),있음(비0),168,B형 검토,0,0.0000
2026-01-01,일·공휴일,09,항동중학교입구3R-북(남향),있음(비0),25,B형 검토,2,0.6442
2026-01-01,일·공휴일,09,항동중학교입구3R-동(서향),있음(비0),41,B형 검토,2,0.6346
2026-01-01,일·공휴일,10,항동중학교입구3R-남(북향),있음(비0),206,B형 검토,0,0.0000
2026-01-01,일·공휴일,10,항동중학교입구3R-북(남향),있음(비0),35,B형 검토,2,0.6442
2026-01-01,일·공휴일,10,항동중학교입구3R-동(서향),있음(비0),47,B형 검토,2,0.6346
2026-01-01,일·공휴일,11,항동중학교입구3R-남(북향),있음(비0),257,B형 검토,0,0.0000
2026-01-01,일·공휴일,11,항동중학교입구3R-북(남향),있음(비0),36,B형 검토,2,0.6442
2026-01-01,일·공휴일,11,항동중학교입구3R-동(서향),있음(비0),75,B형 검토,2,0.6346
2026-01-01,일·공휴일,12,항동중학교입구3R-남(북향),있음(비0),257,B형 검토,0,0.0000
2026-01-01,일·공휴일,12,항동중학교입구3R-북(남향),있음(비0),35,B형 검토,2,0.6442
2026-01-01,일·공휴일,12,항동중학교입구3R-동(서향),있음(비0),72,B형 검토,2,0.6346
2026-01-01,일·공휴일,13,항동중학교입구3R-남(북향),있음(비0),284,B형 검토,0,0.0000
2026-01-01,일·공휴일,13,항동중학교입구3R-북(남향),있음(비0),37,B형 검토,2,0.6442
2026-01-01,일·공휴일,13,항동중학교입구3R-동(서향),있음(비0),74,B형 검토,2,0.6346
2026-01-01,일·공휴일,14,항동중학교입구3R-남(북향),있음(비0),277,B형 검토,0,0.0000
2026-01-01,일·공휴일,14,항동중학교입구3R-북(남향),있음(비0),40,B형 검토,2,0.6442
2026-01-01,일·공휴일,14,항동중학교입구3R-동(서향),있음(비0),86,B형 검토,2,0.6346
2026-01-01,일·공휴일,15,항동중학교입구3R-남(북향),있음(비0),233,B형 검토,0,0.0000
2026-01-01,일·공휴일,15,항동중학교입구3R-북(남향),있음(비0),52,B형 검토,2,0.6442
2026-01-01,일·공휴일,15,항동중학교입구3R-동(서향),있음(비0),81,B형 검토,2,0.6346
2026-01-01,일·공휴일,16,항동중학교입구3R-남(북향),있음(비0),297,B형 검토,0,0.0000
2026-01-01,일·공휴일,16,항동중학교입구3R-북(남향),있음(비0),35,B형 검토,2,0.6442
2026-01-01,일·공휴일,16,항동중학교입구3R-동(서향),있음(비0),79,B형 검토,2,0.6346
2026-01-01,일·공휴일,17,항동중학교입구3R-남(북향),있음(비0),284,B형 검토,0,0.0000
2026-01-01,일·공휴일,17,항동중학교입구3R-북(남향),있음(비0),44,B형 검토,2,0.6442
2026-01-01,일·공휴일,17,항동중학교입구3R-동(서향),있음(비0),94,B형 검토,2,0.6346
2026-01-01,일·공휴일,18,항동중학교입구3R-남(북향),있음(비0),210,B형 검토,0,0.0000
2026-01-01,일·공휴일,18,항동중학교입구3R-북(남향),있음(비0),37,B형 검토,2,0.6442
2026-01-01,일·공휴일,18,항동중학교입구3R-동(서향),있음(비0),98,B형 검토,2,0.6346
2026-01-01,일·공휴일,19,항동중학교입구3R-남(북향),있음(비0),238,B형 검토,0,0.0000
2026-01-01,일·공휴일,19,항동중학교입구3R-북(남향),있음(비0),35,B형 검토,2,0.6442
2026-01-01,일·공휴일,19,항동중학교입구3R-동(서향),있음(비0),76,B형 검토,2,0.6346
2026-01-01,일·공휴일,20,항동중학교입구3R-남(북향),있음(비0),198,B형 검토,0,0.0000
2026-01-01,일·공휴일,20,항동중학교입구3R-북(남향),있음(비0),30,B형 검토,2,0.6442
2026-01-01,일·공휴일,20,항동중학교입구3R-동(서향),있음(비0),54,B형 검토,2,0.6346
2026-01-01,일·공휴일,21,항동중학교입구3R-남(북향),있음(비0),143,B형 검토,0,0.0000
2026-01-01,일·공휴일,21,항동중학교입구3R-북(남향),있음(비0),29,B형 검토,2,0.6442
2026-01-01,일·공휴일,21,항동중학교입구3R-동(서향),있음(비0),36,B형 검토,2,0.6346
2026-01-01,일·공휴일,22,항동중학교입구3R-남(북향),있음(비0),90,B형 검토,0,0.0000
2026-01-01,일·공휴일,22,항동중학교입구3R-북(남향),있음(비0),26,B형 검토,2,0.6442
2026-01-01,일·공휴일,22,항동중학교입구3R-동(서향),있음(비0),29,B형 검토,2,0.6346
2026-01-01,일·공휴일,23,항동중학교입구3R-남(북향),있음(비0),63,B형 검토,0,0.0000
2026-01-01,일·공휴일,23,항동중학교입구3R-북(남향),있음(비0),14,B형 검토,2,0.6442
2026-01-01,일·공휴일,23,항동중학교입구3R-동(서향),있음(비0),15,B형 검토,2,0.6346
2026-01-02,평일,00,항동중학교입구3R-남(북향),있음(비0),45,B형 검토,0,0.0435
2026-01-02,평일,00,항동중학교입구3R-북(남향),있음(비0),10,B형 검토,1,0.7955
2026-01-02,평일,00,항동중학교입구3R-동(서향),있음(비0),6,B형 검토,1,0.7955
2026-01-02,평일,01,항동중학교입구3R-남(북향),있음(비0),28,B형 검토,0,0.0435
2026-01-02,평일,01,항동중학교입구3R-북(남향),있음(비0),11,B형 검토,1,0.7955
2026-01-02,평일,01,항동중학교입구3R-동(서향),있음(비0),4,B형 검토,1,0.7955
2026-01-02,평일,02,항동중학교입구3R-남(북향),있음(비0),23,B형 검토,0,0.0435
2026-01-02,평일,02,항동중학교입구3R-북(남향),있음(비0),10,B형 검토,1,0.7955
2026-01-02,평일,02,항동중학교입구3R-동(서향),있음(비0),3,B형 검토,1,0.7955
2026-01-02,평일,03,항동중학교입구3R-남(북향),있음(비0),19,B형 검토,0,0.0435
2026-01-02,평일,03,항동중학교입구3R-북(남향),있음(비0),7,B형 검토,1,0.7955
2026-01-02,평일,03,항동중학교입구3R-동(서향),있음(비0),2,B형 검토,2,0.6214
2026-01-02,평일,04,항동중학교입구3R-남(북향),있음(비0),31,B형 검토,0,0.0435
2026-01-02,평일,04,항동중학교입구3R-북(남향),있음(비0),18,B형 검토,2,0.6195
2026-01-02,평일,04,항동중학교입구3R-동(서향),있음(비0),10,B형 검토,2,0.6214
2026-01-02,평일,05,항동중학교입구3R-남(북향),있음(비0),91,B형 검토,0,0.0435
2026-01-02,평일,05,항동중학교입구3R-북(남향),있음(비0),33,B형 검토,2,0.6233
2026-01-02,평일,05,항동중학교입구3R-동(서향),있음(비0),16,B형 검토,2,0.6195
2026-01-02,평일,06,항동중학교입구3R-남(북향),있음(비0),204,B형 검토,0,0.0435
2026-01-02,평일,06,항동중학교입구3R-북(남향),있음(비0),59,B형 검토,2,0.6233
2026-01-02,평일,06,항동중학교입구3R-동(서향),있음(비0),23,B형 검토,2,0.6214
2026-01-02,평일,07,항동중학교입구3R-남(북향),있음(비0),374,B형 검토,0,0.0435
2026-01-02,평일,07,항동중학교입구3R-북(남향),있음(비0),80,B형 검토,2,0.6233
2026-01-02,평일,07,항동중학교입구3R-동(서향),있음(비0),44,B형 검토,2,0.6214
2026-01-02,평일,08,항동중학교입구3R-남(북향),있음(비0),392,B형 검토,0,0.0652
2026-01-02,평일,08,항동중학교입구3R-북(남향),있음(비0),72,B형 검토,2,0.6233
2026-01-02,평일,08,항동중학교입구3R-동(서향),있음(비0),87,B형 검토,2,0.6214
2026-01-02,평일,09,항동중학교입구3R-남(북향),있음(비0),301,B형 검토,0,0.0435
2026-01-02,평일,09,항동중학교입구3R-북(남향),있음(비0),80,B형 검토,2,0.6214
2026-01-02,평일,09,항동중학교입구3R-동(서향),있음(비0),80,B형 검토,2,0.6195
2026-01-02,평일,10,항동중학교입구3R-남(북향),있음(비0),270,B형 검토,0,0.0435
2026-01-02,평일,10,항동중학교입구3R-북(남향),있음(비0),62,B형 검토,1,0.7955
2026-01-02,평일,10,항동중학교입구3R-동(서향),있음(비0),69,B형 검토,1,0.7955
2026-01-02,평일,11,항동중학교입구3R-남(북향),있음(비0),239,B형 검토,0,0.0870
2026-01-02,평일,11,항동중학교입구3R-북(남향),있음(비0),55,B형 검토,1,0.7955
2026-01-02,평일,11,항동중학교입구3R-동(서향),있음(비0),73,B형 검토,1,0.7955
2026-01-02,평일,12,항동중학교입구3R-남(북향),있음(비0),241,B형 검토,0,0.0652
2026-01-02,평일,12,항동중학교입구3R-북(남향),있음(비0),57,B형 검토,1,0.7955
2026-01-02,평일,12,항동중학교입구3R-동(서향),있음(비0),84,B형 검토,1,0.7955
2026-01-02,평일,13,항동중학교입구3R-남(북향),있음(비0),275,B형 검토,0,0.0217
2026-01-02,평일,13,항동중학교입구3R-북(남향),있음(비0),56,B형 검토,1,0.7955
2026-01-02,평일,13,항동중학교입구3R-동(서향),있음(비0),80,B형 검토,1,0.7955
2026-01-02,평일,14,항동중학교입구3R-남(북향),있음(비0),291,B형 검토,0,0.0217
2026-01-02,평일,14,항동중학교입구3R-북(남향),있음(비0),46,B형 검토,2,0.6272
2026-01-02,평일,14,항동중학교입구3R-동(서향),있음(비0),109,B형 검토,2,0.6272
2026-01-02,평일,15,항동중학교입구3R-남(북향),있음(비0),272,B형 검토,0,0.0435
2026-01-02,평일,15,항동중학교입구3R-북(남향),있음(비0),91,B형 검토,1,0.7879
2026-01-02,평일,15,항동중학교입구3R-동(서향),있음(비0),122,B형 검토,1,0.7879
2026-01-02,평일,16,항동중학교입구3R-남(북향),있음(비0),339,B형 검토,0,0.0435
2026-01-02,평일,16,항동중학교입구3R-북(남향),있음(비0),50,B형 검토,1,0.7879
2026-01-02,평일,16,항동중학교입구3R-동(서향),있음(비0),100,B형 검토,1,0.7879
2026-01-02,평일,17,항동중학교입구3R-남(북향),있음(비0),414,B형 검토,0,0.0435
2026-01-02,평일,17,항동중학교입구3R-북(남향),있음(비0),62,B형 검토,1,0.7879
2026-01-02,평일,17,항동중학교입구3R-동(서향),있음(비0),116,B형 검토,1,0.7879
2026-01-02,평일,18,항동중학교입구3R-남(북향),있음(비0),437,B형 검토,0,0.0435
2026-01-02,평일,18,항동중학교입구3R-북(남향),있음(비0),60,B형 검토,1,0.7879
2026-01-02,평일,18,항동중학교입구3R-동(서향),있음(비0),134,B형 검토,1,0.7879
2026-01-02,평일,19,항동중학교입구3R-남(북향),있음(비0),303,B형 검토,0,0.0435
2026-01-02,평일,19,항동중학교입구3R-북(남향),있음(비0),51,B형 검토,1,0.7879
2026-01-02,평일,19,항동중학교입구3R-동(서향),있음(비0),98,B형 검토,1,0.7879
2026-01-02,평일,20,항동중학교입구3R-남(북향),있음(비0),182,B형 검토,0,0.0435
2026-01-02,평일,20,항동중학교입구3R-북(남향),있음(비0),41,B형 검토,1,0.7879
2026-01-02,평일,20,항동중학교입구3R-동(서향),있음(비0),60,B형 검토,1,0.7879
2026-01-02,평일,21,항동중학교입구3R-남(북향),있음(비0),141,B형 검토,0,0.0435
2026-01-02,평일,21,항동중학교입구3R-북(남향),있음(비0),35,B형 검토,1,0.7879
2026-01-02,평일,21,항동중학교입구3R-동(서향),있음(비0),44,B형 검토,1,0.7879
2026-01-02,평일,22,항동중학교입구3R-남(북향),있음(비0),105,B형 검토,0,0.0435
2026-01-02,평일,22,항동중학교입구3R-북(남향),있음(비0),34,B형 검토,1,0.7955
2026-01-02,평일,22,항동중학교입구3R-동(서향),있음(비0),54,B형 검토,1,0.7955
2026-01-02,평일,23,항동중학교입구3R-남(북향),있음(비0),90,B형 검토,0,0.0435
2026-01-02,평일,23,항동중학교입구3R-북(남향),있음(비0),20,B형 검토,1,0.7879
2026-01-02,평일,23,항동중학교입구3R-동(서향),있음(비0),20,B형 검토,1,0.7879
2026-01-03,토요일,00,항동중학교입구3R-남(북향),있음(비0),67,B형 검토,0,0.0000
2026-01-03,토요일,00,항동중학교입구3R-북(남향),있음(비0),5,B형 검토,2,0.6250
2026-01-03,토요일,00,항동중학교입구3R-동(서향),있음(비0),12,B형 검토,2,0.6250
2026-01-03,토요일,01,항동중학교입구3R-남(북향),있음(비0),41,B형 검토,0,0.0000
2026-01-03,토요일,01,항동중학교입구3R-북(남향),있음(비0),7,B형 검토,2,0.6250
2026-01-03,토요일,01,항동중학교입구3R-동(서향),있음(비0),6,B형 검토,1,0.7917
2026-01-03,토요일,02,항동중학교입구3R-남(북향),있음(비0),31,B형 검토,0,0.0000
2026-01-03,토요일,02,항동중학교입구3R-북(남향),있음(비0),9,B형 검토,2,0.6346
2026-01-03,토요일,02,항동중학교입구3R-동(서향),있음(비0),12,B형 검토,2,0.6250
2026-01-03,토요일,03,항동중학교입구3R-남(북향),있음(비0),11,B형 검토,0,0.0000
2026-01-03,토요일,03,항동중학교입구3R-북(남향),있음(비0),9,B형 검토,2,0.6250
2026-01-03,토요일,03,항동중학교입구3R-동(서향),있음(비0),3,B형 검토,1,0.7917
2026-01-03,토요일,04,항동중학교입구3R-남(북향),있음(비0),25,B형 검토,0,0.0000
2026-01-03,토요일,04,항동중학교입구3R-북(남향),있음(비0),16,B형 검토,1,0.7917
2026-01-03,토요일,04,항동중학교입구3R-동(서향),있음(비0),7,B형 검토,1,0.7917
2026-01-03,토요일,05,항동중학교입구3R-남(북향),있음(비0),72,B형 검토,0,0.0000
2026-01-03,토요일,05,항동중학교입구3R-북(남향),있음(비0),29,B형 검토,1,0.7917
2026-01-03,토요일,05,항동중학교입구3R-동(서향),있음(비0),13,B형 검토,1,0.7917
2026-01-03,토요일,06,항동중학교입구3R-남(북향),있음(비0),95,B형 검토,0,0.0000
2026-01-03,토요일,06,항동중학교입구3R-북(남향),있음(비0),34,B형 검토,2,0.6250
2026-01-03,토요일,06,항동중학교입구3R-동(서향),있음(비0),30,B형 검토,1,0.7917
2026-01-03,토요일,07,항동중학교입구3R-남(북향),있음(비0),110,B형 검토,0,0.0000
2026-01-03,토요일,07,항동중학교입구3R-북(남향),있음(비0),50,B형 검토,2,0.6250
2026-01-03,토요일,07,항동중학교입구3R-동(서향),있음(비0),26,B형 검토,1,0.7917
2026-01-03,토요일,08,항동중학교입구3R-남(북향),있음(비0),218,B형 검토,0,0.0000
2026-01-03,토요일,08,항동중학교입구3R-북(남향),있음(비0),57,B형 검토,2,0.6250
2026-01-03,토요일,08,항동중학교입구3R-동(서향),있음(비0),58,B형 검토,1,0.7917
2026-01-03,토요일,09,항동중학교입구3R-남(북향),있음(비0),261,B형 검토,0,0.0000
2026-01-03,토요일,09,항동중학교입구3R-북(남향),있음(비0),65,B형 검토,2,0.6250
2026-01-03,토요일,09,항동중학교입구3R-동(서향),있음(비0),81,B형 검토,2,0.6250
2026-01-03,토요일,10,항동중학교입구3R-남(북향),있음(비0),241,B형 검토,0,0.0000
2026-01-03,토요일,10,항동중학교입구3R-북(남향),있음(비0),91,B형 검토,2,0.6250
2026-01-03,토요일,10,항동중학교입구3R-동(서향),있음(비0),30,B형 검토,1,0.7917
2026-01-03,토요일,11,항동중학교입구3R-남(북향),있음(비0),77,B형 검토,0,0.0000
2026-01-03,토요일,11,항동중학교입구3R-북(남향),있음(비0),78,B형 검토,2,0.6250
2026-01-03,토요일,11,항동중학교입구3R-동(서향),있음(비0),1,B형 검토,1,0.7917
2026-01-03,토요일,12,항동중학교입구3R-남(북향),있음(비0),1,B형 검토,0,0.0000
2026-01-03,토요일,12,항동중학교입구3R-북(남향),있음(비0),7,B형 검토,2,0.6250
2026-01-03,토요일,12,항동중학교입구3R-동(서향),있음(비0),1,B형 검토,1,0.7917
2026-01-03,토요일,13,항동중학교입구3R-남(북향),있음(비0),4,B형 검토,0,0.0000
2026-01-03,토요일,13,항동중학교입구3R-북(남향),있음(비0),9,B형 검토,2,0.6250
2026-01-03,토요일,13,항동중학교입구3R-동(서향),있음(비0),2,B형 검토,1,0.7917
2026-01-03,토요일,14,항동중학교입구3R-남(북향),있음(비0),1,B형 검토,0,0.0000
2026-01-03,토요일,14,항동중학교입구3R-북(남향),있음(비0),7,B형 검토,2,0.6250
2026-01-03,토요일,14,항동중학교입구3R-동(서향),없음(NULL),,B형,1,0.7917
2026-01-03,토요일,15,항동중학교입구3R-남(북향),있음(비0),2,B형 검토,0,0.0000
2026-01-03,토요일,15,항동중학교입구3R-북(남향),있음(비0),14,B형 검토,2,0.6250
2026-01-03,토요일,15,항동중학교입구3R-동(서향),없음(NULL),,B형,2,0.6250
2026-01-03,토요일,16,항동중학교입구3R-남(북향),있음(비0),4,B형 검토,0,0.0000
2026-01-03,토요일,16,항동중학교입구3R-북(남향),있음(비0),17,B형 검토,2,0.6346
2026-01-03,토요일,16,항동중학교입구3R-동(서향),없음(NULL),,B형,2,0.6346
2026-01-03,토요일,17,항동중학교입구3R-남(북향),있음(비0),1,B형 검토,0,0.0000
2026-01-03,토요일,17,항동중학교입구3R-북(남향),있음(비0),64,B형 검토,2,0.6346
2026-01-03,토요일,17,항동중학교입구3R-동(서향),없음(NULL),,B형,2,0.6346
2026-01-03,토요일,18,항동중학교입구3R-남(북향),없음(NULL),,A형 가능,0,0.0000
2026-01-03,토요일,18,항동중학교입구3R-북(남향),있음(비0),30,B형 검토,2,0.6442
2026-01-03,토요일,18,항동중학교입구3R-동(서향),없음(NULL),,B형,2,0.6346
2026-01-03,토요일,19,항동중학교입구3R-남(북향),없음(NULL),,A형 가능,0,0.0000
2026-01-03,토요일,19,항동중학교입구3R-북(남향),있음(비0),46,B형 검토,2,0.6538
2026-01-03,토요일,19,항동중학교입구3R-동(서향),없음(NULL),,B형,2,0.6442
2026-01-03,토요일,20,항동중학교입구3R-남(북향),없음(NULL),,A형 가능,0,0.0000
2026-01-03,토요일,20,항동중학교입구3R-북(남향),있음(비0),72,B형 검토,2,0.6442
2026-01-03,토요일,20,항동중학교입구3R-동(서향),없음(NULL),,B형,1,0.7917
2026-01-03,토요일,21,항동중학교입구3R-남(북향),없음(NULL),,A형 가능,0,0.0000
2026-01-03,토요일,21,항동중학교입구3R-북(남향),있음(비0),71,B형 검토,2,0.6442
2026-01-03,토요일,21,항동중학교입구3R-동(서향),없음(NULL),,B형,1,0.7917
2026-01-03,토요일,22,항동중학교입구3R-남(북향),없음(NULL),,A형 가능,0,0.0000
2026-01-03,토요일,22,항동중학교입구3R-북(남향),있음(비0),45,B형 검토,2,0.6442
2026-01-03,토요일,22,항동중학교입구3R-동(서향),없음(NULL),,B형,1,0.7917
2026-01-03,토요일,23,항동중학교입구3R-남(북향),없음(NULL),,A형 가능,0,0.0000
2026-01-03,토요일,23,항동중학교입구3R-북(남향),있음(비0),54,B형 검토,2,0.6538
2026-01-03,토요일,23,항동중학교입구3R-동(서향),없음(NULL),,B형,1,0.7917
2026-01-04,일·공휴일,00,항동중학교입구3R-남(북향),없음(NULL),,A형 가능,0,0.0000
2026-01-04,일·공휴일,00,항동중학교입구3R-북(남향),있음(비0),33,B형 검토,2,0.6538
2026-01-04,일·공휴일,00,항동중학교입구3R-동(서향),없음(NULL),,B형,2,0.6442
2026-01-04,일·공휴일,01,항동중학교입구3R-남(북향),없음(NULL),,A형 가능,0,0.0000
2026-01-04,일·공휴일,01,항동중학교입구3R-북(남향),있음(비0),18,B형 검토,2,0.6538
2026-01-04,일·공휴일,01,항동중학교입구3R-동(서향),없음(NULL),,B형,2,0.6442
2026-01-04,일·공휴일,02,항동중학교입구3R-남(북향),없음(NULL),,A형 가능,0,0.0000
2026-01-04,일·공휴일,02,항동중학교입구3R-북(남향),있음(비0),19,B형 검토,2,0.6538
2026-01-04,일·공휴일,02,항동중학교입구3R-동(서향),없음(NULL),,B형,2,0.6442
2026-01-04,일·공휴일,03,항동중학교입구3R-남(북향),없음(NULL),,A형 가능,0,0.0000
2026-01-04,일·공휴일,03,항동중학교입구3R-북(남향),있음(비0),14,B형 검토,2,0.6538
2026-01-04,일·공휴일,03,항동중학교입구3R-동(서향),없음(NULL),,B형,2,0.6442
2026-01-04,일·공휴일,04,항동중학교입구3R-남(북향),없음(NULL),,A형 가능,0,0.0000
2026-01-04,일·공휴일,04,항동중학교입구3R-북(남향),있음(비0),24,B형 검토,2,0.6538
2026-01-04,일·공휴일,04,항동중학교입구3R-동(서향),없음(NULL),,B형,2,0.6538
2026-01-04,일·공휴일,05,항동중학교입구3R-남(북향),없음(NULL),,A형 가능,0,0.0000
2026-01-04,일·공휴일,05,항동중학교입구3R-북(남향),있음(비0),24,B형 검토,2,0.6538
2026-01-04,일·공휴일,05,항동중학교입구3R-동(서향),없음(NULL),,B형,2,0.6635
2026-01-04,일·공휴일,06,항동중학교입구3R-남(북향),없음(NULL),,A형 가능,0,0.0000
2026-01-04,일·공휴일,06,항동중학교입구3R-북(남향),있음(비0),37,B형 검토,2,0.6731
2026-01-04,일·공휴일,06,항동중학교입구3R-동(서향),없음(NULL),,B형,2,0.6635
2026-01-04,일·공휴일,07,항동중학교입구3R-남(북향),없음(NULL),,A형 가능,0,0.0000
2026-01-04,일·공휴일,07,항동중학교입구3R-북(남향),있음(비0),45,B형 검토,2,0.6635
2026-01-04,일·공휴일,07,항동중학교입구3R-동(서향),없음(NULL),,B형,2,0.6635
2026-01-04,일·공휴일,08,항동중학교입구3R-남(북향),없음(NULL),,A형 가능,0,0.0000
2026-01-04,일·공휴일,08,항동중학교입구3R-북(남향),있음(비0),13,B형 검토,2,0.6538
2026-01-04,일·공휴일,08,항동중학교입구3R-동(서향),없음(NULL),,B형,2,0.6442
2026-01-04,일·공휴일,09,항동중학교입구3R-남(북향),없음(NULL),,A형 가능,0,0.0000
2026-01-04,일·공휴일,09,항동중학교입구3R-북(남향),있음(비0),4,B형 검토,2,0.6442
2026-01-04,일·공휴일,09,항동중학교입구3R-동(서향),없음(NULL),,B형,2,0.6346
2026-01-04,일·공휴일,10,항동중학교입구3R-남(북향),없음(NULL),,A형 가능,0,0.0000
2026-01-04,일·공휴일,10,항동중학교입구3R-북(남향),있음(비0),5,B형 검토,2,0.6442
2026-01-04,일·공휴일,10,항동중학교입구3R-동(서향),없음(NULL),,B형,2,0.6346
2026-01-04,일·공휴일,11,항동중학교입구3R-남(북향),없음(NULL),,A형 가능,0,0.0000
2026-01-04,일·공휴일,11,항동중학교입구3R-북(남향),있음(비0),119,B형 검토,2,0.6442
2026-01-04,일·공휴일,11,항동중학교입구3R-동(서향),없음(NULL),,B형,2,0.6346
2026-01-04,일·공휴일,12,항동중학교입구3R-남(북향),없음(NULL),,A형 가능,0,0.0000
2026-01-04,일·공휴일,12,항동중학교입구3R-북(남향),있음(비0),26,B형 검토,2,0.6442
2026-01-04,일·공휴일,12,항동중학교입구3R-동(서향),없음(NULL),,B형,2,0.6346
2026-01-04,일·공휴일,13,항동중학교입구3R-남(북향),없음(NULL),,A형 가능,0,0.0000
2026-01-04,일·공휴일,13,항동중학교입구3R-북(남향),있음(비0),27,B형 검토,2,0.6442
2026-01-04,일·공휴일,13,항동중학교입구3R-동(서향),없음(NULL),,B형,2,0.6346
2026-01-04,일·공휴일,14,항동중학교입구3R-남(북향),없음(NULL),,A형 가능,0,0.0000
2026-01-04,일·공휴일,14,항동중학교입구3R-북(남향),있음(비0),47,B형 검토,2,0.6442
2026-01-04,일·공휴일,14,항동중학교입구3R-동(서향),없음(NULL),,B형,2,0.6346
2026-01-04,일·공휴일,15,항동중학교입구3R-남(북향),없음(NULL),,A형 가능,0,0.0000
2026-01-04,일·공휴일,15,항동중학교입구3R-북(남향),있음(비0),3,B형 검토,2,0.6442
2026-01-04,일·공휴일,15,항동중학교입구3R-동(서향),없음(NULL),,B형,2,0.6346
2026-01-04,일·공휴일,16,항동중학교입구3R-남(북향),있음(비0),1,B형 검토,0,0.0000
2026-01-04,일·공휴일,16,항동중학교입구3R-북(남향),있음(비0),15,B형 검토,2,0.6442
2026-01-04,일·공휴일,16,항동중학교입구3R-동(서향),없음(NULL),,B형,2,0.6346
2026-01-04,일·공휴일,17,항동중학교입구3R-남(북향),없음(NULL),,A형 가능,0,0.0000
2026-01-04,일·공휴일,17,항동중학교입구3R-북(남향),있음(비0),12,B형 검토,2,0.6442
2026-01-04,일·공휴일,17,항동중학교입구3R-동(서향),없음(NULL),,B형,2,0.6346
2026-01-04,일·공휴일,18,항동중학교입구3R-남(북향),없음(NULL),,A형 가능,0,0.0000
2026-01-04,일·공휴일,18,항동중학교입구3R-북(남향),있음(비0),19,B형 검토,2,0.6442
2026-01-04,일·공휴일,18,항동중학교입구3R-동(서향),없음(NULL),,B형,2,0.6346
2026-01-04,일·공휴일,19,항동중학교입구3R-남(북향),없음(NULL),,A형 가능,0,0.0000
2026-01-04,일·공휴일,19,항동중학교입구3R-북(남향),있음(비0),12,B형 검토,2,0.6442
2026-01-04,일·공휴일,19,항동중학교입구3R-동(서향),없음(NULL),,B형,2,0.6346
2026-01-04,일·공휴일,20,항동중학교입구3R-남(북향),없음(NULL),,A형 가능,0,0.0000
2026-01-04,일·공휴일,20,항동중학교입구3R-북(남향),있음(비0),13,B형 검토,2,0.6442
2026-01-04,일·공휴일,20,항동중학교입구3R-동(서향),없음(NULL),,B형,2,0.6346
2026-01-04,일·공휴일,21,항동중학교입구3R-남(북향),없음(NULL),,A형 가능,0,0.0000
2026-01-04,일·공휴일,21,항동중학교입구3R-북(남향),있음(비0),14,B형 검토,2,0.6442
2026-01-04,일·공휴일,21,항동중학교입구3R-동(서향),없음(NULL),,B형,2,0.6346
2026-01-04,일·공휴일,22,항동중학교입구3R-남(북향),없음(NULL),,A형 가능,0,0.0000
2026-01-04,일·공휴일,22,항동중학교입구3R-북(남향),있음(비0),3,B형 검토,2,0.6442
2026-01-04,일·공휴일,22,항동중학교입구3R-동(서향),없음(NULL),,B형,2,0.6346
2026-01-04,일·공휴일,23,항동중학교입구3R-남(북향),없음(NULL),,A형 가능,0,0.0000
2026-01-04,일·공휴일,23,항동중학교입구3R-북(남향),있음(비0),1,B형 검토,2,0.6442
2026-01-04,일·공휴일,23,항동중학교입구3R-동(서향),없음(NULL),,B형,2,0.6346
2026-01-05,평일,00,항동중학교입구3R-남(북향),없음(NULL),,A형 가능,0,0.0435
2026-01-05,평일,00,항동중학교입구3R-북(남향),있음(비0),5,B형 검토,1,0.7955
2026-01-05,평일,00,항동중학교입구3R-동(서향),없음(NULL),,B형,1,0.7955
2026-01-05,평일,01,항동중학교입구3R-남(북향),없음(NULL),,A형 가능,0,0.0435
2026-01-05,평일,01,항동중학교입구3R-북(남향),있음(비0),1,B형 검토,1,0.7955
2026-01-05,평일,01,항동중학교입구3R-동(서향),없음(NULL),,B형,1,0.7955
2026-01-05,평일,02,항동중학교입구3R-남(북향),없음(NULL),,A형 가능,0,0.0435
2026-01-05,평일,02,항동중학교입구3R-북(남향),없음(NULL),,B형,1,0.7955
2026-01-05,평일,02,항동중학교입구3R-동(서향),없음(NULL),,B형,1,0.7955
2026-01-05,평일,03,항동중학교입구3R-남(북향),없음(NULL),,A형 가능,0,0.0435
2026-01-05,평일,03,항동중학교입구3R-북(남향),없음(NULL),,B형,1,0.7955
2026-01-05,평일,03,항동중학교입구3R-동(서향),없음(NULL),,B형,2,0.6214
2026-01-05,평일,04,항동중학교입구3R-남(북향),없음(NULL),,A형 가능,0,0.0435
2026-01-05,평일,04,항동중학교입구3R-북(남향),있음(비0),4,B형 검토,2,0.6195
2026-01-05,평일,04,항동중학교입구3R-동(서향),없음(NULL),,B형,2,0.6214
2026-01-05,평일,05,항동중학교입구3R-남(북향),없음(NULL),,A형 가능,0,0.0435
2026-01-05,평일,05,항동중학교입구3R-북(남향),있음(비0),3,B형 검토,2,0.6233
2026-01-05,평일,05,항동중학교입구3R-동(서향),없음(NULL),,B형,2,0.6195
2026-01-05,평일,06,항동중학교입구3R-남(북향),없음(NULL),,A형 가능,0,0.0435
2026-01-05,평일,06,항동중학교입구3R-북(남향),있음(비0),10,B형 검토,2,0.6233
2026-01-05,평일,06,항동중학교입구3R-동(서향),없음(NULL),,B형,2,0.6214
2026-01-05,평일,07,항동중학교입구3R-남(북향),있음(비0),4,B형 검토,0,0.0435
2026-01-05,평일,07,항동중학교입구3R-북(남향),있음(비0),7,B형 검토,2,0.6233
2026-01-05,평일,07,항동중학교입구3R-동(서향),없음(NULL),,B형,2,0.6214
2026-01-05,평일,08,항동중학교입구3R-남(북향),있음(비0),5,B형 검토,0,0.0652
2026-01-05,평일,08,항동중학교입구3R-북(남향),있음(비0),10,B형 검토,2,0.6233
2026-01-05,평일,08,항동중학교입구3R-동(서향),없음(NULL),,B형,2,0.6214
2026-01-05,평일,09,항동중학교입구3R-남(북향),있음(비0),2,B형 검토,0,0.0435
2026-01-05,평일,09,항동중학교입구3R-북(남향),있음(비0),9,B형 검토,2,0.6214
2026-01-05,평일,09,항동중학교입구3R-동(서향),없음(NULL),,B형,2,0.6195
2026-01-05,평일,10,항동중학교입구3R-남(북향),있음(비0),2,B형 검토,0,0.0435
2026-01-05,평일,10,항동중학교입구3R-북(남향),있음(비0),4,B형 검토,1,0.7955
2026-01-05,평일,10,항동중학교입구3R-동(서향),없음(NULL),,B형,1,0.7955
2026-01-05,평일,11,항동중학교입구3R-남(북향),없음(NULL),,A형 가능,0,0.0870
2026-01-05,평일,11,항동중학교입구3R-북(남향),없음(NULL),,B형,1,0.7955
2026-01-05,평일,11,항동중학교입구3R-동(서향),없음(NULL),,B형,1,0.7955
2026-01-05,평일,12,항동중학교입구3R-남(북향),없음(NULL),,A형 가능,0,0.0652
2026-01-05,평일,12,항동중학교입구3R-북(남향),없음(NULL),,B형,1,0.7955
2026-01-05,평일,12,항동중학교입구3R-동(서향),없음(NULL),,B형,1,0.7955
2026-01-05,평일,13,항동중학교입구3R-남(북향),없음(NULL),,A형 가능,0,0.0217
2026-01-05,평일,13,항동중학교입구3R-북(남향),없음(NULL),,B형,1,0.7955
2026-01-05,평일,13,항동중학교입구3R-동(서향),없음(NULL),,B형,1,0.7955
2026-01-05,평일,14,항동중학교입구3R-남(북향),없음(NULL),,A형 가능,0,0.0217
2026-01-05,평일,14,항동중학교입구3R-북(남향),없음(NULL),,B형,2,0.6272
2026-01-05,평일,14,항동중학교입구3R-동(서향),없음(NULL),,B형,2,0.6272
2026-01-05,평일,15,항동중학교입구3R-남(북향),없음(NULL),,A형 가능,0,0.0435
2026-01-05,평일,15,항동중학교입구3R-북(남향),있음(비0),8,B형 검토,1,0.7879
2026-01-05,평일,15,항동중학교입구3R-동(서향),없음(NULL),,B형,1,0.7879
2026-01-05,평일,16,항동중학교입구3R-남(북향),없음(NULL),,A형 가능,0,0.0435
2026-01-05,평일,16,항동중학교입구3R-북(남향),있음(비0),37,B형 검토,1,0.7879
2026-01-05,평일,16,항동중학교입구3R-동(서향),없음(NULL),,B형,1,0.7879
2026-01-05,평일,17,항동중학교입구3R-남(북향),없음(NULL),,A형 가능,0,0.0435
2026-01-05,평일,17,항동중학교입구3R-북(남향),없음(NULL),,B형,1,0.7879
2026-01-05,평일,17,항동중학교입구3R-동(서향),없음(NULL),,B형,1,0.7879
2026-01-05,평일,18,항동중학교입구3R-남(북향),없음(NULL),,A형 가능,0,0.0435
2026-01-05,평일,18,항동중학교입구3R-북(남향),없음(NULL),,B형,1,0.7879
2026-01-05,평일,18,항동중학교입구3R-동(서향),없음(NULL),,B형,1,0.7879
2026-01-05,평일,19,항동중학교입구3R-남(북향),없음(NULL),,A형 가능,0,0.0435
2026-01-05,평일,19,항동중학교입구3R-북(남향),없음(NULL),,B형,1,0.7879
2026-01-05,평일,19,항동중학교입구3R-동(서향),없음(NULL),,B형,1,0.7879
2026-01-05,평일,20,항동중학교입구3R-남(북향),없음(NULL),,A형 가능,0,0.0435
2026-01-05,평일,20,항동중학교입구3R-북(남향),없음(NULL),,B형,1,0.7879
2026-01-05,평일,20,항동중학교입구3R-동(서향),없음(NULL),,B형,1,0.7879
2026-01-05,평일,21,항동중학교입구3R-남(북향),없음(NULL),,A형 가능,0,0.0435
2026-01-05,평일,21,항동중학교입구3R-북(남향),없음(NULL),,B형,1,0.7879
2026-01-05,평일,21,항동중학교입구3R-동(서향),없음(NULL),,B형,1,0.7879
2026-01-05,평일,22,항동중학교입구3R-남(북향),없음(NULL),,A형 가능,0,0.0435
2026-01-05,평일,22,항동중학교입구3R-북(남향),없음(NULL),,B형,1,0.7955
2026-01-05,평일,22,항동중학교입구3R-동(서향),없음(NULL),,B형,1,0.7955
2026-01-05,평일,23,항동중학교입구3R-남(북향),없음(NULL),,A형 가능,0,0.0435
2026-01-05,평일,23,항동중학교입구3R-북(남향),없음(NULL),,B형,1,0.7879
2026-01-05,평일,23,항동중학교입구3R-동(서향),없음(NULL),,B형,1,0.7879
2026-01-06,평일,00,항동중학교입구3R-남(북향),없음(NULL),,A형 가능,0,0.0435
2026-01-06,평일,00,항동중학교입구3R-북(남향),없음(NULL),,B형,1,0.7955
2026-01-06,평일,00,항동중학교입구3R-동(서향),없음(NULL),,B형,1,0.7955
2026-01-06,평일,01,항동중학교입구3R-남(북향),없음(NULL),,A형 가능,0,0.0435
2026-01-06,평일,01,항동중학교입구3R-북(남향),없음(NULL),,B형,1,0.7955
2026-01-06,평일,01,항동중학교입구3R-동(서향),없음(NULL),,B형,1,0.7955
2026-01-06,평일,02,항동중학교입구3R-남(북향),없음(NULL),,A형 가능,0,0.0435
2026-01-06,평일,02,항동중학교입구3R-북(남향),없음(NULL),,B형,1,0.7955
2026-01-06,평일,02,항동중학교입구3R-동(서향),없음(NULL),,B형,1,0.7955
2026-01-06,평일,03,항동중학교입구3R-남(북향),없음(NULL),,A형 가능,0,0.0435
2026-01-06,평일,03,항동중학교입구3R-북(남향),없음(NULL),,B형,1,0.7955
2026-01-06,평일,03,항동중학교입구3R-동(서향),없음(NULL),,B형,2,0.6214
2026-01-06,평일,04,항동중학교입구3R-남(북향),없음(NULL),,A형 가능,0,0.0435
2026-01-06,평일,04,항동중학교입구3R-북(남향),없음(NULL),,B형,2,0.6195
2026-01-06,평일,04,항동중학교입구3R-동(서향),없음(NULL),,B형,2,0.6214
2026-01-06,평일,05,항동중학교입구3R-남(북향),없음(NULL),,A형 가능,0,0.0435
2026-01-06,평일,05,항동중학교입구3R-북(남향),없음(NULL),,B형,2,0.6233
2026-01-06,평일,05,항동중학교입구3R-동(서향),없음(NULL),,B형,2,0.6195
2026-01-06,평일,06,항동중학교입구3R-남(북향),없음(NULL),,A형 가능,0,0.0435
2026-01-06,평일,06,항동중학교입구3R-북(남향),없음(NULL),,B형,2,0.6233
2026-01-06,평일,06,항동중학교입구3R-동(서향),없음(NULL),,B형,2,0.6214
2026-01-06,평일,07,항동중학교입구3R-남(북향),없음(NULL),,A형 가능,0,0.0435
2026-01-06,평일,07,항동중학교입구3R-북(남향),없음(NULL),,B형,2,0.6233
2026-01-06,평일,07,항동중학교입구3R-동(서향),없음(NULL),,B형,2,0.6214
2026-01-06,평일,08,항동중학교입구3R-남(북향),없음(NULL),,A형 가능,0,0.0652
2026-01-06,평일,08,항동중학교입구3R-북(남향),없음(NULL),,B형,2,0.6233
2026-01-06,평일,08,항동중학교입구3R-동(서향),없음(NULL),,B형,2,0.6214
2026-01-06,평일,09,항동중학교입구3R-남(북향),없음(NULL),,A형 가능,0,0.0435
2026-01-06,평일,09,항동중학교입구3R-북(남향),없음(NULL),,B형,2,0.6214
2026-01-06,평일,09,항동중학교입구3R-동(서향),없음(NULL),,B형,2,0.6195
2026-01-06,평일,10,항동중학교입구3R-남(북향),없음(NULL),,A형 가능,0,0.0435
2026-01-06,평일,10,항동중학교입구3R-북(남향),없음(NULL),,B형,1,0.7955
2026-01-06,평일,10,항동중학교입구3R-동(서향),없음(NULL),,B형,1,0.7955
2026-01-06,평일,11,항동중학교입구3R-남(북향),없음(NULL),,A형 가능,0,0.0870
2026-01-06,평일,11,항동중학교입구3R-북(남향),없음(NULL),,B형,1,0.7955
2026-01-06,평일,11,항동중학교입구3R-동(서향),없음(NULL),,B형,1,0.7955
2026-01-06,평일,12,항동중학교입구3R-남(북향),없음(NULL),,A형 가능,0,0.0652
2026-01-06,평일,12,항동중학교입구3R-북(남향),없음(NULL),,B형,1,0.7955
2026-01-06,평일,12,항동중학교입구3R-동(서향),없음(NULL),,B형,1,0.7955
2026-01-06,평일,13,항동중학교입구3R-남(북향),없음(NULL),,A형 가능,0,0.0217
2026-01-06,평일,13,항동중학교입구3R-북(남향),없음(NULL),,B형,1,0.7955
2026-01-06,평일,13,항동중학교입구3R-동(서향),없음(NULL),,B형,1,0.7955
2026-01-06,평일,14,항동중학교입구3R-남(북향),없음(NULL),,A형 가능,0,0.0217
2026-01-06,평일,14,항동중학교입구3R-북(남향),없음(NULL),,B형,2,0.6272
2026-01-06,평일,14,항동중학교입구3R-동(서향),없음(NULL),,B형,2,0.6272
2026-01-06,평일,15,항동중학교입구3R-남(북향),없음(NULL),,A형 가능,0,0.0435
2026-01-06,평일,15,항동중학교입구3R-북(남향),없음(NULL),,B형,1,0.7879
2026-01-06,평일,15,항동중학교입구3R-동(서향),없음(NULL),,B형,1,0.7879
2026-01-06,평일,16,항동중학교입구3R-남(북향),없음(NULL),,A형 가능,0,0.0435
2026-01-06,평일,16,항동중학교입구3R-북(남향),없음(NULL),,B형,1,0.7879
2026-01-06,평일,16,항동중학교입구3R-동(서향),없음(NULL),,B형,1,0.7879
2026-01-06,평일,17,항동중학교입구3R-남(북향),없음(NULL),,A형 가능,0,0.0435
2026-01-06,평일,17,항동중학교입구3R-북(남향),없음(NULL),,B형,1,0.7879
2026-01-06,평일,17,항동중학교입구3R-동(서향),없음(NULL),,B형,1,0.7879
2026-01-06,평일,18,항동중학교입구3R-남(북향),없음(NULL),,A형 가능,0,0.0435
2026-01-06,평일,18,항동중학교입구3R-북(남향),없음(NULL),,B형,1,0.7879
2026-01-06,평일,18,항동중학교입구3R-동(서향),없음(NULL),,B형,1,0.7879
2026-01-06,평일,19,항동중학교입구3R-남(북향),없음(NULL),,A형 가능,0,0.0435
2026-01-06,평일,19,항동중학교입구3R-북(남향),없음(NULL),,B형,1,0.7879
2026-01-06,평일,19,항동중학교입구3R-동(서향),없음(NULL),,B형,1,0.7879
2026-01-06,평일,20,항동중학교입구3R-남(북향),없음(NULL),,A형 가능,0,0.0435
2026-01-06,평일,20,항동중학교입구3R-북(남향),없음(NULL),,B형,1,0.7879
2026-01-06,평일,20,항동중학교입구3R-동(서향),없음(NULL),,B형,1,0.7879
2026-01-06,평일,21,항동중학교입구3R-남(북향),없음(NULL),,A형 가능,0,0.0435
2026-01-06,평일,21,항동중학교입구3R-북(남향),없음(NULL),,B형,1,0.7879
2026-01-06,평일,21,항동중학교입구3R-동(서향),없음(NULL),,B형,1,0.7879
2026-01-06,평일,22,항동중학교입구3R-남(북향),없음(NULL),,A형 가능,0,0.0435
2026-01-06,평일,22,항동중학교입구3R-북(남향),없음(NULL),,B형,1,0.7955
2026-01-06,평일,22,항동중학교입구3R-동(서향),없음(NULL),,B형,1,0.7955
2026-01-06,평일,23,항동중학교입구3R-남(북향),없음(NULL),,A형 가능,0,0.0435
2026-01-06,평일,23,항동중학교입구3R-북(남향),없음(NULL),,B형,1,0.7879
2026-01-06,평일,23,항동중학교입구3R-동(서향),없음(NULL),,B형,1,0.7879
2026-01-07,평일,00,항동중학교입구3R-남(북향),없음(NULL),,A형 가능,0,0.0435
2026-01-07,평일,00,항동중학교입구3R-북(남향),없음(NULL),,B형,1,0.7955
2026-01-07,평일,00,항동중학교입구3R-동(서향),없음(NULL),,B형,1,0.7955
2026-01-07,평일,01,항동중학교입구3R-남(북향),없음(NULL),,A형 가능,0,0.0435
2026-01-07,평일,01,항동중학교입구3R-북(남향),없음(NULL),,B형,1,0.7955
2026-01-07,평일,01,항동중학교입구3R-동(서향),없음(NULL),,B형,1,0.7955
2026-01-07,평일,02,항동중학교입구3R-남(북향),없음(NULL),,A형 가능,0,0.0435
2026-01-07,평일,02,항동중학교입구3R-북(남향),없음(NULL),,B형,1,0.7955
2026-01-07,평일,02,항동중학교입구3R-동(서향),없음(NULL),,B형,1,0.7955
2026-01-07,평일,03,항동중학교입구3R-남(북향),없음(NULL),,A형 가능,0,0.0435
2026-01-07,평일,03,항동중학교입구3R-북(남향),없음(NULL),,B형,1,0.7955
2026-01-07,평일,03,항동중학교입구3R-동(서향),없음(NULL),,B형,2,0.6214
2026-01-07,평일,04,항동중학교입구3R-남(북향),없음(NULL),,A형 가능,0,0.0435
2026-01-07,평일,04,항동중학교입구3R-북(남향),없음(NULL),,B형,2,0.6195
2026-01-07,평일,04,항동중학교입구3R-동(서향),없음(NULL),,B형,2,0.6214
2026-01-07,평일,05,항동중학교입구3R-남(북향),없음(NULL),,A형 가능,0,0.0435
2026-01-07,평일,05,항동중학교입구3R-북(남향),없음(NULL),,B형,2,0.6233
2026-01-07,평일,05,항동중학교입구3R-동(서향),없음(NULL),,B형,2,0.6195
2026-01-07,평일,06,항동중학교입구3R-남(북향),없음(NULL),,A형 가능,0,0.0435
2026-01-07,평일,06,항동중학교입구3R-북(남향),없음(NULL),,B형,2,0.6233
2026-01-07,평일,06,항동중학교입구3R-동(서향),없음(NULL),,B형,2,0.6214
2026-01-07,평일,07,항동중학교입구3R-남(북향),없음(NULL),,A형 가능,0,0.0435
2026-01-07,평일,07,항동중학교입구3R-북(남향),없음(NULL),,B형,2,0.6233
2026-01-07,평일,07,항동중학교입구3R-동(서향),없음(NULL),,B형,2,0.6214
2026-01-07,평일,08,항동중학교입구3R-남(북향),없음(NULL),,A형 가능,0,0.0652
2026-01-07,평일,08,항동중학교입구3R-북(남향),없음(NULL),,B형,2,0.6233
2026-01-07,평일,08,항동중학교입구3R-동(서향),없음(NULL),,B형,2,0.6214
2026-01-07,평일,09,항동중학교입구3R-남(북향),없음(NULL),,A형 가능,0,0.0435
2026-01-07,평일,09,항동중학교입구3R-북(남향),없음(NULL),,B형,2,0.6214
2026-01-07,평일,09,항동중학교입구3R-동(서향),없음(NULL),,B형,2,0.6195
2026-01-07,평일,10,항동중학교입구3R-남(북향),없음(NULL),,A형 가능,0,0.0435
2026-01-07,평일,10,항동중학교입구3R-북(남향),없음(NULL),,B형,1,0.7955
2026-01-07,평일,10,항동중학교입구3R-동(서향),없음(NULL),,B형,1,0.7955
2026-01-07,평일,11,항동중학교입구3R-남(북향),없음(NULL),,A형 가능,0,0.0870
2026-01-07,평일,11,항동중학교입구3R-북(남향),없음(NULL),,B형,1,0.7955
2026-01-07,평일,11,항동중학교입구3R-동(서향),없음(NULL),,B형,1,0.7955
2026-01-07,평일,12,항동중학교입구3R-남(북향),없음(NULL),,A형 가능,0,0.0652
2026-01-07,평일,12,항동중학교입구3R-북(남향),없음(NULL),,B형,1,0.7955
2026-01-07,평일,12,항동중학교입구3R-동(서향),없음(NULL),,B형,1,0.7955
2026-01-07,평일,13,항동중학교입구3R-남(북향),없음(NULL),,A형 가능,0,0.0217
2026-01-07,평일,13,항동중학교입구3R-북(남향),없음(NULL),,B형,1,0.7955
2026-01-07,평일,13,항동중학교입구3R-동(서향),없음(NULL),,B형,1,0.7955
2026-01-07,평일,14,항동중학교입구3R-남(북향),없음(NULL),,A형 가능,0,0.0217
2026-01-07,평일,14,항동중학교입구3R-북(남향),없음(NULL),,B형,2,0.6272
2026-01-07,평일,14,항동중학교입구3R-동(서향),없음(NULL),,B형,2,0.6272
2026-01-07,평일,15,항동중학교입구3R-남(북향),없음(NULL),,A형 가능,0,0.0435
2026-01-07,평일,15,항동중학교입구3R-북(남향),없음(NULL),,B형,1,0.7879
2026-01-07,평일,15,항동중학교입구3R-동(서향),없음(NULL),,B형,1,0.7879
2026-01-07,평일,16,항동중학교입구3R-남(북향),없음(NULL),,A형 가능,0,0.0435
2026-01-07,평일,16,항동중학교입구3R-북(남향),없음(NULL),,B형,1,0.7879
2026-01-07,평일,16,항동중학교입구3R-동(서향),없음(NULL),,B형,1,0.7879
2026-01-07,평일,17,항동중학교입구3R-남(북향),없음(NULL),,A형 가능,0,0.0435
2026-01-07,평일,17,항동중학교입구3R-북(남향),없음(NULL),,B형,1,0.7879
2026-01-07,평일,17,항동중학교입구3R-동(서향),없음(NULL),,B형,1,0.7879
2026-01-07,평일,18,항동중학교입구3R-남(북향),없음(NULL),,A형 가능,0,0.0435
2026-01-07,평일,18,항동중학교입구3R-북(남향),없음(NULL),,B형,1,0.7879
2026-01-07,평일,18,항동중학교입구3R-동(서향),없음(NULL),,B형,1,0.7879
2026-01-07,평일,19,항동중학교입구3R-남(북향),없음(NULL),,A형 가능,0,0.0435
2026-01-07,평일,19,항동중학교입구3R-북(남향),없음(NULL),,B형,1,0.7879
2026-01-07,평일,19,항동중학교입구3R-동(서향),없음(NULL),,B형,1,0.7879
2026-01-07,평일,20,항동중학교입구3R-남(북향),없음(NULL),,A형 가능,0,0.0435
2026-01-07,평일,20,항동중학교입구3R-북(남향),없음(NULL),,B형,1,0.7879
2026-01-07,평일,20,항동중학교입구3R-동(서향),없음(NULL),,B형,1,0.7879
2026-01-07,평일,21,항동중학교입구3R-남(북향),없음(NULL),,A형 가능,0,0.0435
2026-01-07,평일,21,항동중학교입구3R-북(남향),없음(NULL),,B형,1,0.7879
2026-01-07,평일,21,항동중학교입구3R-동(서향),없음(NULL),,B형,1,0.7879
2026-01-07,평일,22,항동중학교입구3R-남(북향),없음(NULL),,A형 가능,0,0.0435
2026-01-07,평일,22,항동중학교입구3R-북(남향),없음(NULL),,B형,1,0.7955
2026-01-07,평일,22,항동중학교입구3R-동(서향),없음(NULL),,B형,1,0.7955
2026-01-07,평일,23,항동중학교입구3R-남(북향),없음(NULL),,A형 가능,0,0.0435
2026-01-07,평일,23,항동중학교입구3R-북(남향),없음(NULL),,B형,1,0.7879
2026-01-07,평일,23,항동중학교입구3R-동(서향),없음(NULL),,B형,1,0.7879
2026-01-08,평일,00,항동중학교입구3R-남(북향),없음(NULL),,A형 가능,0,0.0435
2026-01-08,평일,00,항동중학교입구3R-북(남향),없음(NULL),,B형,1,0.7955
2026-01-08,평일,00,항동중학교입구3R-동(서향),없음(NULL),,B형,1,0.7955
2026-01-08,평일,01,항동중학교입구3R-남(북향),없음(NULL),,A형 가능,0,0.0435
2026-01-08,평일,01,항동중학교입구3R-북(남향),없음(NULL),,B형,1,0.7955
2026-01-08,평일,01,항동중학교입구3R-동(서향),없음(NULL),,B형,1,0.7955
2026-01-08,평일,02,항동중학교입구3R-남(북향),없음(NULL),,A형 가능,0,0.0435
2026-01-08,평일,02,항동중학교입구3R-북(남향),없음(NULL),,B형,1,0.7955
2026-01-08,평일,02,항동중학교입구3R-동(서향),없음(NULL),,B형,1,0.7955
2026-01-08,평일,03,항동중학교입구3R-남(북향),없음(NULL),,A형 가능,0,0.0435
2026-01-08,평일,03,항동중학교입구3R-북(남향),없음(NULL),,B형,1,0.7955
2026-01-08,평일,03,항동중학교입구3R-동(서향),없음(NULL),,B형,2,0.6214
2026-01-08,평일,04,항동중학교입구3R-남(북향),없음(NULL),,A형 가능,0,0.0435
2026-01-08,평일,04,항동중학교입구3R-북(남향),없음(NULL),,B형,2,0.6195
2026-01-08,평일,04,항동중학교입구3R-동(서향),없음(NULL),,B형,2,0.6214
2026-01-08,평일,05,항동중학교입구3R-남(북향),없음(NULL),,A형 가능,0,0.0435
2026-01-08,평일,05,항동중학교입구3R-북(남향),없음(NULL),,B형,2,0.6233
2026-01-08,평일,05,항동중학교입구3R-동(서향),없음(NULL),,B형,2,0.6195
2026-01-08,평일,06,항동중학교입구3R-남(북향),없음(NULL),,A형 가능,0,0.0435
2026-01-08,평일,06,항동중학교입구3R-북(남향),없음(NULL),,B형,2,0.6233
2026-01-08,평일,06,항동중학교입구3R-동(서향),없음(NULL),,B형,2,0.6214
2026-01-08,평일,07,항동중학교입구3R-남(북향),없음(NULL),,A형 가능,0,0.0435
2026-01-08,평일,07,항동중학교입구3R-북(남향),없음(NULL),,B형,2,0.6233
2026-01-08,평일,07,항동중학교입구3R-동(서향),없음(NULL),,B형,2,0.6214
2026-01-08,평일,08,항동중학교입구3R-남(북향),없음(NULL),,A형 가능,0,0.0652
2026-01-08,평일,08,항동중학교입구3R-북(남향),없음(NULL),,B형,2,0.6233
2026-01-08,평일,08,항동중학교입구3R-동(서향),없음(NULL),,B형,2,0.6214
2026-01-08,평일,09,항동중학교입구3R-남(북향),없음(NULL),,A형 가능,0,0.0435
2026-01-08,평일,09,항동중학교입구3R-북(남향),없음(NULL),,B형,2,0.6214
2026-01-08,평일,09,항동중학교입구3R-동(서향),없음(NULL),,B형,2,0.6195
2026-01-08,평일,10,항동중학교입구3R-남(북향),없음(NULL),,A형 가능,0,0.0435
2026-01-08,평일,10,항동중학교입구3R-북(남향),없음(NULL),,B형,1,0.7955
2026-01-08,평일,10,항동중학교입구3R-동(서향),없음(NULL),,B형,1,0.7955
2026-01-08,평일,11,항동중학교입구3R-남(북향),없음(NULL),,A형 가능,0,0.0870
2026-01-08,평일,11,항동중학교입구3R-북(남향),없음(NULL),,B형,1,0.7955
2026-01-08,평일,11,항동중학교입구3R-동(서향),없음(NULL),,B형,1,0.7955
2026-01-08,평일,12,항동중학교입구3R-남(북향),없음(NULL),,A형 가능,0,0.0652
2026-01-08,평일,12,항동중학교입구3R-북(남향),없음(NULL),,B형,1,0.7955
2026-01-08,평일,12,항동중학교입구3R-동(서향),없음(NULL),,B형,1,0.7955
2026-01-08,평일,13,항동중학교입구3R-남(북향),없음(NULL),,A형 가능,0,0.0217
2026-01-08,평일,13,항동중학교입구3R-북(남향),없음(NULL),,B형,1,0.7955
2026-01-08,평일,13,항동중학교입구3R-동(서향),없음(NULL),,B형,1,0.7955
2026-01-08,평일,14,항동중학교입구3R-남(북향),없음(NULL),,A형 가능,0,0.0217
2026-01-08,평일,14,항동중학교입구3R-북(남향),없음(NULL),,B형,2,0.6272
2026-01-08,평일,14,항동중학교입구3R-동(서향),없음(NULL),,B형,2,0.6272
2026-01-08,평일,15,항동중학교입구3R-남(북향),없음(NULL),,A형 가능,0,0.0435
2026-01-08,평일,15,항동중학교입구3R-북(남향),없음(NULL),,B형,1,0.7879
2026-01-08,평일,15,항동중학교입구3R-동(서향),없음(NULL),,B형,1,0.7879
2026-01-08,평일,16,항동중학교입구3R-남(북향),없음(NULL),,A형 가능,0,0.0435
2026-01-08,평일,16,항동중학교입구3R-북(남향),없음(NULL),,B형,1,0.7879
2026-01-08,평일,16,항동중학교입구3R-동(서향),없음(NULL),,B형,1,0.7879
2026-01-08,평일,17,항동중학교입구3R-남(북향),없음(NULL),,A형 가능,0,0.0435
2026-01-08,평일,17,항동중학교입구3R-북(남향),없음(NULL),,B형,1,0.7879
2026-01-08,평일,17,항동중학교입구3R-동(서향),없음(NULL),,B형,1,0.7879
2026-01-08,평일,18,항동중학교입구3R-남(북향),없음(NULL),,A형 가능,0,0.0435
2026-01-08,평일,18,항동중학교입구3R-북(남향),없음(NULL),,B형,1,0.7879
2026-01-08,평일,18,항동중학교입구3R-동(서향),없음(NULL),,B형,1,0.7879
2026-01-08,평일,19,항동중학교입구3R-남(북향),없음(NULL),,A형 가능,0,0.0435
2026-01-08,평일,19,항동중학교입구3R-북(남향),없음(NULL),,B형,1,0.7879
2026-01-08,평일,19,항동중학교입구3R-동(서향),없음(NULL),,B형,1,0.7879
2026-01-08,평일,20,항동중학교입구3R-남(북향),없음(NULL),,A형 가능,0,0.0435
2026-01-08,평일,20,항동중학교입구3R-북(남향),없음(NULL),,B형,1,0.7879
2026-01-08,평일,20,항동중학교입구3R-동(서향),없음(NULL),,B형,1,0.7879
2026-01-08,평일,21,항동중학교입구3R-남(북향),없음(NULL),,A형 가능,0,0.0435
2026-01-08,평일,21,항동중학교입구3R-북(남향),없음(NULL),,B형,1,0.7879
2026-01-08,평일,21,항동중학교입구3R-동(서향),없음(NULL),,B형,1,0.7879
2026-01-08,평일,22,항동중학교입구3R-남(북향),없음(NULL),,A형 가능,0,0.0435
2026-01-08,평일,22,항동중학교입구3R-북(남향),없음(NULL),,B형,1,0.7955
2026-01-08,평일,22,항동중학교입구3R-동(서향),없음(NULL),,B형,1,0.7955
2026-01-08,평일,23,항동중학교입구3R-남(북향),없음(NULL),,A형 가능,0,0.0435
2026-01-08,평일,23,항동중학교입구3R-북(남향),없음(NULL),,B형,1,0.7879
2026-01-08,평일,23,항동중학교입구3R-동(서향),없음(NULL),,B형,1,0.7879
2026-01-09,평일,00,항동중학교입구3R-남(북향),없음(NULL),,A형 가능,0,0.0435
2026-01-09,평일,00,항동중학교입구3R-북(남향),없음(NULL),,B형,1,0.7955
2026-01-09,평일,00,항동중학교입구3R-동(서향),없음(NULL),,B형,1,0.7955
2026-01-09,평일,01,항동중학교입구3R-남(북향),없음(NULL),,A형 가능,0,0.0435
2026-01-09,평일,01,항동중학교입구3R-북(남향),없음(NULL),,B형,1,0.7955
2026-01-09,평일,01,항동중학교입구3R-동(서향),없음(NULL),,B형,1,0.7955
2026-01-09,평일,02,항동중학교입구3R-남(북향),없음(NULL),,A형 가능,0,0.0435
2026-01-09,평일,02,항동중학교입구3R-북(남향),없음(NULL),,B형,1,0.7955
2026-01-09,평일,02,항동중학교입구3R-동(서향),없음(NULL),,B형,1,0.7955
2026-01-09,평일,03,항동중학교입구3R-남(북향),없음(NULL),,A형 가능,0,0.0435
2026-01-09,평일,03,항동중학교입구3R-북(남향),없음(NULL),,B형,1,0.7955
2026-01-09,평일,03,항동중학교입구3R-동(서향),없음(NULL),,B형,2,0.6214
2026-01-09,평일,04,항동중학교입구3R-남(북향),없음(NULL),,A형 가능,0,0.0435
2026-01-09,평일,04,항동중학교입구3R-북(남향),없음(NULL),,B형,2,0.6195
2026-01-09,평일,04,항동중학교입구3R-동(서향),없음(NULL),,B형,2,0.6214
2026-01-09,평일,05,항동중학교입구3R-남(북향),없음(NULL),,A형 가능,0,0.0435
2026-01-09,평일,05,항동중학교입구3R-북(남향),없음(NULL),,B형,2,0.6233
2026-01-09,평일,05,항동중학교입구3R-동(서향),없음(NULL),,B형,2,0.6195
2026-01-09,평일,06,항동중학교입구3R-남(북향),없음(NULL),,A형 가능,0,0.0435
2026-01-09,평일,06,항동중학교입구3R-북(남향),없음(NULL),,B형,2,0.6233
2026-01-09,평일,06,항동중학교입구3R-동(서향),없음(NULL),,B형,2,0.6214
2026-01-09,평일,07,항동중학교입구3R-남(북향),없음(NULL),,A형 가능,0,0.0435
2026-01-09,평일,07,항동중학교입구3R-북(남향),없음(NULL),,B형,2,0.6233
2026-01-09,평일,07,항동중학교입구3R-동(서향),없음(NULL),,B형,2,0.6214
2026-01-09,평일,08,항동중학교입구3R-남(북향),없음(NULL),,A형 가능,0,0.0652
2026-01-09,평일,08,항동중학교입구3R-북(남향),없음(NULL),,B형,2,0.6233
2026-01-09,평일,08,항동중학교입구3R-동(서향),없음(NULL),,B형,2,0.6214
2026-01-09,평일,09,항동중학교입구3R-남(북향),없음(NULL),,A형 가능,0,0.0435
2026-01-09,평일,09,항동중학교입구3R-북(남향),없음(NULL),,B형,2,0.6214
2026-01-09,평일,09,항동중학교입구3R-동(서향),없음(NULL),,B형,2,0.6195
2026-01-09,평일,10,항동중학교입구3R-남(북향),없음(NULL),,A형 가능,0,0.0435
2026-01-09,평일,10,항동중학교입구3R-북(남향),없음(NULL),,B형,1,0.7955
2026-01-09,평일,10,항동중학교입구3R-동(서향),없음(NULL),,B형,1,0.7955
2026-01-09,평일,11,항동중학교입구3R-남(북향),없음(NULL),,A형 가능,0,0.0870
2026-01-09,평일,11,항동중학교입구3R-북(남향),없음(NULL),,B형,1,0.7955
2026-01-09,평일,11,항동중학교입구3R-동(서향),없음(NULL),,B형,1,0.7955
2026-01-09,평일,12,항동중학교입구3R-남(북향),없음(NULL),,A형 가능,0,0.0652
2026-01-09,평일,12,항동중학교입구3R-북(남향),없음(NULL),,B형,1,0.7955
2026-01-09,평일,12,항동중학교입구3R-동(서향),없음(NULL),,B형,1,0.7955
2026-01-09,평일,13,항동중학교입구3R-남(북향),없음(NULL),,A형 가능,0,0.0217
2026-01-09,평일,13,항동중학교입구3R-북(남향),없음(NULL),,B형,1,0.7955
2026-01-09,평일,13,항동중학교입구3R-동(서향),없음(NULL),,B형,1,0.7955
2026-01-09,평일,14,항동중학교입구3R-남(북향),없음(NULL),,A형 가능,0,0.0217
2026-01-09,평일,14,항동중학교입구3R-북(남향),없음(NULL),,B형,2,0.6272
2026-01-09,평일,14,항동중학교입구3R-동(서향),없음(NULL),,B형,2,0.6272
2026-01-09,평일,15,항동중학교입구3R-남(북향),없음(NULL),,A형 가능,0,0.0435
2026-01-09,평일,15,항동중학교입구3R-북(남향),없음(NULL),,B형,1,0.7879
2026-01-09,평일,15,항동중학교입구3R-동(서향),없음(NULL),,B형,1,0.7879
2026-01-09,평일,16,항동중학교입구3R-남(북향),없음(NULL),,A형 가능,0,0.0435
2026-01-09,평일,16,항동중학교입구3R-북(남향),없음(NULL),,B형,1,0.7879
2026-01-09,평일,16,항동중학교입구3R-동(서향),없음(NULL),,B형,1,0.7879
2026-01-09,평일,17,항동중학교입구3R-남(북향),없음(NULL),,A형 가능,0,0.0435
2026-01-09,평일,17,항동중학교입구3R-북(남향),없음(NULL),,B형,1,0.7879
2026-01-09,평일,17,항동중학교입구3R-동(서향),없음(NULL),,B형,1,0.7879
2026-01-09,평일,18,항동중학교입구3R-남(북향),없음(NULL),,A형 가능,0,0.0435
2026-01-09,평일,18,항동중학교입구3R-북(남향),없음(NULL),,B형,1,0.7879
2026-01-09,평일,18,항동중학교입구3R-동(서향),없음(NULL),,B형,1,0.7879
2026-01-09,평일,19,항동중학교입구3R-남(북향),없음(NULL),,A형 가능,0,0.0435
2026-01-09,평일,19,항동중학교입구3R-북(남향),없음(NULL),,B형,1,0.7879
2026-01-09,평일,19,항동중학교입구3R-동(서향),없음(NULL),,B형,1,0.7879
2026-01-09,평일,20,항동중학교입구3R-남(북향),없음(NULL),,A형 가능,0,0.0435
2026-01-09,평일,20,항동중학교입구3R-북(남향),없음(NULL),,B형,1,0.7879
2026-01-09,평일,20,항동중학교입구3R-동(서향),없음(NULL),,B형,1,0.7879
2026-01-09,평일,21,항동중학교입구3R-남(북향),없음(NULL),,A형 가능,0,0.0435
2026-01-09,평일,21,항동중학교입구3R-북(남향),없음(NULL),,B형,1,0.7879
2026-01-09,평일,21,항동중학교입구3R-동(서향),없음(NULL),,B형,1,0.7879
2026-01-09,평일,22,항동중학교입구3R-남(북향),없음(NULL),,A형 가능,0,0.0435
2026-01-09,평일,22,항동중학교입구3R-북(남향),없음(NULL),,B형,1,0.7955
2026-01-09,평일,22,항동중학교입구3R-동(서향),없음(NULL),,B형,1,0.7955
2026-01-09,평일,23,항동중학교입구3R-남(북향),없음(NULL),,A형 가능,0,0.0435
2026-01-09,평일,23,항동중학교입구3R-북(남향),없음(NULL),,B형,1,0.7879
2026-01-09,평일,23,항동중학교입구3R-동(서향),없음(NULL),,B형,1,0.7879
2026-01-10,토요일,00,항동중학교입구3R-남(북향),없음(NULL),,A형 가능,0,0.0000
2026-01-10,토요일,00,항동중학교입구3R-북(남향),없음(NULL),,B형,2,0.6250
2026-01-10,토요일,00,항동중학교입구3R-동(서향),없음(NULL),,B형,2,0.6250
2026-01-10,토요일,01,항동중학교입구3R-남(북향),없음(NULL),,A형 가능,0,0.0000
2026-01-10,토요일,01,항동중학교입구3R-북(남향),없음(NULL),,B형,2,0.6250
2026-01-10,토요일,01,항동중학교입구3R-동(서향),없음(NULL),,B형,1,0.7917
2026-01-10,토요일,02,항동중학교입구3R-남(북향),없음(NULL),,A형 가능,0,0.0000
2026-01-10,토요일,02,항동중학교입구3R-북(남향),없음(NULL),,B형,2,0.6346
2026-01-10,토요일,02,항동중학교입구3R-동(서향),없음(NULL),,B형,2,0.6250
2026-01-10,토요일,03,항동중학교입구3R-남(북향),없음(NULL),,A형 가능,0,0.0000
2026-01-10,토요일,03,항동중학교입구3R-북(남향),없음(NULL),,B형,2,0.6250
2026-01-10,토요일,03,항동중학교입구3R-동(서향),없음(NULL),,B형,1,0.7917
2026-01-10,토요일,04,항동중학교입구3R-남(북향),없음(NULL),,A형 가능,0,0.0000
2026-01-10,토요일,04,항동중학교입구3R-북(남향),없음(NULL),,B형,1,0.7917
2026-01-10,토요일,04,항동중학교입구3R-동(서향),없음(NULL),,B형,1,0.7917
2026-01-10,토요일,05,항동중학교입구3R-남(북향),없음(NULL),,A형 가능,0,0.0000
2026-01-10,토요일,05,항동중학교입구3R-북(남향),없음(NULL),,B형,1,0.7917
2026-01-10,토요일,05,항동중학교입구3R-동(서향),없음(NULL),,B형,1,0.7917
2026-01-10,토요일,06,항동중학교입구3R-남(북향),없음(NULL),,A형 가능,0,0.0000
2026-01-10,토요일,06,항동중학교입구3R-북(남향),없음(NULL),,B형,2,0.6250
2026-01-10,토요일,06,항동중학교입구3R-동(서향),없음(NULL),,B형,1,0.7917
2026-01-10,토요일,07,항동중학교입구3R-남(북향),없음(NULL),,A형 가능,0,0.0000
2026-01-10,토요일,07,항동중학교입구3R-북(남향),없음(NULL),,B형,2,0.6250
2026-01-10,토요일,07,항동중학교입구3R-동(서향),없음(NULL),,B형,1,0.7917
2026-01-10,토요일,08,항동중학교입구3R-남(북향),없음(NULL),,A형 가능,0,0.0000
2026-01-10,토요일,08,항동중학교입구3R-북(남향),없음(NULL),,B형,2,0.6250
2026-01-10,토요일,08,항동중학교입구3R-동(서향),없음(NULL),,B형,1,0.7917
2026-01-10,토요일,09,항동중학교입구3R-남(북향),없음(NULL),,A형 가능,0,0.0000
2026-01-10,토요일,09,항동중학교입구3R-북(남향),없음(NULL),,B형,2,0.6250
2026-01-10,토요일,09,항동중학교입구3R-동(서향),없음(NULL),,B형,2,0.6250
2026-01-10,토요일,10,항동중학교입구3R-남(북향),없음(NULL),,A형 가능,0,0.0000
2026-01-10,토요일,10,항동중학교입구3R-북(남향),없음(NULL),,B형,2,0.6250
2026-01-10,토요일,10,항동중학교입구3R-동(서향),없음(NULL),,B형,1,0.7917
2026-01-10,토요일,11,항동중학교입구3R-남(북향),없음(NULL),,A형 가능,0,0.0000
2026-01-10,토요일,11,항동중학교입구3R-북(남향),없음(NULL),,B형,2,0.6250
2026-01-10,토요일,11,항동중학교입구3R-동(서향),없음(NULL),,B형,1,0.7917
2026-01-10,토요일,12,항동중학교입구3R-남(북향),없음(NULL),,A형 가능,0,0.0000
2026-01-10,토요일,12,항동중학교입구3R-북(남향),없음(NULL),,B형,2,0.6250
2026-01-10,토요일,12,항동중학교입구3R-동(서향),없음(NULL),,B형,1,0.7917
2026-01-10,토요일,13,항동중학교입구3R-남(북향),없음(NULL),,A형 가능,0,0.0000
2026-01-10,토요일,13,항동중학교입구3R-북(남향),없음(NULL),,B형,2,0.6250
2026-01-10,토요일,13,항동중학교입구3R-동(서향),없음(NULL),,B형,1,0.7917
2026-01-10,토요일,14,항동중학교입구3R-남(북향),없음(NULL),,A형 가능,0,0.0000
2026-01-10,토요일,14,항동중학교입구3R-북(남향),없음(NULL),,B형,2,0.6250
2026-01-10,토요일,14,항동중학교입구3R-동(서향),없음(NULL),,B형,1,0.7917
2026-01-10,토요일,15,항동중학교입구3R-남(북향),없음(NULL),,A형 가능,0,0.0000
2026-01-10,토요일,15,항동중학교입구3R-북(남향),없음(NULL),,B형,2,0.6250
2026-01-10,토요일,15,항동중학교입구3R-동(서향),없음(NULL),,B형,2,0.6250
2026-01-10,토요일,16,항동중학교입구3R-남(북향),없음(NULL),,A형 가능,0,0.0000
2026-01-10,토요일,16,항동중학교입구3R-북(남향),없음(NULL),,B형,2,0.6346
2026-01-10,토요일,16,항동중학교입구3R-동(서향),없음(NULL),,B형,2,0.6346
2026-01-10,토요일,17,항동중학교입구3R-남(북향),없음(NULL),,A형 가능,0,0.0000
2026-01-10,토요일,17,항동중학교입구3R-북(남향),없음(NULL),,B형,2,0.6346
2026-01-10,토요일,17,항동중학교입구3R-동(서향),없음(NULL),,B형,2,0.6346
2026-01-10,토요일,18,항동중학교입구3R-남(북향),없음(NULL),,A형 가능,0,0.0000
2026-01-10,토요일,18,항동중학교입구3R-북(남향),없음(NULL),,B형,2,0.6442
2026-01-10,토요일,18,항동중학교입구3R-동(서향),없음(NULL),,B형,2,0.6346
2026-01-10,토요일,19,항동중학교입구3R-남(북향),없음(NULL),,A형 가능,0,0.0000
2026-01-10,토요일,19,항동중학교입구3R-북(남향),없음(NULL),,B형,2,0.6538
2026-01-10,토요일,19,항동중학교입구3R-동(서향),없음(NULL),,B형,2,0.6442
2026-01-10,토요일,20,항동중학교입구3R-남(북향),없음(NULL),,A형 가능,0,0.0000
2026-01-10,토요일,20,항동중학교입구3R-북(남향),없음(NULL),,B형,2,0.6442
2026-01-10,토요일,20,항동중학교입구3R-동(서향),없음(NULL),,B형,1,0.7917
2026-01-10,토요일,21,항동중학교입구3R-남(북향),없음(NULL),,A형 가능,0,0.0000
2026-01-10,토요일,21,항동중학교입구3R-북(남향),없음(NULL),,B형,2,0.6442
2026-01-10,토요일,21,항동중학교입구3R-동(서향),없음(NULL),,B형,1,0.7917
2026-01-10,토요일,22,항동중학교입구3R-남(북향),없음(NULL),,A형 가능,0,0.0000
2026-01-10,토요일,22,항동중학교입구3R-북(남향),없음(NULL),,B형,2,0.6442
2026-01-10,토요일,22,항동중학교입구3R-동(서향),없음(NULL),,B형,1,0.7917
2026-01-10,토요일,23,항동중학교입구3R-남(북향),없음(NULL),,A형 가능,0,0.0000
2026-01-10,토요일,23,항동중학교입구3R-북(남향),없음(NULL),,B형,2,0.6538
2026-01-10,토요일,23,항동중학교입구3R-동(서향),없음(NULL),,B형,1,0.7917
2026-01-11,일·공휴일,00,항동중학교입구3R-남(북향),없음(NULL),,A형 가능,0,0.0000
2026-01-11,일·공휴일,00,항동중학교입구3R-북(남향),없음(NULL),,B형,2,0.6538
2026-01-11,일·공휴일,00,항동중학교입구3R-동(서향),없음(NULL),,B형,2,0.6442
2026-01-11,일·공휴일,01,항동중학교입구3R-남(북향),없음(NULL),,A형 가능,0,0.0000
2026-01-11,일·공휴일,01,항동중학교입구3R-북(남향),없음(NULL),,B형,2,0.6538
2026-01-11,일·공휴일,01,항동중학교입구3R-동(서향),없음(NULL),,B형,2,0.6442
2026-01-11,일·공휴일,02,항동중학교입구3R-남(북향),없음(NULL),,A형 가능,0,0.0000
2026-01-11,일·공휴일,02,항동중학교입구3R-북(남향),없음(NULL),,B형,2,0.6538
2026-01-11,일·공휴일,02,항동중학교입구3R-동(서향),없음(NULL),,B형,2,0.6442
2026-01-11,일·공휴일,03,항동중학교입구3R-남(북향),없음(NULL),,A형 가능,0,0.0000
2026-01-11,일·공휴일,03,항동중학교입구3R-북(남향),없음(NULL),,B형,2,0.6538
2026-01-11,일·공휴일,03,항동중학교입구3R-동(서향),없음(NULL),,B형,2,0.6442
2026-01-11,일·공휴일,04,항동중학교입구3R-남(북향),없음(NULL),,A형 가능,0,0.0000
2026-01-11,일·공휴일,04,항동중학교입구3R-북(남향),없음(NULL),,B형,2,0.6538
2026-01-11,일·공휴일,04,항동중학교입구3R-동(서향),없음(NULL),,B형,2,0.6538
2026-01-11,일·공휴일,05,항동중학교입구3R-남(북향),없음(NULL),,A형 가능,0,0.0000
2026-01-11,일·공휴일,05,항동중학교입구3R-북(남향),없음(NULL),,B형,2,0.6538
2026-01-11,일·공휴일,05,항동중학교입구3R-동(서향),없음(NULL),,B형,2,0.6635
2026-01-11,일·공휴일,06,항동중학교입구3R-남(북향),없음(NULL),,A형 가능,0,0.0000
2026-01-11,일·공휴일,06,항동중학교입구3R-북(남향),없음(NULL),,B형,2,0.6731
2026-01-11,일·공휴일,06,항동중학교입구3R-동(서향),없음(NULL),,B형,2,0.6635
2026-01-11,일·공휴일,07,항동중학교입구3R-남(북향),없음(NULL),,A형 가능,0,0.0000
2026-01-11,일·공휴일,07,항동중학교입구3R-북(남향),없음(NULL),,B형,2,0.6635
2026-01-11,일·공휴일,07,항동중학교입구3R-동(서향),없음(NULL),,B형,2,0.6635
2026-01-11,일·공휴일,08,항동중학교입구3R-남(북향),없음(NULL),,A형 가능,0,0.0000
2026-01-11,일·공휴일,08,항동중학교입구3R-북(남향),없음(NULL),,B형,2,0.6538
2026-01-11,일·공휴일,08,항동중학교입구3R-동(서향),없음(NULL),,B형,2,0.6442
2026-01-11,일·공휴일,09,항동중학교입구3R-남(북향),없음(NULL),,A형 가능,0,0.0000
2026-01-11,일·공휴일,09,항동중학교입구3R-북(남향),없음(NULL),,B형,2,0.6442
2026-01-11,일·공휴일,09,항동중학교입구3R-동(서향),없음(NULL),,B형,2,0.6346
2026-01-11,일·공휴일,10,항동중학교입구3R-남(북향),없음(NULL),,A형 가능,0,0.0000
2026-01-11,일·공휴일,10,항동중학교입구3R-북(남향),없음(NULL),,B형,2,0.6442
2026-01-11,일·공휴일,10,항동중학교입구3R-동(서향),없음(NULL),,B형,2,0.6346
2026-01-11,일·공휴일,11,항동중학교입구3R-남(북향),없음(NULL),,A형 가능,0,0.0000
2026-01-11,일·공휴일,11,항동중학교입구3R-북(남향),없음(NULL),,B형,2,0.6442
2026-01-11,일·공휴일,11,항동중학교입구3R-동(서향),없음(NULL),,B형,2,0.6346
2026-01-11,일·공휴일,12,항동중학교입구3R-남(북향),없음(NULL),,A형 가능,0,0.0000
2026-01-11,일·공휴일,12,항동중학교입구3R-북(남향),없음(NULL),,B형,2,0.6442
2026-01-11,일·공휴일,12,항동중학교입구3R-동(서향),없음(NULL),,B형,2,0.6346
2026-01-11,일·공휴일,13,항동중학교입구3R-남(북향),없음(NULL),,A형 가능,0,0.0000
2026-01-11,일·공휴일,13,항동중학교입구3R-북(남향),없음(NULL),,B형,2,0.6442
2026-01-11,일·공휴일,13,항동중학교입구3R-동(서향),없음(NULL),,B형,2,0.6346
2026-01-11,일·공휴일,14,항동중학교입구3R-남(북향),없음(NULL),,A형 가능,0,0.0000
2026-01-11,일·공휴일,14,항동중학교입구3R-북(남향),없음(NULL),,B형,2,0.6442
2026-01-11,일·공휴일,14,항동중학교입구3R-동(서향),없음(NULL),,B형,2,0.6346
2026-01-11,일·공휴일,15,항동중학교입구3R-남(북향),없음(NULL),,A형 가능,0,0.0000
2026-01-11,일·공휴일,15,항동중학교입구3R-북(남향),없음(NULL),,B형,2,0.6442
2026-01-11,일·공휴일,15,항동중학교입구3R-동(서향),없음(NULL),,B형,2,0.6346
2026-01-11,일·공휴일,16,항동중학교입구3R-남(북향),없음(NULL),,A형 가능,0,0.0000
2026-01-11,일·공휴일,16,항동중학교입구3R-북(남향),없음(NULL),,B형,2,0.6442
2026-01-11,일·공휴일,16,항동중학교입구3R-동(서향),없음(NULL),,B형,2,0.6346
2026-01-11,일·공휴일,17,항동중학교입구3R-남(북향),없음(NULL),,A형 가능,0,0.0000
2026-01-11,일·공휴일,17,항동중학교입구3R-북(남향),없음(NULL),,B형,2,0.6442
2026-01-11,일·공휴일,17,항동중학교입구3R-동(서향),없음(NULL),,B형,2,0.6346
2026-01-11,일·공휴일,18,항동중학교입구3R-남(북향),없음(NULL),,A형 가능,0,0.0000
2026-01-11,일·공휴일,18,항동중학교입구3R-북(남향),없음(NULL),,B형,2,0.6442
2026-01-11,일·공휴일,18,항동중학교입구3R-동(서향),없음(NULL),,B형,2,0.6346
2026-01-11,일·공휴일,19,항동중학교입구3R-남(북향),없음(NULL),,A형 가능,0,0.0000
2026-01-11,일·공휴일,19,항동중학교입구3R-북(남향),없음(NULL),,B형,2,0.6442
2026-01-11,일·공휴일,19,항동중학교입구3R-동(서향),없음(NULL),,B형,2,0.6346
2026-01-11,일·공휴일,20,항동중학교입구3R-남(북향),없음(NULL),,A형 가능,0,0.0000
2026-01-11,일·공휴일,20,항동중학교입구3R-북(남향),없음(NULL),,B형,2,0.6442
2026-01-11,일·공휴일,20,항동중학교입구3R-동(서향),없음(NULL),,B형,2,0.6346
2026-01-11,일·공휴일,21,항동중학교입구3R-남(북향),없음(NULL),,A형 가능,0,0.0000
2026-01-11,일·공휴일,21,항동중학교입구3R-북(남향),없음(NULL),,B형,2,0.6442
2026-01-11,일·공휴일,21,항동중학교입구3R-동(서향),없음(NULL),,B형,2,0.6346
2026-01-11,일·공휴일,22,항동중학교입구3R-남(북향),없음(NULL),,A형 가능,0,0.0000
2026-01-11,일·공휴일,22,항동중학교입구3R-북(남향),없음(NULL),,B형,2,0.6442
2026-01-11,일·공휴일,22,항동중학교입구3R-동(서향),없음(NULL),,B형,2,0.6346
2026-01-11,일·공휴일,23,항동중학교입구3R-남(북향),없음(NULL),,A형 가능,0,0.0000
2026-01-11,일·공휴일,23,항동중학교입구3R-북(남향),없음(NULL),,B형,2,0.6442
2026-01-11,일·공휴일,23,항동중학교입구3R-동(서향),없음(NULL),,B형,2,0.6346
2026-01-12,평일,00,항동중학교입구3R-남(북향),없음(NULL),,A형 가능,0,0.0435
2026-01-12,평일,00,항동중학교입구3R-북(남향),없음(NULL),,B형,1,0.7955
2026-01-12,평일,00,항동중학교입구3R-동(서향),없음(NULL),,B형,1,0.7955
2026-01-12,평일,01,항동중학교입구3R-남(북향),없음(NULL),,A형 가능,0,0.0435
2026-01-12,평일,01,항동중학교입구3R-북(남향),없음(NULL),,B형,1,0.7955
2026-01-12,평일,01,항동중학교입구3R-동(서향),없음(NULL),,B형,1,0.7955
2026-01-12,평일,02,항동중학교입구3R-남(북향),없음(NULL),,A형 가능,0,0.0435
2026-01-12,평일,02,항동중학교입구3R-북(남향),없음(NULL),,B형,1,0.7955
2026-01-12,평일,02,항동중학교입구3R-동(서향),없음(NULL),,B형,1,0.7955
2026-01-12,평일,03,항동중학교입구3R-남(북향),없음(NULL),,A형 가능,0,0.0435
2026-01-12,평일,03,항동중학교입구3R-북(남향),없음(NULL),,B형,1,0.7955
2026-01-12,평일,03,항동중학교입구3R-동(서향),없음(NULL),,B형,2,0.6214
2026-01-12,평일,04,항동중학교입구3R-남(북향),없음(NULL),,A형 가능,0,0.0435
2026-01-12,평일,04,항동중학교입구3R-북(남향),없음(NULL),,B형,2,0.6195
2026-01-12,평일,04,항동중학교입구3R-동(서향),없음(NULL),,B형,2,0.6214
2026-01-12,평일,05,항동중학교입구3R-남(북향),없음(NULL),,A형 가능,0,0.0435
2026-01-12,평일,05,항동중학교입구3R-북(남향),없음(NULL),,B형,2,0.6233
2026-01-12,평일,05,항동중학교입구3R-동(서향),없음(NULL),,B형,2,0.6195
2026-01-12,평일,06,항동중학교입구3R-남(북향),없음(NULL),,A형 가능,0,0.0435
2026-01-12,평일,06,항동중학교입구3R-북(남향),없음(NULL),,B형,2,0.6233
2026-01-12,평일,06,항동중학교입구3R-동(서향),없음(NULL),,B형,2,0.6214
2026-01-12,평일,07,항동중학교입구3R-남(북향),없음(NULL),,A형 가능,0,0.0435
2026-01-12,평일,07,항동중학교입구3R-북(남향),없음(NULL),,B형,2,0.6233
2026-01-12,평일,07,항동중학교입구3R-동(서향),없음(NULL),,B형,2,0.6214
2026-01-12,평일,08,항동중학교입구3R-남(북향),없음(NULL),,A형 가능,0,0.0652
2026-01-12,평일,08,항동중학교입구3R-북(남향),없음(NULL),,B형,2,0.6233
2026-01-12,평일,08,항동중학교입구3R-동(서향),없음(NULL),,B형,2,0.6214
2026-01-12,평일,09,항동중학교입구3R-남(북향),없음(NULL),,A형 가능,0,0.0435
2026-01-12,평일,09,항동중학교입구3R-북(남향),없음(NULL),,B형,2,0.6214
2026-01-12,평일,09,항동중학교입구3R-동(서향),없음(NULL),,B형,2,0.6195
2026-01-12,평일,10,항동중학교입구3R-남(북향),없음(NULL),,A형 가능,0,0.0435
2026-01-12,평일,10,항동중학교입구3R-북(남향),없음(NULL),,B형,1,0.7955
2026-01-12,평일,10,항동중학교입구3R-동(서향),없음(NULL),,B형,1,0.7955
2026-01-12,평일,11,항동중학교입구3R-남(북향),없음(NULL),,A형 가능,0,0.0870
2026-01-12,평일,11,항동중학교입구3R-북(남향),없음(NULL),,B형,1,0.7955
2026-01-12,평일,11,항동중학교입구3R-동(서향),없음(NULL),,B형,1,0.7955
2026-01-12,평일,12,항동중학교입구3R-남(북향),없음(NULL),,A형 가능,0,0.0652
2026-01-12,평일,12,항동중학교입구3R-북(남향),없음(NULL),,B형,1,0.7955
2026-01-12,평일,12,항동중학교입구3R-동(서향),없음(NULL),,B형,1,0.7955
2026-01-12,평일,13,항동중학교입구3R-남(북향),없음(NULL),,A형 가능,0,0.0217
2026-01-12,평일,13,항동중학교입구3R-북(남향),없음(NULL),,B형,1,0.7955
2026-01-12,평일,13,항동중학교입구3R-동(서향),없음(NULL),,B형,1,0.7955
2026-01-12,평일,14,항동중학교입구3R-남(북향),없음(NULL),,A형 가능,0,0.0217
2026-01-12,평일,14,항동중학교입구3R-북(남향),없음(NULL),,B형,2,0.6272
2026-01-12,평일,14,항동중학교입구3R-동(서향),없음(NULL),,B형,2,0.6272
2026-01-12,평일,15,항동중학교입구3R-남(북향),없음(NULL),,A형 가능,0,0.0435
2026-01-12,평일,15,항동중학교입구3R-북(남향),없음(NULL),,B형,1,0.7879
2026-01-12,평일,15,항동중학교입구3R-동(서향),없음(NULL),,B형,1,0.7879
2026-01-12,평일,16,항동중학교입구3R-남(북향),없음(NULL),,A형 가능,0,0.0435
2026-01-12,평일,16,항동중학교입구3R-북(남향),없음(NULL),,B형,1,0.7879
2026-01-12,평일,16,항동중학교입구3R-동(서향),없음(NULL),,B형,1,0.7879
2026-01-12,평일,17,항동중학교입구3R-남(북향),없음(NULL),,A형 가능,0,0.0435
2026-01-12,평일,17,항동중학교입구3R-북(남향),없음(NULL),,B형,1,0.7879
2026-01-12,평일,17,항동중학교입구3R-동(서향),없음(NULL),,B형,1,0.7879
2026-01-12,평일,18,항동중학교입구3R-남(북향),없음(NULL),,A형 가능,0,0.0435
2026-01-12,평일,18,항동중학교입구3R-북(남향),없음(NULL),,B형,1,0.7879
2026-01-12,평일,18,항동중학교입구3R-동(서향),없음(NULL),,B형,1,0.7879
2026-01-12,평일,19,항동중학교입구3R-남(북향),없음(NULL),,A형 가능,0,0.0435
2026-01-12,평일,19,항동중학교입구3R-북(남향),없음(NULL),,B형,1,0.7879
2026-01-12,평일,19,항동중학교입구3R-동(서향),없음(NULL),,B형,1,0.7879
2026-01-12,평일,20,항동중학교입구3R-남(북향),없음(NULL),,A형 가능,0,0.0435
2026-01-12,평일,20,항동중학교입구3R-북(남향),없음(NULL),,B형,1,0.7879
2026-01-12,평일,20,항동중학교입구3R-동(서향),없음(NULL),,B형,1,0.7879
2026-01-12,평일,21,항동중학교입구3R-남(북향),없음(NULL),,A형 가능,0,0.0435
2026-01-12,평일,21,항동중학교입구3R-북(남향),없음(NULL),,B형,1,0.7879
2026-01-12,평일,21,항동중학교입구3R-동(서향),없음(NULL),,B형,1,0.7879
2026-01-12,평일,22,항동중학교입구3R-남(북향),없음(NULL),,A형 가능,0,0.0435
2026-01-12,평일,22,항동중학교입구3R-북(남향),없음(NULL),,B형,1,0.7955
2026-01-12,평일,22,항동중학교입구3R-동(서향),없음(NULL),,B형,1,0.7955
2026-01-12,평일,23,항동중학교입구3R-남(북향),없음(NULL),,A형 가능,0,0.0435
2026-01-12,평일,23,항동중학교입구3R-북(남향),없음(NULL),,B형,1,0.7879
2026-01-12,평일,23,항동중학교입구3R-동(서향),없음(NULL),,B형,1,0.7879
2026-01-13,평일,00,항동중학교입구3R-남(북향),없음(NULL),,A형 가능,0,0.0435
2026-01-13,평일,00,항동중학교입구3R-북(남향),없음(NULL),,B형,1,0.7955
2026-01-13,평일,00,항동중학교입구3R-동(서향),없음(NULL),,B형,1,0.7955
2026-01-13,평일,01,항동중학교입구3R-남(북향),없음(NULL),,A형 가능,0,0.0435
2026-01-13,평일,01,항동중학교입구3R-북(남향),없음(NULL),,B형,1,0.7955
2026-01-13,평일,01,항동중학교입구3R-동(서향),없음(NULL),,B형,1,0.7955
2026-01-13,평일,02,항동중학교입구3R-남(북향),없음(NULL),,A형 가능,0,0.0435
2026-01-13,평일,02,항동중학교입구3R-북(남향),없음(NULL),,B형,1,0.7955
2026-01-13,평일,02,항동중학교입구3R-동(서향),없음(NULL),,B형,1,0.7955
2026-01-13,평일,03,항동중학교입구3R-남(북향),없음(NULL),,A형 가능,0,0.0435
2026-01-13,평일,03,항동중학교입구3R-북(남향),없음(NULL),,B형,1,0.7955
2026-01-13,평일,03,항동중학교입구3R-동(서향),없음(NULL),,B형,2,0.6214
2026-01-13,평일,04,항동중학교입구3R-남(북향),없음(NULL),,A형 가능,0,0.0435
2026-01-13,평일,04,항동중학교입구3R-북(남향),없음(NULL),,B형,2,0.6195
2026-01-13,평일,04,항동중학교입구3R-동(서향),없음(NULL),,B형,2,0.6214
2026-01-13,평일,05,항동중학교입구3R-남(북향),없음(NULL),,A형 가능,0,0.0435
2026-01-13,평일,05,항동중학교입구3R-북(남향),없음(NULL),,B형,2,0.6233
2026-01-13,평일,05,항동중학교입구3R-동(서향),없음(NULL),,B형,2,0.6195
2026-01-13,평일,06,항동중학교입구3R-남(북향),없음(NULL),,A형 가능,0,0.0435
2026-01-13,평일,06,항동중학교입구3R-북(남향),없음(NULL),,B형,2,0.6233
2026-01-13,평일,06,항동중학교입구3R-동(서향),없음(NULL),,B형,2,0.6214
2026-01-13,평일,07,항동중학교입구3R-남(북향),없음(NULL),,A형 가능,0,0.0435
2026-01-13,평일,07,항동중학교입구3R-북(남향),없음(NULL),,B형,2,0.6233
2026-01-13,평일,07,항동중학교입구3R-동(서향),없음(NULL),,B형,2,0.6214
2026-01-13,평일,08,항동중학교입구3R-남(북향),없음(NULL),,A형 가능,0,0.0652
2026-01-13,평일,08,항동중학교입구3R-북(남향),없음(NULL),,B형,2,0.6233
2026-01-13,평일,08,항동중학교입구3R-동(서향),없음(NULL),,B형,2,0.6214
2026-01-13,평일,09,항동중학교입구3R-남(북향),없음(NULL),,A형 가능,0,0.0435
2026-01-13,평일,09,항동중학교입구3R-북(남향),없음(NULL),,B형,2,0.6214
2026-01-13,평일,09,항동중학교입구3R-동(서향),없음(NULL),,B형,2,0.6195
2026-01-13,평일,10,항동중학교입구3R-남(북향),없음(NULL),,A형 가능,0,0.0435
2026-01-13,평일,10,항동중학교입구3R-북(남향),없음(NULL),,B형,1,0.7955
2026-01-13,평일,10,항동중학교입구3R-동(서향),없음(NULL),,B형,1,0.7955
2026-01-13,평일,11,항동중학교입구3R-남(북향),없음(NULL),,A형 가능,0,0.0870
2026-01-13,평일,11,항동중학교입구3R-북(남향),없음(NULL),,B형,1,0.7955
2026-01-13,평일,11,항동중학교입구3R-동(서향),없음(NULL),,B형,1,0.7955
2026-01-13,평일,12,항동중학교입구3R-남(북향),없음(NULL),,A형 가능,0,0.0652
2026-01-13,평일,12,항동중학교입구3R-북(남향),없음(NULL),,B형,1,0.7955
2026-01-13,평일,12,항동중학교입구3R-동(서향),없음(NULL),,B형,1,0.7955
2026-01-13,평일,13,항동중학교입구3R-남(북향),없음(NULL),,A형 가능,0,0.0217
2026-01-13,평일,13,항동중학교입구3R-북(남향),없음(NULL),,B형,1,0.7955
2026-01-13,평일,13,항동중학교입구3R-동(서향),없음(NULL),,B형,1,0.7955
2026-01-13,평일,14,항동중학교입구3R-남(북향),없음(NULL),,A형 가능,0,0.0217
2026-01-13,평일,14,항동중학교입구3R-북(남향),없음(NULL),,B형,2,0.6272
2026-01-13,평일,14,항동중학교입구3R-동(서향),없음(NULL),,B형,2,0.6272
2026-01-13,평일,15,항동중학교입구3R-남(북향),없음(NULL),,A형 가능,0,0.0435
2026-01-13,평일,15,항동중학교입구3R-북(남향),없음(NULL),,B형,1,0.7879
2026-01-13,평일,15,항동중학교입구3R-동(서향),없음(NULL),,B형,1,0.7879
2026-01-13,평일,16,항동중학교입구3R-남(북향),없음(NULL),,A형 가능,0,0.0435
2026-01-13,평일,16,항동중학교입구3R-북(남향),없음(NULL),,B형,1,0.7879
2026-01-13,평일,16,항동중학교입구3R-동(서향),없음(NULL),,B형,1,0.7879
2026-01-13,평일,17,항동중학교입구3R-남(북향),없음(NULL),,A형 가능,0,0.0435
2026-01-13,평일,17,항동중학교입구3R-북(남향),없음(NULL),,B형,1,0.7879
2026-01-13,평일,17,항동중학교입구3R-동(서향),없음(NULL),,B형,1,0.7879
2026-01-13,평일,18,항동중학교입구3R-남(북향),없음(NULL),,A형 가능,0,0.0435
2026-01-13,평일,18,항동중학교입구3R-북(남향),없음(NULL),,B형,1,0.7879
2026-01-13,평일,18,항동중학교입구3R-동(서향),없음(NULL),,B형,1,0.7879
2026-01-13,평일,19,항동중학교입구3R-남(북향),없음(NULL),,A형 가능,0,0.0435
2026-01-13,평일,19,항동중학교입구3R-북(남향),없음(NULL),,B형,1,0.7879
2026-01-13,평일,19,항동중학교입구3R-동(서향),없음(NULL),,B형,1,0.7879
2026-01-13,평일,20,항동중학교입구3R-남(북향),없음(NULL),,A형 가능,0,0.0435
2026-01-13,평일,20,항동중학교입구3R-북(남향),없음(NULL),,B형,1,0.7879
2026-01-13,평일,20,항동중학교입구3R-동(서향),없음(NULL),,B형,1,0.7879
2026-01-13,평일,21,항동중학교입구3R-남(북향),없음(NULL),,A형 가능,0,0.0435
2026-01-13,평일,21,항동중학교입구3R-북(남향),없음(NULL),,B형,1,0.7879
2026-01-13,평일,21,항동중학교입구3R-동(서향),없음(NULL),,B형,1,0.7879
2026-01-13,평일,22,항동중학교입구3R-남(북향),없음(NULL),,A형 가능,0,0.0435
2026-01-13,평일,22,항동중학교입구3R-북(남향),없음(NULL),,B형,1,0.7955
2026-01-13,평일,22,항동중학교입구3R-동(서향),없음(NULL),,B형,1,0.7955
2026-01-13,평일,23,항동중학교입구3R-남(북향),없음(NULL),,A형 가능,0,0.0435
2026-01-13,평일,23,항동중학교입구3R-북(남향),없음(NULL),,B형,1,0.7879
2026-01-13,평일,23,항동중학교입구3R-동(서향),없음(NULL),,B형,1,0.7879
2026-01-14,평일,00,항동중학교입구3R-남(북향),없음(NULL),,A형 가능,0,0.0435
2026-01-14,평일,00,항동중학교입구3R-북(남향),없음(NULL),,B형,1,0.7955
2026-01-14,평일,00,항동중학교입구3R-동(서향),없음(NULL),,B형,1,0.7955
2026-01-14,평일,01,항동중학교입구3R-남(북향),없음(NULL),,A형 가능,0,0.0435
2026-01-14,평일,01,항동중학교입구3R-북(남향),없음(NULL),,B형,1,0.7955
2026-01-14,평일,01,항동중학교입구3R-동(서향),없음(NULL),,B형,1,0.7955
2026-01-14,평일,02,항동중학교입구3R-남(북향),없음(NULL),,A형 가능,0,0.0435
2026-01-14,평일,02,항동중학교입구3R-북(남향),없음(NULL),,B형,1,0.7955
2026-01-14,평일,02,항동중학교입구3R-동(서향),없음(NULL),,B형,1,0.7955
2026-01-14,평일,03,항동중학교입구3R-남(북향),없음(NULL),,A형 가능,0,0.0435
2026-01-14,평일,03,항동중학교입구3R-북(남향),없음(NULL),,B형,1,0.7955
2026-01-14,평일,03,항동중학교입구3R-동(서향),없음(NULL),,B형,2,0.6214
2026-01-14,평일,04,항동중학교입구3R-남(북향),없음(NULL),,A형 가능,0,0.0435
2026-01-14,평일,04,항동중학교입구3R-북(남향),없음(NULL),,B형,2,0.6195
2026-01-14,평일,04,항동중학교입구3R-동(서향),없음(NULL),,B형,2,0.6214
2026-01-14,평일,05,항동중학교입구3R-남(북향),없음(NULL),,A형 가능,0,0.0435
2026-01-14,평일,05,항동중학교입구3R-북(남향),없음(NULL),,B형,2,0.6233
2026-01-14,평일,05,항동중학교입구3R-동(서향),없음(NULL),,B형,2,0.6195
2026-01-14,평일,06,항동중학교입구3R-남(북향),없음(NULL),,A형 가능,0,0.0435
2026-01-14,평일,06,항동중학교입구3R-북(남향),없음(NULL),,B형,2,0.6233
2026-01-14,평일,06,항동중학교입구3R-동(서향),없음(NULL),,B형,2,0.6214
2026-01-14,평일,07,항동중학교입구3R-남(북향),없음(NULL),,A형 가능,0,0.0435
2026-01-14,평일,07,항동중학교입구3R-북(남향),없음(NULL),,B형,2,0.6233
2026-01-14,평일,07,항동중학교입구3R-동(서향),없음(NULL),,B형,2,0.6214
2026-01-14,평일,08,항동중학교입구3R-남(북향),없음(NULL),,A형 가능,0,0.0652
2026-01-14,평일,08,항동중학교입구3R-북(남향),없음(NULL),,B형,2,0.6233
2026-01-14,평일,08,항동중학교입구3R-동(서향),없음(NULL),,B형,2,0.6214
2026-01-14,평일,09,항동중학교입구3R-남(북향),없음(NULL),,A형 가능,0,0.0435
2026-01-14,평일,09,항동중학교입구3R-북(남향),없음(NULL),,B형,2,0.6214
2026-01-14,평일,09,항동중학교입구3R-동(서향),없음(NULL),,B형,2,0.6195
2026-01-14,평일,10,항동중학교입구3R-남(북향),없음(NULL),,A형 가능,0,0.0435
2026-01-14,평일,10,항동중학교입구3R-북(남향),없음(NULL),,B형,1,0.7955
2026-01-14,평일,10,항동중학교입구3R-동(서향),없음(NULL),,B형,1,0.7955
2026-01-14,평일,11,항동중학교입구3R-남(북향),없음(NULL),,A형 가능,0,0.0870
2026-01-14,평일,11,항동중학교입구3R-북(남향),없음(NULL),,B형,1,0.7955
2026-01-14,평일,11,항동중학교입구3R-동(서향),없음(NULL),,B형,1,0.7955
2026-01-14,평일,12,항동중학교입구3R-남(북향),없음(NULL),,A형 가능,0,0.0652
2026-01-14,평일,12,항동중학교입구3R-북(남향),없음(NULL),,B형,1,0.7955
2026-01-14,평일,12,항동중학교입구3R-동(서향),없음(NULL),,B형,1,0.7955
2026-01-14,평일,13,항동중학교입구3R-남(북향),없음(NULL),,A형 가능,0,0.0217
2026-01-14,평일,13,항동중학교입구3R-북(남향),없음(NULL),,B형,1,0.7955
2026-01-14,평일,13,항동중학교입구3R-동(서향),없음(NULL),,B형,1,0.7955
2026-01-14,평일,14,항동중학교입구3R-남(북향),없음(NULL),,A형 가능,0,0.0217
2026-01-14,평일,14,항동중학교입구3R-북(남향),없음(NULL),,B형,2,0.6272
2026-01-14,평일,14,항동중학교입구3R-동(서향),없음(NULL),,B형,2,0.6272
2026-01-14,평일,15,항동중학교입구3R-남(북향),없음(NULL),,A형 가능,0,0.0435
2026-01-14,평일,15,항동중학교입구3R-북(남향),없음(NULL),,B형,1,0.7879
2026-01-14,평일,15,항동중학교입구3R-동(서향),없음(NULL),,B형,1,0.7879
2026-01-14,평일,16,항동중학교입구3R-남(북향),없음(NULL),,A형 가능,0,0.0435
2026-01-14,평일,16,항동중학교입구3R-북(남향),없음(NULL),,B형,1,0.7879
2026-01-14,평일,16,항동중학교입구3R-동(서향),없음(NULL),,B형,1,0.7879
2026-01-14,평일,17,항동중학교입구3R-남(북향),없음(NULL),,A형 가능,0,0.0435
2026-01-14,평일,17,항동중학교입구3R-북(남향),없음(NULL),,B형,1,0.7879
2026-01-14,평일,17,항동중학교입구3R-동(서향),없음(NULL),,B형,1,0.7879
2026-01-14,평일,18,항동중학교입구3R-남(북향),없음(NULL),,A형 가능,0,0.0435
2026-01-14,평일,18,항동중학교입구3R-북(남향),없음(NULL),,B형,1,0.7879
2026-01-14,평일,18,항동중학교입구3R-동(서향),없음(NULL),,B형,1,0.7879
2026-01-14,평일,19,항동중학교입구3R-남(북향),없음(NULL),,A형 가능,0,0.0435
2026-01-14,평일,19,항동중학교입구3R-북(남향),없음(NULL),,B형,1,0.7879
2026-01-14,평일,19,항동중학교입구3R-동(서향),없음(NULL),,B형,1,0.7879
2026-01-14,평일,20,항동중학교입구3R-남(북향),없음(NULL),,A형 가능,0,0.0435
2026-01-14,평일,20,항동중학교입구3R-북(남향),없음(NULL),,B형,1,0.7879
2026-01-14,평일,20,항동중학교입구3R-동(서향),없음(NULL),,B형,1,0.7879
2026-01-14,평일,21,항동중학교입구3R-남(북향),없음(NULL),,A형 가능,0,0.0435
2026-01-14,평일,21,항동중학교입구3R-북(남향),없음(NULL),,B형,1,0.7879
2026-01-14,평일,21,항동중학교입구3R-동(서향),없음(NULL),,B형,1,0.7879
2026-01-14,평일,22,항동중학교입구3R-남(북향),없음(NULL),,A형 가능,0,0.0435
2026-01-14,평일,22,항동중학교입구3R-북(남향),없음(NULL),,B형,1,0.7955
2026-01-14,평일,22,항동중학교입구3R-동(서향),없음(NULL),,B형,1,0.7955
2026-01-14,평일,23,항동중학교입구3R-남(북향),없음(NULL),,A형 가능,0,0.0435
2026-01-14,평일,23,항동중학교입구3R-북(남향),없음(NULL),,B형,1,0.7879
2026-01-14,평일,23,항동중학교입구3R-동(서향),없음(NULL),,B형,1,0.7879
2026-01-15,평일,00,항동중학교입구3R-남(북향),없음(NULL),,A형 가능,0,0.0435
2026-01-15,평일,00,항동중학교입구3R-북(남향),없음(NULL),,B형,1,0.7955
2026-01-15,평일,00,항동중학교입구3R-동(서향),없음(NULL),,B형,1,0.7955
2026-01-15,평일,01,항동중학교입구3R-남(북향),없음(NULL),,A형 가능,0,0.0435
2026-01-15,평일,01,항동중학교입구3R-북(남향),없음(NULL),,B형,1,0.7955
2026-01-15,평일,01,항동중학교입구3R-동(서향),없음(NULL),,B형,1,0.7955
2026-01-15,평일,02,항동중학교입구3R-남(북향),없음(NULL),,A형 가능,0,0.0435
2026-01-15,평일,02,항동중학교입구3R-북(남향),없음(NULL),,B형,1,0.7955
2026-01-15,평일,02,항동중학교입구3R-동(서향),없음(NULL),,B형,1,0.7955
2026-01-15,평일,03,항동중학교입구3R-남(북향),없음(NULL),,A형 가능,0,0.0435
2026-01-15,평일,03,항동중학교입구3R-북(남향),없음(NULL),,B형,1,0.7955
2026-01-15,평일,03,항동중학교입구3R-동(서향),없음(NULL),,B형,2,0.6214
2026-01-15,평일,04,항동중학교입구3R-남(북향),없음(NULL),,A형 가능,0,0.0435
2026-01-15,평일,04,항동중학교입구3R-북(남향),없음(NULL),,B형,2,0.6195
2026-01-15,평일,04,항동중학교입구3R-동(서향),없음(NULL),,B형,2,0.6214
2026-01-15,평일,05,항동중학교입구3R-남(북향),없음(NULL),,A형 가능,0,0.0435
2026-01-15,평일,05,항동중학교입구3R-북(남향),없음(NULL),,B형,2,0.6233
2026-01-15,평일,05,항동중학교입구3R-동(서향),없음(NULL),,B형,2,0.6195
2026-01-15,평일,06,항동중학교입구3R-남(북향),없음(NULL),,A형 가능,0,0.0435
2026-01-15,평일,06,항동중학교입구3R-북(남향),없음(NULL),,B형,2,0.6233
2026-01-15,평일,06,항동중학교입구3R-동(서향),없음(NULL),,B형,2,0.6214
2026-01-15,평일,07,항동중학교입구3R-남(북향),없음(NULL),,A형 가능,0,0.0435
2026-01-15,평일,07,항동중학교입구3R-북(남향),없음(NULL),,B형,2,0.6233
2026-01-15,평일,07,항동중학교입구3R-동(서향),없음(NULL),,B형,2,0.6214
2026-01-15,평일,08,항동중학교입구3R-남(북향),없음(NULL),,A형 가능,0,0.0652
2026-01-15,평일,08,항동중학교입구3R-북(남향),없음(NULL),,B형,2,0.6233
2026-01-15,평일,08,항동중학교입구3R-동(서향),없음(NULL),,B형,2,0.6214
2026-01-15,평일,09,항동중학교입구3R-남(북향),없음(NULL),,A형 가능,0,0.0435
2026-01-15,평일,09,항동중학교입구3R-북(남향),없음(NULL),,B형,2,0.6214
2026-01-15,평일,09,항동중학교입구3R-동(서향),없음(NULL),,B형,2,0.6195
2026-01-15,평일,10,항동중학교입구3R-남(북향),없음(NULL),,A형 가능,0,0.0435
2026-01-15,평일,10,항동중학교입구3R-북(남향),없음(NULL),,B형,1,0.7955
2026-01-15,평일,10,항동중학교입구3R-동(서향),없음(NULL),,B형,1,0.7955
2026-01-15,평일,11,항동중학교입구3R-남(북향),없음(NULL),,A형 가능,0,0.0870
2026-01-15,평일,11,항동중학교입구3R-북(남향),없음(NULL),,B형,1,0.7955
2026-01-15,평일,11,항동중학교입구3R-동(서향),없음(NULL),,B형,1,0.7955
2026-01-15,평일,12,항동중학교입구3R-남(북향),없음(NULL),,A형 가능,0,0.0652
2026-01-15,평일,12,항동중학교입구3R-북(남향),없음(NULL),,B형,1,0.7955
2026-01-15,평일,12,항동중학교입구3R-동(서향),없음(NULL),,B형,1,0.7955
2026-01-15,평일,13,항동중학교입구3R-남(북향),없음(NULL),,A형 가능,0,0.0217
2026-01-15,평일,13,항동중학교입구3R-북(남향),없음(NULL),,B형,1,0.7955
2026-01-15,평일,13,항동중학교입구3R-동(서향),없음(NULL),,B형,1,0.7955
2026-01-15,평일,14,항동중학교입구3R-남(북향),없음(NULL),,A형 가능,0,0.0217
2026-01-15,평일,14,항동중학교입구3R-북(남향),없음(NULL),,B형,2,0.6272
2026-01-15,평일,14,항동중학교입구3R-동(서향),없음(NULL),,B형,2,0.6272
2026-01-15,평일,15,항동중학교입구3R-남(북향),없음(NULL),,A형 가능,0,0.0435
2026-01-15,평일,15,항동중학교입구3R-북(남향),없음(NULL),,B형,1,0.7879
2026-01-15,평일,15,항동중학교입구3R-동(서향),없음(NULL),,B형,1,0.7879
2026-01-15,평일,16,항동중학교입구3R-남(북향),없음(NULL),,A형 가능,0,0.0435
2026-01-15,평일,16,항동중학교입구3R-북(남향),없음(NULL),,B형,1,0.7879
2026-01-15,평일,16,항동중학교입구3R-동(서향),없음(NULL),,B형,1,0.7879
2026-01-15,평일,17,항동중학교입구3R-남(북향),없음(NULL),,A형 가능,0,0.0435
2026-01-15,평일,17,항동중학교입구3R-북(남향),없음(NULL),,B형,1,0.7879
2026-01-15,평일,17,항동중학교입구3R-동(서향),없음(NULL),,B형,1,0.7879
2026-01-15,평일,18,항동중학교입구3R-남(북향),없음(NULL),,A형 가능,0,0.0435
2026-01-15,평일,18,항동중학교입구3R-북(남향),없음(NULL),,B형,1,0.7879
2026-01-15,평일,18,항동중학교입구3R-동(서향),없음(NULL),,B형,1,0.7879
2026-01-15,평일,19,항동중학교입구3R-남(북향),없음(NULL),,A형 가능,0,0.0435
2026-01-15,평일,19,항동중학교입구3R-북(남향),없음(NULL),,B형,1,0.7879
2026-01-15,평일,19,항동중학교입구3R-동(서향),없음(NULL),,B형,1,0.7879
2026-01-15,평일,20,항동중학교입구3R-남(북향),없음(NULL),,A형 가능,0,0.0435
2026-01-15,평일,20,항동중학교입구3R-북(남향),없음(NULL),,B형,1,0.7879
2026-01-15,평일,20,항동중학교입구3R-동(서향),없음(NULL),,B형,1,0.7879
2026-01-15,평일,21,항동중학교입구3R-남(북향),없음(NULL),,A형 가능,0,0.0435
2026-01-15,평일,21,항동중학교입구3R-북(남향),없음(NULL),,B형,1,0.7879
2026-01-15,평일,21,항동중학교입구3R-동(서향),없음(NULL),,B형,1,0.7879
2026-01-15,평일,22,항동중학교입구3R-남(북향),없음(NULL),,A형 가능,0,0.0435
2026-01-15,평일,22,항동중학교입구3R-북(남향),없음(NULL),,B형,1,0.7955
2026-01-15,평일,22,항동중학교입구3R-동(서향),없음(NULL),,B형,1,0.7955
2026-01-15,평일,23,항동중학교입구3R-남(북향),없음(NULL),,A형 가능,0,0.0435
2026-01-15,평일,23,항동중학교입구3R-북(남향),없음(NULL),,B형,1,0.7879
2026-01-15,평일,23,항동중학교입구3R-동(서향),없음(NULL),,B형,1,0.7879
2026-01-16,평일,00,항동중학교입구3R-남(북향),없음(NULL),,A형 가능,0,0.0435
2026-01-16,평일,00,항동중학교입구3R-북(남향),없음(NULL),,B형,1,0.7955
2026-01-16,평일,00,항동중학교입구3R-동(서향),없음(NULL),,B형,1,0.7955
2026-01-16,평일,01,항동중학교입구3R-남(북향),없음(NULL),,A형 가능,0,0.0435
2026-01-16,평일,01,항동중학교입구3R-북(남향),없음(NULL),,B형,1,0.7955
2026-01-16,평일,01,항동중학교입구3R-동(서향),없음(NULL),,B형,1,0.7955
2026-01-16,평일,02,항동중학교입구3R-남(북향),없음(NULL),,A형 가능,0,0.0435
2026-01-16,평일,02,항동중학교입구3R-북(남향),없음(NULL),,B형,1,0.7955
2026-01-16,평일,02,항동중학교입구3R-동(서향),없음(NULL),,B형,1,0.7955
2026-01-16,평일,03,항동중학교입구3R-남(북향),없음(NULL),,A형 가능,0,0.0435
2026-01-16,평일,03,항동중학교입구3R-북(남향),없음(NULL),,B형,1,0.7955
2026-01-16,평일,03,항동중학교입구3R-동(서향),없음(NULL),,B형,2,0.6214
2026-01-16,평일,04,항동중학교입구3R-남(북향),없음(NULL),,A형 가능,0,0.0435
2026-01-16,평일,04,항동중학교입구3R-북(남향),없음(NULL),,B형,2,0.6195
2026-01-16,평일,04,항동중학교입구3R-동(서향),없음(NULL),,B형,2,0.6214
2026-01-16,평일,05,항동중학교입구3R-남(북향),없음(NULL),,A형 가능,0,0.0435
2026-01-16,평일,05,항동중학교입구3R-북(남향),없음(NULL),,B형,2,0.6233
2026-01-16,평일,05,항동중학교입구3R-동(서향),없음(NULL),,B형,2,0.6195
2026-01-16,평일,06,항동중학교입구3R-남(북향),없음(NULL),,A형 가능,0,0.0435
2026-01-16,평일,06,항동중학교입구3R-북(남향),없음(NULL),,B형,2,0.6233
2026-01-16,평일,06,항동중학교입구3R-동(서향),없음(NULL),,B형,2,0.6214
2026-01-16,평일,07,항동중학교입구3R-남(북향),없음(NULL),,A형 가능,0,0.0435
2026-01-16,평일,07,항동중학교입구3R-북(남향),없음(NULL),,B형,2,0.6233
2026-01-16,평일,07,항동중학교입구3R-동(서향),없음(NULL),,B형,2,0.6214
2026-01-16,평일,08,항동중학교입구3R-남(북향),없음(NULL),,A형 가능,0,0.0652
2026-01-16,평일,08,항동중학교입구3R-북(남향),없음(NULL),,B형,2,0.6233
2026-01-16,평일,08,항동중학교입구3R-동(서향),없음(NULL),,B형,2,0.6214
2026-01-16,평일,09,항동중학교입구3R-남(북향),없음(NULL),,A형 가능,0,0.0435
2026-01-16,평일,09,항동중학교입구3R-북(남향),없음(NULL),,B형,2,0.6214
2026-01-16,평일,09,항동중학교입구3R-동(서향),없음(NULL),,B형,2,0.6195
2026-01-16,평일,10,항동중학교입구3R-남(북향),없음(NULL),,A형 가능,0,0.0435
2026-01-16,평일,10,항동중학교입구3R-북(남향),없음(NULL),,B형,1,0.7955
2026-01-16,평일,10,항동중학교입구3R-동(서향),없음(NULL),,B형,1,0.7955
2026-01-16,평일,11,항동중학교입구3R-남(북향),없음(NULL),,A형 가능,0,0.0870
2026-01-16,평일,11,항동중학교입구3R-북(남향),없음(NULL),,B형,1,0.7955
2026-01-16,평일,11,항동중학교입구3R-동(서향),없음(NULL),,B형,1,0.7955
2026-01-16,평일,12,항동중학교입구3R-남(북향),없음(NULL),,A형 가능,0,0.0652
2026-01-16,평일,12,항동중학교입구3R-북(남향),없음(NULL),,B형,1,0.7955
2026-01-16,평일,12,항동중학교입구3R-동(서향),없음(NULL),,B형,1,0.7955
2026-01-16,평일,13,항동중학교입구3R-남(북향),없음(NULL),,A형 가능,0,0.0217
2026-01-16,평일,13,항동중학교입구3R-북(남향),없음(NULL),,B형,1,0.7955
2026-01-16,평일,13,항동중학교입구3R-동(서향),없음(NULL),,B형,1,0.7955
2026-01-16,평일,14,항동중학교입구3R-남(북향),없음(NULL),,A형 가능,0,0.0217
2026-01-16,평일,14,항동중학교입구3R-북(남향),없음(NULL),,B형,2,0.6272
2026-01-16,평일,14,항동중학교입구3R-동(서향),없음(NULL),,B형,2,0.6272
2026-01-16,평일,15,항동중학교입구3R-남(북향),없음(NULL),,A형 가능,0,0.0435
2026-01-16,평일,15,항동중학교입구3R-북(남향),없음(NULL),,B형,1,0.7879
2026-01-16,평일,15,항동중학교입구3R-동(서향),없음(NULL),,B형,1,0.7879
2026-01-16,평일,16,항동중학교입구3R-남(북향),없음(NULL),,A형 가능,0,0.0435
2026-01-16,평일,16,항동중학교입구3R-북(남향),없음(NULL),,B형,1,0.7879
2026-01-16,평일,16,항동중학교입구3R-동(서향),없음(NULL),,B형,1,0.7879
2026-01-16,평일,17,항동중학교입구3R-남(북향),없음(NULL),,A형 가능,0,0.0435
2026-01-16,평일,17,항동중학교입구3R-북(남향),없음(NULL),,B형,1,0.7879
2026-01-16,평일,17,항동중학교입구3R-동(서향),없음(NULL),,B형,1,0.7879
2026-01-16,평일,18,항동중학교입구3R-남(북향),없음(NULL),,A형 가능,0,0.0435
2026-01-16,평일,18,항동중학교입구3R-북(남향),없음(NULL),,B형,1,0.7879
2026-01-16,평일,18,항동중학교입구3R-동(서향),없음(NULL),,B형,1,0.7879
2026-01-16,평일,19,항동중학교입구3R-남(북향),없음(NULL),,A형 가능,0,0.0435
2026-01-16,평일,19,항동중학교입구3R-북(남향),없음(NULL),,B형,1,0.7879
2026-01-16,평일,19,항동중학교입구3R-동(서향),없음(NULL),,B형,1,0.7879
2026-01-16,평일,20,항동중학교입구3R-남(북향),없음(NULL),,A형 가능,0,0.0435
2026-01-16,평일,20,항동중학교입구3R-북(남향),없음(NULL),,B형,1,0.7879
2026-01-16,평일,20,항동중학교입구3R-동(서향),없음(NULL),,B형,1,0.7879
2026-01-16,평일,21,항동중학교입구3R-남(북향),없음(NULL),,A형 가능,0,0.0435
2026-01-16,평일,21,항동중학교입구3R-북(남향),없음(NULL),,B형,1,0.7879
2026-01-16,평일,21,항동중학교입구3R-동(서향),없음(NULL),,B형,1,0.7879
2026-01-16,평일,22,항동중학교입구3R-남(북향),없음(NULL),,A형 가능,0,0.0435
2026-01-16,평일,22,항동중학교입구3R-북(남향),없음(NULL),,B형,1,0.7955
2026-01-16,평일,22,항동중학교입구3R-동(서향),없음(NULL),,B형,1,0.7955
2026-01-16,평일,23,항동중학교입구3R-남(북향),없음(NULL),,A형 가능,0,0.0435
2026-01-16,평일,23,항동중학교입구3R-북(남향),없음(NULL),,B형,1,0.7879
2026-01-16,평일,23,항동중학교입구3R-동(서향),없음(NULL),,B형,1,0.7879
2026-01-17,토요일,00,항동중학교입구3R-남(북향),없음(NULL),,A형 가능,0,0.0000
2026-01-17,토요일,00,항동중학교입구3R-북(남향),없음(NULL),,B형,2,0.6250
2026-01-17,토요일,00,항동중학교입구3R-동(서향),없음(NULL),,B형,2,0.6250
2026-01-17,토요일,01,항동중학교입구3R-남(북향),없음(NULL),,A형 가능,0,0.0000
2026-01-17,토요일,01,항동중학교입구3R-북(남향),없음(NULL),,B형,2,0.6250
2026-01-17,토요일,01,항동중학교입구3R-동(서향),없음(NULL),,B형,1,0.7917
2026-01-17,토요일,02,항동중학교입구3R-남(북향),없음(NULL),,A형 가능,0,0.0000
2026-01-17,토요일,02,항동중학교입구3R-북(남향),없음(NULL),,B형,2,0.6346
2026-01-17,토요일,02,항동중학교입구3R-동(서향),없음(NULL),,B형,2,0.6250
2026-01-17,토요일,03,항동중학교입구3R-남(북향),없음(NULL),,A형 가능,0,0.0000
2026-01-17,토요일,03,항동중학교입구3R-북(남향),없음(NULL),,B형,2,0.6250
2026-01-17,토요일,03,항동중학교입구3R-동(서향),없음(NULL),,B형,1,0.7917
2026-01-17,토요일,04,항동중학교입구3R-남(북향),없음(NULL),,A형 가능,0,0.0000
2026-01-17,토요일,04,항동중학교입구3R-북(남향),없음(NULL),,B형,1,0.7917
2026-01-17,토요일,04,항동중학교입구3R-동(서향),없음(NULL),,B형,1,0.7917
2026-01-17,토요일,05,항동중학교입구3R-남(북향),없음(NULL),,A형 가능,0,0.0000
2026-01-17,토요일,05,항동중학교입구3R-북(남향),없음(NULL),,B형,1,0.7917
2026-01-17,토요일,05,항동중학교입구3R-동(서향),없음(NULL),,B형,1,0.7917
2026-01-17,토요일,06,항동중학교입구3R-남(북향),없음(NULL),,A형 가능,0,0.0000
2026-01-17,토요일,06,항동중학교입구3R-북(남향),없음(NULL),,B형,2,0.6250
2026-01-17,토요일,06,항동중학교입구3R-동(서향),없음(NULL),,B형,1,0.7917
2026-01-17,토요일,07,항동중학교입구3R-남(북향),없음(NULL),,A형 가능,0,0.0000
2026-01-17,토요일,07,항동중학교입구3R-북(남향),없음(NULL),,B형,2,0.6250
2026-01-17,토요일,07,항동중학교입구3R-동(서향),없음(NULL),,B형,1,0.7917
2026-01-17,토요일,08,항동중학교입구3R-남(북향),없음(NULL),,A형 가능,0,0.0000
2026-01-17,토요일,08,항동중학교입구3R-북(남향),없음(NULL),,B형,2,0.6250
2026-01-17,토요일,08,항동중학교입구3R-동(서향),없음(NULL),,B형,1,0.7917
2026-01-17,토요일,09,항동중학교입구3R-남(북향),없음(NULL),,A형 가능,0,0.0000
2026-01-17,토요일,09,항동중학교입구3R-북(남향),없음(NULL),,B형,2,0.6250
2026-01-17,토요일,09,항동중학교입구3R-동(서향),없음(NULL),,B형,2,0.6250
2026-01-17,토요일,10,항동중학교입구3R-남(북향),없음(NULL),,A형 가능,0,0.0000
2026-01-17,토요일,10,항동중학교입구3R-북(남향),없음(NULL),,B형,2,0.6250
2026-01-17,토요일,10,항동중학교입구3R-동(서향),없음(NULL),,B형,1,0.7917
2026-01-17,토요일,11,항동중학교입구3R-남(북향),없음(NULL),,A형 가능,0,0.0000
2026-01-17,토요일,11,항동중학교입구3R-북(남향),없음(NULL),,B형,2,0.6250
2026-01-17,토요일,11,항동중학교입구3R-동(서향),없음(NULL),,B형,1,0.7917
2026-01-17,토요일,12,항동중학교입구3R-남(북향),없음(NULL),,A형 가능,0,0.0000
2026-01-17,토요일,12,항동중학교입구3R-북(남향),없음(NULL),,B형,2,0.6250
2026-01-17,토요일,12,항동중학교입구3R-동(서향),없음(NULL),,B형,1,0.7917
2026-01-17,토요일,13,항동중학교입구3R-남(북향),없음(NULL),,A형 가능,0,0.0000
2026-01-17,토요일,13,항동중학교입구3R-북(남향),없음(NULL),,B형,2,0.6250
2026-01-17,토요일,13,항동중학교입구3R-동(서향),없음(NULL),,B형,1,0.7917
2026-01-17,토요일,14,항동중학교입구3R-남(북향),없음(NULL),,A형 가능,0,0.0000
2026-01-17,토요일,14,항동중학교입구3R-북(남향),없음(NULL),,B형,2,0.6250
2026-01-17,토요일,14,항동중학교입구3R-동(서향),없음(NULL),,B형,1,0.7917
2026-01-17,토요일,15,항동중학교입구3R-남(북향),없음(NULL),,A형 가능,0,0.0000
2026-01-17,토요일,15,항동중학교입구3R-북(남향),없음(NULL),,B형,2,0.6250
2026-01-17,토요일,15,항동중학교입구3R-동(서향),없음(NULL),,B형,2,0.6250
2026-01-17,토요일,16,항동중학교입구3R-남(북향),없음(NULL),,A형 가능,0,0.0000
2026-01-17,토요일,16,항동중학교입구3R-북(남향),없음(NULL),,B형,2,0.6346
2026-01-17,토요일,16,항동중학교입구3R-동(서향),없음(NULL),,B형,2,0.6346
2026-01-17,토요일,17,항동중학교입구3R-남(북향),없음(NULL),,A형 가능,0,0.0000
2026-01-17,토요일,17,항동중학교입구3R-북(남향),없음(NULL),,B형,2,0.6346
2026-01-17,토요일,17,항동중학교입구3R-동(서향),없음(NULL),,B형,2,0.6346
2026-01-17,토요일,18,항동중학교입구3R-남(북향),없음(NULL),,A형 가능,0,0.0000
2026-01-17,토요일,18,항동중학교입구3R-북(남향),없음(NULL),,B형,2,0.6442
2026-01-17,토요일,18,항동중학교입구3R-동(서향),없음(NULL),,B형,2,0.6346
2026-01-17,토요일,19,항동중학교입구3R-남(북향),없음(NULL),,A형 가능,0,0.0000
2026-01-17,토요일,19,항동중학교입구3R-북(남향),없음(NULL),,B형,2,0.6538
2026-01-17,토요일,19,항동중학교입구3R-동(서향),없음(NULL),,B형,2,0.6442
2026-01-17,토요일,20,항동중학교입구3R-남(북향),없음(NULL),,A형 가능,0,0.0000
2026-01-17,토요일,20,항동중학교입구3R-북(남향),없음(NULL),,B형,2,0.6442
2026-01-17,토요일,20,항동중학교입구3R-동(서향),없음(NULL),,B형,1,0.7917
2026-01-17,토요일,21,항동중학교입구3R-남(북향),없음(NULL),,A형 가능,0,0.0000
2026-01-17,토요일,21,항동중학교입구3R-북(남향),없음(NULL),,B형,2,0.6442
2026-01-17,토요일,21,항동중학교입구3R-동(서향),없음(NULL),,B형,1,0.7917
2026-01-17,토요일,22,항동중학교입구3R-남(북향),없음(NULL),,A형 가능,0,0.0000
2026-01-17,토요일,22,항동중학교입구3R-북(남향),없음(NULL),,B형,2,0.6442
2026-01-17,토요일,22,항동중학교입구3R-동(서향),없음(NULL),,B형,1,0.7917
2026-01-17,토요일,23,항동중학교입구3R-남(북향),없음(NULL),,A형 가능,0,0.0000
2026-01-17,토요일,23,항동중학교입구3R-북(남향),없음(NULL),,B형,2,0.6538
2026-01-17,토요일,23,항동중학교입구3R-동(서향),없음(NULL),,B형,1,0.7917
2026-01-18,일·공휴일,00,항동중학교입구3R-남(북향),없음(NULL),,A형 가능,0,0.0000
2026-01-18,일·공휴일,00,항동중학교입구3R-북(남향),없음(NULL),,B형,2,0.6538
2026-01-18,일·공휴일,00,항동중학교입구3R-동(서향),없음(NULL),,B형,2,0.6442
2026-01-18,일·공휴일,01,항동중학교입구3R-남(북향),없음(NULL),,A형 가능,0,0.0000
2026-01-18,일·공휴일,01,항동중학교입구3R-북(남향),없음(NULL),,B형,2,0.6538
2026-01-18,일·공휴일,01,항동중학교입구3R-동(서향),없음(NULL),,B형,2,0.6442
2026-01-18,일·공휴일,02,항동중학교입구3R-남(북향),없음(NULL),,A형 가능,0,0.0000
2026-01-18,일·공휴일,02,항동중학교입구3R-북(남향),없음(NULL),,B형,2,0.6538
2026-01-18,일·공휴일,02,항동중학교입구3R-동(서향),없음(NULL),,B형,2,0.6442
2026-01-18,일·공휴일,03,항동중학교입구3R-남(북향),없음(NULL),,A형 가능,0,0.0000
2026-01-18,일·공휴일,03,항동중학교입구3R-북(남향),없음(NULL),,B형,2,0.6538
2026-01-18,일·공휴일,03,항동중학교입구3R-동(서향),없음(NULL),,B형,2,0.6442
2026-01-18,일·공휴일,04,항동중학교입구3R-남(북향),없음(NULL),,A형 가능,0,0.0000
2026-01-18,일·공휴일,04,항동중학교입구3R-북(남향),없음(NULL),,B형,2,0.6538
2026-01-18,일·공휴일,04,항동중학교입구3R-동(서향),없음(NULL),,B형,2,0.6538
2026-01-18,일·공휴일,05,항동중학교입구3R-남(북향),없음(NULL),,A형 가능,0,0.0000
2026-01-18,일·공휴일,05,항동중학교입구3R-북(남향),없음(NULL),,B형,2,0.6538
2026-01-18,일·공휴일,05,항동중학교입구3R-동(서향),없음(NULL),,B형,2,0.6635
2026-01-18,일·공휴일,06,항동중학교입구3R-남(북향),없음(NULL),,A형 가능,0,0.0000
2026-01-18,일·공휴일,06,항동중학교입구3R-북(남향),없음(NULL),,B형,2,0.6731
2026-01-18,일·공휴일,06,항동중학교입구3R-동(서향),없음(NULL),,B형,2,0.6635
2026-01-18,일·공휴일,07,항동중학교입구3R-남(북향),없음(NULL),,A형 가능,0,0.0000
2026-01-18,일·공휴일,07,항동중학교입구3R-북(남향),없음(NULL),,B형,2,0.6635
2026-01-18,일·공휴일,07,항동중학교입구3R-동(서향),없음(NULL),,B형,2,0.6635
2026-01-18,일·공휴일,08,항동중학교입구3R-남(북향),없음(NULL),,A형 가능,0,0.0000
2026-01-18,일·공휴일,08,항동중학교입구3R-북(남향),없음(NULL),,B형,2,0.6538
2026-01-18,일·공휴일,08,항동중학교입구3R-동(서향),없음(NULL),,B형,2,0.6442
2026-01-18,일·공휴일,09,항동중학교입구3R-남(북향),없음(NULL),,A형 가능,0,0.0000
2026-01-18,일·공휴일,09,항동중학교입구3R-북(남향),없음(NULL),,B형,2,0.6442
2026-01-18,일·공휴일,09,항동중학교입구3R-동(서향),없음(NULL),,B형,2,0.6346
2026-01-18,일·공휴일,10,항동중학교입구3R-남(북향),없음(NULL),,A형 가능,0,0.0000
2026-01-18,일·공휴일,10,항동중학교입구3R-북(남향),없음(NULL),,B형,2,0.6442
2026-01-18,일·공휴일,10,항동중학교입구3R-동(서향),없음(NULL),,B형,2,0.6346
2026-01-18,일·공휴일,11,항동중학교입구3R-남(북향),없음(NULL),,A형 가능,0,0.0000
2026-01-18,일·공휴일,11,항동중학교입구3R-북(남향),없음(NULL),,B형,2,0.6442
2026-01-18,일·공휴일,11,항동중학교입구3R-동(서향),없음(NULL),,B형,2,0.6346
2026-01-18,일·공휴일,12,항동중학교입구3R-남(북향),없음(NULL),,A형 가능,0,0.0000
2026-01-18,일·공휴일,12,항동중학교입구3R-북(남향),없음(NULL),,B형,2,0.6442
2026-01-18,일·공휴일,12,항동중학교입구3R-동(서향),없음(NULL),,B형,2,0.6346
2026-01-18,일·공휴일,13,항동중학교입구3R-남(북향),없음(NULL),,A형 가능,0,0.0000
2026-01-18,일·공휴일,13,항동중학교입구3R-북(남향),없음(NULL),,B형,2,0.6442
2026-01-18,일·공휴일,13,항동중학교입구3R-동(서향),없음(NULL),,B형,2,0.6346
2026-01-18,일·공휴일,14,항동중학교입구3R-남(북향),없음(NULL),,A형 가능,0,0.0000
2026-01-18,일·공휴일,14,항동중학교입구3R-북(남향),없음(NULL),,B형,2,0.6442
2026-01-18,일·공휴일,14,항동중학교입구3R-동(서향),없음(NULL),,B형,2,0.6346
2026-01-18,일·공휴일,15,항동중학교입구3R-남(북향),없음(NULL),,A형 가능,0,0.0000
2026-01-18,일·공휴일,15,항동중학교입구3R-북(남향),없음(NULL),,B형,2,0.6442
2026-01-18,일·공휴일,15,항동중학교입구3R-동(서향),없음(NULL),,B형,2,0.6346
2026-01-18,일·공휴일,16,항동중학교입구3R-남(북향),없음(NULL),,A형 가능,0,0.0000
2026-01-18,일·공휴일,16,항동중학교입구3R-북(남향),없음(NULL),,B형,2,0.6442
2026-01-18,일·공휴일,16,항동중학교입구3R-동(서향),없음(NULL),,B형,2,0.6346
2026-01-18,일·공휴일,17,항동중학교입구3R-남(북향),없음(NULL),,A형 가능,0,0.0000
2026-01-18,일·공휴일,17,항동중학교입구3R-북(남향),없음(NULL),,B형,2,0.6442
2026-01-18,일·공휴일,17,항동중학교입구3R-동(서향),없음(NULL),,B형,2,0.6346
2026-01-18,일·공휴일,18,항동중학교입구3R-남(북향),없음(NULL),,A형 가능,0,0.0000
2026-01-18,일·공휴일,18,항동중학교입구3R-북(남향),없음(NULL),,B형,2,0.6442
2026-01-18,일·공휴일,18,항동중학교입구3R-동(서향),없음(NULL),,B형,2,0.6346
2026-01-18,일·공휴일,19,항동중학교입구3R-남(북향),없음(NULL),,A형 가능,0,0.0000
2026-01-18,일·공휴일,19,항동중학교입구3R-북(남향),없음(NULL),,B형,2,0.6442
2026-01-18,일·공휴일,19,항동중학교입구3R-동(서향),없음(NULL),,B형,2,0.6346
2026-01-18,일·공휴일,20,항동중학교입구3R-남(북향),없음(NULL),,A형 가능,0,0.0000
2026-01-18,일·공휴일,20,항동중학교입구3R-북(남향),없음(NULL),,B형,2,0.6442
2026-01-18,일·공휴일,20,항동중학교입구3R-동(서향),없음(NULL),,B형,2,0.6346
2026-01-18,일·공휴일,21,항동중학교입구3R-남(북향),없음(NULL),,A형 가능,0,0.0000
2026-01-18,일·공휴일,21,항동중학교입구3R-북(남향),없음(NULL),,B형,2,0.6442
2026-01-18,일·공휴일,21,항동중학교입구3R-동(서향),없음(NULL),,B형,2,0.6346
2026-01-18,일·공휴일,22,항동중학교입구3R-남(북향),없음(NULL),,A형 가능,0,0.0000
2026-01-18,일·공휴일,22,항동중학교입구3R-북(남향),없음(NULL),,B형,2,0.6442
2026-01-18,일·공휴일,22,항동중학교입구3R-동(서향),없음(NULL),,B형,2,0.6346
2026-01-18,일·공휴일,23,항동중학교입구3R-남(북향),없음(NULL),,A형 가능,0,0.0000
2026-01-18,일·공휴일,23,항동중학교입구3R-북(남향),없음(NULL),,B형,2,0.6442
2026-01-18,일·공휴일,23,항동중학교입구3R-동(서향),없음(NULL),,B형,2,0.6346
2026-01-19,평일,00,항동중학교입구3R-남(북향),없음(NULL),,A형 가능,0,0.0435
2026-01-19,평일,00,항동중학교입구3R-북(남향),없음(NULL),,B형,1,0.7955
2026-01-19,평일,00,항동중학교입구3R-동(서향),없음(NULL),,B형,1,0.7955
2026-01-19,평일,01,항동중학교입구3R-남(북향),없음(NULL),,A형 가능,0,0.0435
2026-01-19,평일,01,항동중학교입구3R-북(남향),없음(NULL),,B형,1,0.7955
2026-01-19,평일,01,항동중학교입구3R-동(서향),없음(NULL),,B형,1,0.7955
2026-01-19,평일,02,항동중학교입구3R-남(북향),없음(NULL),,A형 가능,0,0.0435
2026-01-19,평일,02,항동중학교입구3R-북(남향),없음(NULL),,B형,1,0.7955
2026-01-19,평일,02,항동중학교입구3R-동(서향),없음(NULL),,B형,1,0.7955
2026-01-19,평일,03,항동중학교입구3R-남(북향),없음(NULL),,A형 가능,0,0.0435
2026-01-19,평일,03,항동중학교입구3R-북(남향),없음(NULL),,B형,1,0.7955
2026-01-19,평일,03,항동중학교입구3R-동(서향),없음(NULL),,B형,2,0.6214
2026-01-19,평일,04,항동중학교입구3R-남(북향),없음(NULL),,A형 가능,0,0.0435
2026-01-19,평일,04,항동중학교입구3R-북(남향),없음(NULL),,B형,2,0.6195
2026-01-19,평일,04,항동중학교입구3R-동(서향),없음(NULL),,B형,2,0.6214
2026-01-19,평일,05,항동중학교입구3R-남(북향),없음(NULL),,A형 가능,0,0.0435
2026-01-19,평일,05,항동중학교입구3R-북(남향),없음(NULL),,B형,2,0.6233
2026-01-19,평일,05,항동중학교입구3R-동(서향),없음(NULL),,B형,2,0.6195
2026-01-19,평일,06,항동중학교입구3R-남(북향),없음(NULL),,A형 가능,0,0.0435
2026-01-19,평일,06,항동중학교입구3R-북(남향),없음(NULL),,B형,2,0.6233
2026-01-19,평일,06,항동중학교입구3R-동(서향),없음(NULL),,B형,2,0.6214
2026-01-19,평일,07,항동중학교입구3R-남(북향),없음(NULL),,A형 가능,0,0.0435
2026-01-19,평일,07,항동중학교입구3R-북(남향),없음(NULL),,B형,2,0.6233
2026-01-19,평일,07,항동중학교입구3R-동(서향),없음(NULL),,B형,2,0.6214
2026-01-19,평일,08,항동중학교입구3R-남(북향),없음(NULL),,A형 가능,0,0.0652
2026-01-19,평일,08,항동중학교입구3R-북(남향),없음(NULL),,B형,2,0.6233
2026-01-19,평일,08,항동중학교입구3R-동(서향),없음(NULL),,B형,2,0.6214
2026-01-19,평일,09,항동중학교입구3R-남(북향),없음(NULL),,A형 가능,0,0.0435
2026-01-19,평일,09,항동중학교입구3R-북(남향),없음(NULL),,B형,2,0.6214
2026-01-19,평일,09,항동중학교입구3R-동(서향),없음(NULL),,B형,2,0.6195
2026-01-19,평일,10,항동중학교입구3R-남(북향),없음(NULL),,A형 가능,0,0.0435
2026-01-19,평일,10,항동중학교입구3R-북(남향),없음(NULL),,B형,1,0.7955
2026-01-19,평일,10,항동중학교입구3R-동(서향),없음(NULL),,B형,1,0.7955
2026-01-19,평일,11,항동중학교입구3R-남(북향),없음(NULL),,A형 가능,0,0.0870
2026-01-19,평일,11,항동중학교입구3R-북(남향),없음(NULL),,B형,1,0.7955
2026-01-19,평일,11,항동중학교입구3R-동(서향),없음(NULL),,B형,1,0.7955
2026-01-19,평일,12,항동중학교입구3R-남(북향),없음(NULL),,A형 가능,0,0.0652
2026-01-19,평일,12,항동중학교입구3R-북(남향),없음(NULL),,B형,1,0.7955
2026-01-19,평일,12,항동중학교입구3R-동(서향),없음(NULL),,B형,1,0.7955
2026-01-19,평일,13,항동중학교입구3R-남(북향),없음(NULL),,A형 가능,0,0.0217
2026-01-19,평일,13,항동중학교입구3R-북(남향),없음(NULL),,B형,1,0.7955
2026-01-19,평일,13,항동중학교입구3R-동(서향),없음(NULL),,B형,1,0.7955
2026-01-19,평일,14,항동중학교입구3R-남(북향),없음(NULL),,A형 가능,0,0.0217
2026-01-19,평일,14,항동중학교입구3R-북(남향),없음(NULL),,B형,2,0.6272
2026-01-19,평일,14,항동중학교입구3R-동(서향),없음(NULL),,B형,2,0.6272
2026-01-19,평일,15,항동중학교입구3R-남(북향),없음(NULL),,A형 가능,0,0.0435
2026-01-19,평일,15,항동중학교입구3R-북(남향),없음(NULL),,B형,1,0.7879
2026-01-19,평일,15,항동중학교입구3R-동(서향),없음(NULL),,B형,1,0.7879
2026-01-19,평일,16,항동중학교입구3R-남(북향),없음(NULL),,A형 가능,0,0.0435
2026-01-19,평일,16,항동중학교입구3R-북(남향),없음(NULL),,B형,1,0.7879
2026-01-19,평일,16,항동중학교입구3R-동(서향),없음(NULL),,B형,1,0.7879
2026-01-19,평일,17,항동중학교입구3R-남(북향),없음(NULL),,A형 가능,0,0.0435
2026-01-19,평일,17,항동중학교입구3R-북(남향),없음(NULL),,B형,1,0.7879
2026-01-19,평일,17,항동중학교입구3R-동(서향),없음(NULL),,B형,1,0.7879
2026-01-19,평일,18,항동중학교입구3R-남(북향),없음(NULL),,A형 가능,0,0.0435
2026-01-19,평일,18,항동중학교입구3R-북(남향),없음(NULL),,B형,1,0.7879
2026-01-19,평일,18,항동중학교입구3R-동(서향),없음(NULL),,B형,1,0.7879
2026-01-19,평일,19,항동중학교입구3R-남(북향),없음(NULL),,A형 가능,0,0.0435
2026-01-19,평일,19,항동중학교입구3R-북(남향),없음(NULL),,B형,1,0.7879
2026-01-19,평일,19,항동중학교입구3R-동(서향),없음(NULL),,B형,1,0.7879
2026-01-19,평일,20,항동중학교입구3R-남(북향),없음(NULL),,A형 가능,0,0.0435
2026-01-19,평일,20,항동중학교입구3R-북(남향),없음(NULL),,B형,1,0.7879
2026-01-19,평일,20,항동중학교입구3R-동(서향),없음(NULL),,B형,1,0.7879
2026-01-19,평일,21,항동중학교입구3R-남(북향),없음(NULL),,A형 가능,0,0.0435
2026-01-19,평일,21,항동중학교입구3R-북(남향),없음(NULL),,B형,1,0.7879
2026-01-19,평일,21,항동중학교입구3R-동(서향),없음(NULL),,B형,1,0.7879
2026-01-19,평일,22,항동중학교입구3R-남(북향),없음(NULL),,A형 가능,0,0.0435
2026-01-19,평일,22,항동중학교입구3R-북(남향),없음(NULL),,B형,1,0.7955
2026-01-19,평일,22,항동중학교입구3R-동(서향),없음(NULL),,B형,1,0.7955
2026-01-19,평일,23,항동중학교입구3R-남(북향),없음(NULL),,A형 가능,0,0.0435
2026-01-19,평일,23,항동중학교입구3R-북(남향),없음(NULL),,B형,1,0.7879
2026-01-19,평일,23,항동중학교입구3R-동(서향),없음(NULL),,B형,1,0.7879
2026-01-20,평일,00,항동중학교입구3R-남(북향),없음(NULL),,A형 가능,0,0.0435
2026-01-20,평일,00,항동중학교입구3R-북(남향),없음(NULL),,B형,1,0.7955
2026-01-20,평일,00,항동중학교입구3R-동(서향),없음(NULL),,B형,1,0.7955
2026-01-20,평일,01,항동중학교입구3R-남(북향),없음(NULL),,A형 가능,0,0.0435
2026-01-20,평일,01,항동중학교입구3R-북(남향),없음(NULL),,B형,1,0.7955
2026-01-20,평일,01,항동중학교입구3R-동(서향),없음(NULL),,B형,1,0.7955
2026-01-20,평일,02,항동중학교입구3R-남(북향),없음(NULL),,A형 가능,0,0.0435
2026-01-20,평일,02,항동중학교입구3R-북(남향),없음(NULL),,B형,1,0.7955
2026-01-20,평일,02,항동중학교입구3R-동(서향),없음(NULL),,B형,1,0.7955
2026-01-20,평일,03,항동중학교입구3R-남(북향),없음(NULL),,A형 가능,0,0.0435
2026-01-20,평일,03,항동중학교입구3R-북(남향),없음(NULL),,B형,1,0.7955
2026-01-20,평일,03,항동중학교입구3R-동(서향),없음(NULL),,B형,2,0.6214
2026-01-20,평일,04,항동중학교입구3R-남(북향),없음(NULL),,A형 가능,0,0.0435
2026-01-20,평일,04,항동중학교입구3R-북(남향),없음(NULL),,B형,2,0.6195
2026-01-20,평일,04,항동중학교입구3R-동(서향),없음(NULL),,B형,2,0.6214
2026-01-20,평일,05,항동중학교입구3R-남(북향),없음(NULL),,A형 가능,0,0.0435
2026-01-20,평일,05,항동중학교입구3R-북(남향),없음(NULL),,B형,2,0.6233
2026-01-20,평일,05,항동중학교입구3R-동(서향),없음(NULL),,B형,2,0.6195
2026-01-20,평일,06,항동중학교입구3R-남(북향),없음(NULL),,A형 가능,0,0.0435
2026-01-20,평일,06,항동중학교입구3R-북(남향),없음(NULL),,B형,2,0.6233
2026-01-20,평일,06,항동중학교입구3R-동(서향),없음(NULL),,B형,2,0.6214
2026-01-20,평일,07,항동중학교입구3R-남(북향),없음(NULL),,A형 가능,0,0.0435
2026-01-20,평일,07,항동중학교입구3R-북(남향),없음(NULL),,B형,2,0.6233
2026-01-20,평일,07,항동중학교입구3R-동(서향),없음(NULL),,B형,2,0.6214
2026-01-20,평일,08,항동중학교입구3R-남(북향),없음(NULL),,A형 가능,0,0.0652
2026-01-20,평일,08,항동중학교입구3R-북(남향),없음(NULL),,B형,2,0.6233
2026-01-20,평일,08,항동중학교입구3R-동(서향),없음(NULL),,B형,2,0.6214
2026-01-20,평일,09,항동중학교입구3R-남(북향),없음(NULL),,A형 가능,0,0.0435
2026-01-20,평일,09,항동중학교입구3R-북(남향),없음(NULL),,B형,2,0.6214
2026-01-20,평일,09,항동중학교입구3R-동(서향),없음(NULL),,B형,2,0.6195
2026-01-20,평일,10,항동중학교입구3R-남(북향),없음(NULL),,A형 가능,0,0.0435
2026-01-20,평일,10,항동중학교입구3R-북(남향),없음(NULL),,B형,1,0.7955
2026-01-20,평일,10,항동중학교입구3R-동(서향),없음(NULL),,B형,1,0.7955
2026-01-20,평일,11,항동중학교입구3R-남(북향),없음(NULL),,A형 가능,0,0.0870
2026-01-20,평일,11,항동중학교입구3R-북(남향),없음(NULL),,B형,1,0.7955
2026-01-20,평일,11,항동중학교입구3R-동(서향),없음(NULL),,B형,1,0.7955
2026-01-20,평일,12,항동중학교입구3R-남(북향),없음(NULL),,A형 가능,0,0.0652
2026-01-20,평일,12,항동중학교입구3R-북(남향),없음(NULL),,B형,1,0.7955
2026-01-20,평일,12,항동중학교입구3R-동(서향),없음(NULL),,B형,1,0.7955
2026-01-20,평일,13,항동중학교입구3R-남(북향),없음(NULL),,A형 가능,0,0.0217
2026-01-20,평일,13,항동중학교입구3R-북(남향),없음(NULL),,B형,1,0.7955
2026-01-20,평일,13,항동중학교입구3R-동(서향),없음(NULL),,B형,1,0.7955
2026-01-20,평일,14,항동중학교입구3R-남(북향),없음(NULL),,A형 가능,0,0.0217
2026-01-20,평일,14,항동중학교입구3R-북(남향),없음(NULL),,B형,2,0.6272
2026-01-20,평일,14,항동중학교입구3R-동(서향),없음(NULL),,B형,2,0.6272
2026-01-20,평일,15,항동중학교입구3R-남(북향),없음(NULL),,A형 가능,0,0.0435
2026-01-20,평일,15,항동중학교입구3R-북(남향),없음(NULL),,B형,1,0.7879
2026-01-20,평일,15,항동중학교입구3R-동(서향),없음(NULL),,B형,1,0.7879
2026-01-20,평일,16,항동중학교입구3R-남(북향),없음(NULL),,A형 가능,0,0.0435
2026-01-20,평일,16,항동중학교입구3R-북(남향),없음(NULL),,B형,1,0.7879
2026-01-20,평일,16,항동중학교입구3R-동(서향),없음(NULL),,B형,1,0.7879
2026-01-20,평일,17,항동중학교입구3R-남(북향),없음(NULL),,A형 가능,0,0.0435
2026-01-20,평일,17,항동중학교입구3R-북(남향),없음(NULL),,B형,1,0.7879
2026-01-20,평일,17,항동중학교입구3R-동(서향),없음(NULL),,B형,1,0.7879
2026-01-20,평일,18,항동중학교입구3R-남(북향),없음(NULL),,A형 가능,0,0.0435
2026-01-20,평일,18,항동중학교입구3R-북(남향),없음(NULL),,B형,1,0.7879
2026-01-20,평일,18,항동중학교입구3R-동(서향),없음(NULL),,B형,1,0.7879
2026-01-20,평일,19,항동중학교입구3R-남(북향),없음(NULL),,A형 가능,0,0.0435
2026-01-20,평일,19,항동중학교입구3R-북(남향),없음(NULL),,B형,1,0.7879
2026-01-20,평일,19,항동중학교입구3R-동(서향),없음(NULL),,B형,1,0.7879
2026-01-20,평일,20,항동중학교입구3R-남(북향),없음(NULL),,A형 가능,0,0.0435
2026-01-20,평일,20,항동중학교입구3R-북(남향),없음(NULL),,B형,1,0.7879
2026-01-20,평일,20,항동중학교입구3R-동(서향),없음(NULL),,B형,1,0.7879
2026-01-20,평일,21,항동중학교입구3R-남(북향),없음(NULL),,A형 가능,0,0.0435
2026-01-20,평일,21,항동중학교입구3R-북(남향),없음(NULL),,B형,1,0.7879
2026-01-20,평일,21,항동중학교입구3R-동(서향),없음(NULL),,B형,1,0.7879
2026-01-20,평일,22,항동중학교입구3R-남(북향),없음(NULL),,A형 가능,0,0.0435
2026-01-20,평일,22,항동중학교입구3R-북(남향),없음(NULL),,B형,1,0.7955
2026-01-20,평일,22,항동중학교입구3R-동(서향),없음(NULL),,B형,1,0.7955
2026-01-20,평일,23,항동중학교입구3R-남(북향),없음(NULL),,A형 가능,0,0.0435
2026-01-20,평일,23,항동중학교입구3R-북(남향),없음(NULL),,B형,1,0.7879
2026-01-20,평일,23,항동중학교입구3R-동(서향),없음(NULL),,B형,1,0.7879
2026-01-21,평일,00,항동중학교입구3R-남(북향),없음(NULL),,A형 가능,0,0.0435
2026-01-21,평일,00,항동중학교입구3R-북(남향),없음(NULL),,B형,1,0.7955
2026-01-21,평일,00,항동중학교입구3R-동(서향),없음(NULL),,B형,1,0.7955
2026-01-21,평일,01,항동중학교입구3R-남(북향),없음(NULL),,A형 가능,0,0.0435
2026-01-21,평일,01,항동중학교입구3R-북(남향),없음(NULL),,B형,1,0.7955
2026-01-21,평일,01,항동중학교입구3R-동(서향),없음(NULL),,B형,1,0.7955
2026-01-21,평일,02,항동중학교입구3R-남(북향),없음(NULL),,A형 가능,0,0.0435
2026-01-21,평일,02,항동중학교입구3R-북(남향),없음(NULL),,B형,1,0.7955
2026-01-21,평일,02,항동중학교입구3R-동(서향),없음(NULL),,B형,1,0.7955
2026-01-21,평일,03,항동중학교입구3R-남(북향),없음(NULL),,A형 가능,0,0.0435
2026-01-21,평일,03,항동중학교입구3R-북(남향),없음(NULL),,B형,1,0.7955
2026-01-21,평일,03,항동중학교입구3R-동(서향),없음(NULL),,B형,2,0.6214
2026-01-21,평일,04,항동중학교입구3R-남(북향),없음(NULL),,A형 가능,0,0.0435
2026-01-21,평일,04,항동중학교입구3R-북(남향),없음(NULL),,B형,2,0.6195
2026-01-21,평일,04,항동중학교입구3R-동(서향),없음(NULL),,B형,2,0.6214
2026-01-21,평일,05,항동중학교입구3R-남(북향),없음(NULL),,A형 가능,0,0.0435
2026-01-21,평일,05,항동중학교입구3R-북(남향),없음(NULL),,B형,2,0.6233
2026-01-21,평일,05,항동중학교입구3R-동(서향),없음(NULL),,B형,2,0.6195
2026-01-21,평일,06,항동중학교입구3R-남(북향),없음(NULL),,A형 가능,0,0.0435
2026-01-21,평일,06,항동중학교입구3R-북(남향),없음(NULL),,B형,2,0.6233
2026-01-21,평일,06,항동중학교입구3R-동(서향),없음(NULL),,B형,2,0.6214
2026-01-21,평일,07,항동중학교입구3R-남(북향),없음(NULL),,A형 가능,0,0.0435
2026-01-21,평일,07,항동중학교입구3R-북(남향),없음(NULL),,B형,2,0.6233
2026-01-21,평일,07,항동중학교입구3R-동(서향),없음(NULL),,B형,2,0.6214
2026-01-21,평일,08,항동중학교입구3R-남(북향),없음(NULL),,A형 가능,0,0.0652
2026-01-21,평일,08,항동중학교입구3R-북(남향),없음(NULL),,B형,2,0.6233
2026-01-21,평일,08,항동중학교입구3R-동(서향),없음(NULL),,B형,2,0.6214
2026-01-21,평일,09,항동중학교입구3R-남(북향),없음(NULL),,A형 가능,0,0.0435
2026-01-21,평일,09,항동중학교입구3R-북(남향),없음(NULL),,B형,2,0.6214
2026-01-21,평일,09,항동중학교입구3R-동(서향),없음(NULL),,B형,2,0.6195
2026-01-21,평일,10,항동중학교입구3R-남(북향),없음(NULL),,A형 가능,0,0.0435
2026-01-21,평일,10,항동중학교입구3R-북(남향),없음(NULL),,B형,1,0.7955
2026-01-21,평일,10,항동중학교입구3R-동(서향),없음(NULL),,B형,1,0.7955
2026-01-21,평일,11,항동중학교입구3R-남(북향),없음(NULL),,A형 가능,0,0.0870
2026-01-21,평일,11,항동중학교입구3R-북(남향),없음(NULL),,B형,1,0.7955
2026-01-21,평일,11,항동중학교입구3R-동(서향),없음(NULL),,B형,1,0.7955
2026-01-21,평일,12,항동중학교입구3R-남(북향),없음(NULL),,A형 가능,0,0.0652
2026-01-21,평일,12,항동중학교입구3R-북(남향),없음(NULL),,B형,1,0.7955
2026-01-21,평일,12,항동중학교입구3R-동(서향),없음(NULL),,B형,1,0.7955
2026-01-21,평일,13,항동중학교입구3R-남(북향),없음(NULL),,A형 가능,0,0.0217
2026-01-21,평일,13,항동중학교입구3R-북(남향),없음(NULL),,B형,1,0.7955
2026-01-21,평일,13,항동중학교입구3R-동(서향),없음(NULL),,B형,1,0.7955
2026-01-21,평일,14,항동중학교입구3R-남(북향),없음(NULL),,A형 가능,0,0.0217
2026-01-21,평일,14,항동중학교입구3R-북(남향),없음(NULL),,B형,2,0.6272
2026-01-21,평일,14,항동중학교입구3R-동(서향),없음(NULL),,B형,2,0.6272
2026-01-21,평일,15,항동중학교입구3R-남(북향),없음(NULL),,A형 가능,0,0.0435
2026-01-21,평일,15,항동중학교입구3R-북(남향),없음(NULL),,B형,1,0.7879
2026-01-21,평일,15,항동중학교입구3R-동(서향),없음(NULL),,B형,1,0.7879
2026-01-21,평일,16,항동중학교입구3R-남(북향),없음(NULL),,A형 가능,0,0.0435
2026-01-21,평일,16,항동중학교입구3R-북(남향),없음(NULL),,B형,1,0.7879
2026-01-21,평일,16,항동중학교입구3R-동(서향),없음(NULL),,B형,1,0.7879
2026-01-21,평일,17,항동중학교입구3R-남(북향),없음(NULL),,A형 가능,0,0.0435
2026-01-21,평일,17,항동중학교입구3R-북(남향),없음(NULL),,B형,1,0.7879
2026-01-21,평일,17,항동중학교입구3R-동(서향),없음(NULL),,B형,1,0.7879
2026-01-21,평일,18,항동중학교입구3R-남(북향),없음(NULL),,A형 가능,0,0.0435
2026-01-21,평일,18,항동중학교입구3R-북(남향),없음(NULL),,B형,1,0.7879
2026-01-21,평일,18,항동중학교입구3R-동(서향),없음(NULL),,B형,1,0.7879
2026-01-21,평일,19,항동중학교입구3R-남(북향),없음(NULL),,A형 가능,0,0.0435
2026-01-21,평일,19,항동중학교입구3R-북(남향),없음(NULL),,B형,1,0.7879
2026-01-21,평일,19,항동중학교입구3R-동(서향),없음(NULL),,B형,1,0.7879
2026-01-21,평일,20,항동중학교입구3R-남(북향),없음(NULL),,A형 가능,0,0.0435
2026-01-21,평일,20,항동중학교입구3R-북(남향),없음(NULL),,B형,1,0.7879
2026-01-21,평일,20,항동중학교입구3R-동(서향),없음(NULL),,B형,1,0.7879
2026-01-21,평일,21,항동중학교입구3R-남(북향),없음(NULL),,A형 가능,0,0.0435
2026-01-21,평일,21,항동중학교입구3R-북(남향),없음(NULL),,B형,1,0.7879
2026-01-21,평일,21,항동중학교입구3R-동(서향),없음(NULL),,B형,1,0.7879
2026-01-21,평일,22,항동중학교입구3R-남(북향),없음(NULL),,A형 가능,0,0.0435
2026-01-21,평일,22,항동중학교입구3R-북(남향),없음(NULL),,B형,1,0.7955
2026-01-21,평일,22,항동중학교입구3R-동(서향),없음(NULL),,B형,1,0.7955
2026-01-21,평일,23,항동중학교입구3R-남(북향),없음(NULL),,A형 가능,0,0.0435
2026-01-21,평일,23,항동중학교입구3R-북(남향),없음(NULL),,B형,1,0.7879
2026-01-21,평일,23,항동중학교입구3R-동(서향),없음(NULL),,B형,1,0.7879
2026-01-22,평일,00,항동중학교입구3R-남(북향),없음(NULL),,A형 가능,0,0.0435
2026-01-22,평일,00,항동중학교입구3R-북(남향),없음(NULL),,B형,1,0.7955
2026-01-22,평일,00,항동중학교입구3R-동(서향),없음(NULL),,B형,1,0.7955
2026-01-22,평일,01,항동중학교입구3R-남(북향),없음(NULL),,A형 가능,0,0.0435
2026-01-22,평일,01,항동중학교입구3R-북(남향),없음(NULL),,B형,1,0.7955
2026-01-22,평일,01,항동중학교입구3R-동(서향),없음(NULL),,B형,1,0.7955
2026-01-22,평일,02,항동중학교입구3R-남(북향),없음(NULL),,A형 가능,0,0.0435
2026-01-22,평일,02,항동중학교입구3R-북(남향),없음(NULL),,B형,1,0.7955
2026-01-22,평일,02,항동중학교입구3R-동(서향),없음(NULL),,B형,1,0.7955
2026-01-22,평일,03,항동중학교입구3R-남(북향),없음(NULL),,A형 가능,0,0.0435
2026-01-22,평일,03,항동중학교입구3R-북(남향),없음(NULL),,B형,1,0.7955
2026-01-22,평일,03,항동중학교입구3R-동(서향),없음(NULL),,B형,2,0.6214
2026-01-22,평일,04,항동중학교입구3R-남(북향),없음(NULL),,A형 가능,0,0.0435
2026-01-22,평일,04,항동중학교입구3R-북(남향),없음(NULL),,B형,2,0.6195
2026-01-22,평일,04,항동중학교입구3R-동(서향),없음(NULL),,B형,2,0.6214
2026-01-22,평일,05,항동중학교입구3R-남(북향),없음(NULL),,A형 가능,0,0.0435
2026-01-22,평일,05,항동중학교입구3R-북(남향),없음(NULL),,B형,2,0.6233
2026-01-22,평일,05,항동중학교입구3R-동(서향),없음(NULL),,B형,2,0.6195
2026-01-22,평일,06,항동중학교입구3R-남(북향),없음(NULL),,A형 가능,0,0.0435
2026-01-22,평일,06,항동중학교입구3R-북(남향),없음(NULL),,B형,2,0.6233
2026-01-22,평일,06,항동중학교입구3R-동(서향),없음(NULL),,B형,2,0.6214
2026-01-22,평일,07,항동중학교입구3R-남(북향),없음(NULL),,A형 가능,0,0.0435
2026-01-22,평일,07,항동중학교입구3R-북(남향),없음(NULL),,B형,2,0.6233
2026-01-22,평일,07,항동중학교입구3R-동(서향),없음(NULL),,B형,2,0.6214
2026-01-22,평일,08,항동중학교입구3R-남(북향),없음(NULL),,A형 가능,0,0.0652
2026-01-22,평일,08,항동중학교입구3R-북(남향),없음(NULL),,B형,2,0.6233
2026-01-22,평일,08,항동중학교입구3R-동(서향),없음(NULL),,B형,2,0.6214
2026-01-22,평일,09,항동중학교입구3R-남(북향),없음(NULL),,A형 가능,0,0.0435
2026-01-22,평일,09,항동중학교입구3R-북(남향),없음(NULL),,B형,2,0.6214
2026-01-22,평일,09,항동중학교입구3R-동(서향),없음(NULL),,B형,2,0.6195
2026-01-22,평일,10,항동중학교입구3R-남(북향),없음(NULL),,A형 가능,0,0.0435
2026-01-22,평일,10,항동중학교입구3R-북(남향),없음(NULL),,B형,1,0.7955
2026-01-22,평일,10,항동중학교입구3R-동(서향),없음(NULL),,B형,1,0.7955
2026-01-22,평일,11,항동중학교입구3R-남(북향),없음(NULL),,A형 가능,0,0.0870
2026-01-22,평일,11,항동중학교입구3R-북(남향),없음(NULL),,B형,1,0.7955
2026-01-22,평일,11,항동중학교입구3R-동(서향),없음(NULL),,B형,1,0.7955
2026-01-22,평일,12,항동중학교입구3R-남(북향),없음(NULL),,A형 가능,0,0.0652
2026-01-22,평일,12,항동중학교입구3R-북(남향),없음(NULL),,B형,1,0.7955
2026-01-22,평일,12,항동중학교입구3R-동(서향),없음(NULL),,B형,1,0.7955
2026-01-22,평일,13,항동중학교입구3R-남(북향),없음(NULL),,A형 가능,0,0.0217
2026-01-22,평일,13,항동중학교입구3R-북(남향),없음(NULL),,B형,1,0.7955
2026-01-22,평일,13,항동중학교입구3R-동(서향),없음(NULL),,B형,1,0.7955
2026-01-22,평일,14,항동중학교입구3R-남(북향),없음(NULL),,A형 가능,0,0.0217
2026-01-22,평일,14,항동중학교입구3R-북(남향),없음(NULL),,B형,2,0.6272
2026-01-22,평일,14,항동중학교입구3R-동(서향),없음(NULL),,B형,2,0.6272
2026-01-22,평일,15,항동중학교입구3R-남(북향),없음(NULL),,A형 가능,0,0.0435
2026-01-22,평일,15,항동중학교입구3R-북(남향),없음(NULL),,B형,1,0.7879
2026-01-22,평일,15,항동중학교입구3R-동(서향),없음(NULL),,B형,1,0.7879
2026-01-22,평일,16,항동중학교입구3R-남(북향),없음(NULL),,A형 가능,0,0.0435
2026-01-22,평일,16,항동중학교입구3R-북(남향),없음(NULL),,B형,1,0.7879
2026-01-22,평일,16,항동중학교입구3R-동(서향),없음(NULL),,B형,1,0.7879
2026-01-22,평일,17,항동중학교입구3R-남(북향),없음(NULL),,A형 가능,0,0.0435
2026-01-22,평일,17,항동중학교입구3R-북(남향),없음(NULL),,B형,1,0.7879
2026-01-22,평일,17,항동중학교입구3R-동(서향),없음(NULL),,B형,1,0.7879
2026-01-22,평일,18,항동중학교입구3R-남(북향),없음(NULL),,A형 가능,0,0.0435
2026-01-22,평일,18,항동중학교입구3R-북(남향),없음(NULL),,B형,1,0.7879
2026-01-22,평일,18,항동중학교입구3R-동(서향),없음(NULL),,B형,1,0.7879
2026-01-22,평일,19,항동중학교입구3R-남(북향),없음(NULL),,A형 가능,0,0.0435
2026-01-22,평일,19,항동중학교입구3R-북(남향),없음(NULL),,B형,1,0.7879
2026-01-22,평일,19,항동중학교입구3R-동(서향),없음(NULL),,B형,1,0.7879
2026-01-22,평일,20,항동중학교입구3R-남(북향),없음(NULL),,A형 가능,0,0.0435
2026-01-22,평일,20,항동중학교입구3R-북(남향),없음(NULL),,B형,1,0.7879
2026-01-22,평일,20,항동중학교입구3R-동(서향),없음(NULL),,B형,1,0.7879
2026-01-22,평일,21,항동중학교입구3R-남(북향),없음(NULL),,A형 가능,0,0.0435
2026-01-22,평일,21,항동중학교입구3R-북(남향),없음(NULL),,B형,1,0.7879
2026-01-22,평일,21,항동중학교입구3R-동(서향),없음(NULL),,B형,1,0.7879
2026-01-22,평일,22,항동중학교입구3R-남(북향),없음(NULL),,A형 가능,0,0.0435
2026-01-22,평일,22,항동중학교입구3R-북(남향),없음(NULL),,B형,1,0.7955
2026-01-22,평일,22,항동중학교입구3R-동(서향),없음(NULL),,B형,1,0.7955
2026-01-22,평일,23,항동중학교입구3R-남(북향),없음(NULL),,A형 가능,0,0.0435
2026-01-22,평일,23,항동중학교입구3R-북(남향),없음(NULL),,B형,1,0.7879
2026-01-22,평일,23,항동중학교입구3R-동(서향),없음(NULL),,B형,1,0.7879
2026-01-23,평일,00,항동중학교입구3R-남(북향),없음(NULL),,A형 가능,0,0.0435
2026-01-23,평일,00,항동중학교입구3R-북(남향),없음(NULL),,B형,1,0.7955
2026-01-23,평일,00,항동중학교입구3R-동(서향),없음(NULL),,B형,1,0.7955
2026-01-23,평일,01,항동중학교입구3R-남(북향),없음(NULL),,A형 가능,0,0.0435
2026-01-23,평일,01,항동중학교입구3R-북(남향),없음(NULL),,B형,1,0.7955
2026-01-23,평일,01,항동중학교입구3R-동(서향),없음(NULL),,B형,1,0.7955
2026-01-23,평일,02,항동중학교입구3R-남(북향),없음(NULL),,A형 가능,0,0.0435
2026-01-23,평일,02,항동중학교입구3R-북(남향),없음(NULL),,B형,1,0.7955
2026-01-23,평일,02,항동중학교입구3R-동(서향),없음(NULL),,B형,1,0.7955
2026-01-23,평일,03,항동중학교입구3R-남(북향),없음(NULL),,A형 가능,0,0.0435
2026-01-23,평일,03,항동중학교입구3R-북(남향),없음(NULL),,B형,1,0.7955
2026-01-23,평일,03,항동중학교입구3R-동(서향),없음(NULL),,B형,2,0.6214
2026-01-23,평일,04,항동중학교입구3R-남(북향),없음(NULL),,A형 가능,0,0.0435
2026-01-23,평일,04,항동중학교입구3R-북(남향),없음(NULL),,B형,2,0.6195
2026-01-23,평일,04,항동중학교입구3R-동(서향),없음(NULL),,B형,2,0.6214
2026-01-23,평일,05,항동중학교입구3R-남(북향),없음(NULL),,A형 가능,0,0.0435
2026-01-23,평일,05,항동중학교입구3R-북(남향),없음(NULL),,B형,2,0.6233
2026-01-23,평일,05,항동중학교입구3R-동(서향),없음(NULL),,B형,2,0.6195
2026-01-23,평일,06,항동중학교입구3R-남(북향),없음(NULL),,A형 가능,0,0.0435
2026-01-23,평일,06,항동중학교입구3R-북(남향),없음(NULL),,B형,2,0.6233
2026-01-23,평일,06,항동중학교입구3R-동(서향),없음(NULL),,B형,2,0.6214
2026-01-23,평일,07,항동중학교입구3R-남(북향),없음(NULL),,A형 가능,0,0.0435
2026-01-23,평일,07,항동중학교입구3R-북(남향),없음(NULL),,B형,2,0.6233
2026-01-23,평일,07,항동중학교입구3R-동(서향),없음(NULL),,B형,2,0.6214
2026-01-23,평일,08,항동중학교입구3R-남(북향),없음(NULL),,A형 가능,0,0.0652
2026-01-23,평일,08,항동중학교입구3R-북(남향),없음(NULL),,B형,2,0.6233
2026-01-23,평일,08,항동중학교입구3R-동(서향),없음(NULL),,B형,2,0.6214
2026-01-23,평일,09,항동중학교입구3R-남(북향),없음(NULL),,A형 가능,0,0.0435
2026-01-23,평일,09,항동중학교입구3R-북(남향),없음(NULL),,B형,2,0.6214
2026-01-23,평일,09,항동중학교입구3R-동(서향),없음(NULL),,B형,2,0.6195
2026-01-23,평일,10,항동중학교입구3R-남(북향),없음(NULL),,A형 가능,0,0.0435
2026-01-23,평일,10,항동중학교입구3R-북(남향),없음(NULL),,B형,1,0.7955
2026-01-23,평일,10,항동중학교입구3R-동(서향),없음(NULL),,B형,1,0.7955
2026-01-23,평일,11,항동중학교입구3R-남(북향),없음(NULL),,A형 가능,0,0.0870
2026-01-23,평일,11,항동중학교입구3R-북(남향),없음(NULL),,B형,1,0.7955
2026-01-23,평일,11,항동중학교입구3R-동(서향),없음(NULL),,B형,1,0.7955
2026-01-23,평일,12,항동중학교입구3R-남(북향),없음(NULL),,A형 가능,0,0.0652
2026-01-23,평일,12,항동중학교입구3R-북(남향),없음(NULL),,B형,1,0.7955
2026-01-23,평일,12,항동중학교입구3R-동(서향),없음(NULL),,B형,1,0.7955
2026-01-23,평일,13,항동중학교입구3R-남(북향),없음(NULL),,A형 가능,0,0.0217
2026-01-23,평일,13,항동중학교입구3R-북(남향),없음(NULL),,B형,1,0.7955
2026-01-23,평일,13,항동중학교입구3R-동(서향),없음(NULL),,B형,1,0.7955
2026-01-23,평일,14,항동중학교입구3R-남(북향),없음(NULL),,A형 가능,0,0.0217
2026-01-23,평일,14,항동중학교입구3R-북(남향),없음(NULL),,B형,2,0.6272
2026-01-23,평일,14,항동중학교입구3R-동(서향),없음(NULL),,B형,2,0.6272
2026-01-23,평일,15,항동중학교입구3R-남(북향),없음(NULL),,A형 가능,0,0.0435
2026-01-23,평일,15,항동중학교입구3R-북(남향),없음(NULL),,B형,1,0.7879
2026-01-23,평일,15,항동중학교입구3R-동(서향),없음(NULL),,B형,1,0.7879
2026-01-23,평일,16,항동중학교입구3R-남(북향),없음(NULL),,A형 가능,0,0.0435
2026-01-23,평일,16,항동중학교입구3R-북(남향),없음(NULL),,B형,1,0.7879
2026-01-23,평일,16,항동중학교입구3R-동(서향),없음(NULL),,B형,1,0.7879
2026-01-23,평일,17,항동중학교입구3R-남(북향),없음(NULL),,A형 가능,0,0.0435
2026-01-23,평일,17,항동중학교입구3R-북(남향),없음(NULL),,B형,1,0.7879
2026-01-23,평일,17,항동중학교입구3R-동(서향),없음(NULL),,B형,1,0.7879
2026-01-23,평일,18,항동중학교입구3R-남(북향),없음(NULL),,A형 가능,0,0.0435
2026-01-23,평일,18,항동중학교입구3R-북(남향),없음(NULL),,B형,1,0.7879
2026-01-23,평일,18,항동중학교입구3R-동(서향),없음(NULL),,B형,1,0.7879
2026-01-23,평일,19,항동중학교입구3R-남(북향),없음(NULL),,A형 가능,0,0.0435
2026-01-23,평일,19,항동중학교입구3R-북(남향),없음(NULL),,B형,1,0.7879
2026-01-23,평일,19,항동중학교입구3R-동(서향),없음(NULL),,B형,1,0.7879
2026-01-23,평일,20,항동중학교입구3R-남(북향),없음(NULL),,A형 가능,0,0.0435
2026-01-23,평일,20,항동중학교입구3R-북(남향),없음(NULL),,B형,1,0.7879
2026-01-23,평일,20,항동중학교입구3R-동(서향),없음(NULL),,B형,1,0.7879
2026-01-23,평일,21,항동중학교입구3R-남(북향),없음(NULL),,A형 가능,0,0.0435
2026-01-23,평일,21,항동중학교입구3R-북(남향),없음(NULL),,B형,1,0.7879
2026-01-23,평일,21,항동중학교입구3R-동(서향),없음(NULL),,B형,1,0.7879
2026-01-23,평일,22,항동중학교입구3R-남(북향),없음(NULL),,A형 가능,0,0.0435
2026-01-23,평일,22,항동중학교입구3R-북(남향),없음(NULL),,B형,1,0.7955
2026-01-23,평일,22,항동중학교입구3R-동(서향),없음(NULL),,B형,1,0.7955
2026-01-23,평일,23,항동중학교입구3R-남(북향),없음(NULL),,A형 가능,0,0.0435
2026-01-23,평일,23,항동중학교입구3R-북(남향),없음(NULL),,B형,1,0.7879
2026-01-23,평일,23,항동중학교입구3R-동(서향),없음(NULL),,B형,1,0.7879
2026-01-24,토요일,00,항동중학교입구3R-남(북향),없음(NULL),,A형 가능,0,0.0000
2026-01-24,토요일,00,항동중학교입구3R-북(남향),없음(NULL),,B형,2,0.6250
2026-01-24,토요일,00,항동중학교입구3R-동(서향),없음(NULL),,B형,2,0.6250
2026-01-24,토요일,01,항동중학교입구3R-남(북향),없음(NULL),,A형 가능,0,0.0000
2026-01-24,토요일,01,항동중학교입구3R-북(남향),없음(NULL),,B형,2,0.6250
2026-01-24,토요일,01,항동중학교입구3R-동(서향),없음(NULL),,B형,1,0.7917
2026-01-24,토요일,02,항동중학교입구3R-남(북향),없음(NULL),,A형 가능,0,0.0000
2026-01-24,토요일,02,항동중학교입구3R-북(남향),없음(NULL),,B형,2,0.6346
2026-01-24,토요일,02,항동중학교입구3R-동(서향),없음(NULL),,B형,2,0.6250
2026-01-24,토요일,03,항동중학교입구3R-남(북향),없음(NULL),,A형 가능,0,0.0000
2026-01-24,토요일,03,항동중학교입구3R-북(남향),없음(NULL),,B형,2,0.6250
2026-01-24,토요일,03,항동중학교입구3R-동(서향),없음(NULL),,B형,1,0.7917
2026-01-24,토요일,04,항동중학교입구3R-남(북향),없음(NULL),,A형 가능,0,0.0000
2026-01-24,토요일,04,항동중학교입구3R-북(남향),없음(NULL),,B형,1,0.7917
2026-01-24,토요일,04,항동중학교입구3R-동(서향),없음(NULL),,B형,1,0.7917
2026-01-24,토요일,05,항동중학교입구3R-남(북향),없음(NULL),,A형 가능,0,0.0000
2026-01-24,토요일,05,항동중학교입구3R-북(남향),없음(NULL),,B형,1,0.7917
2026-01-24,토요일,05,항동중학교입구3R-동(서향),없음(NULL),,B형,1,0.7917
2026-01-24,토요일,06,항동중학교입구3R-남(북향),없음(NULL),,A형 가능,0,0.0000
2026-01-24,토요일,06,항동중학교입구3R-북(남향),없음(NULL),,B형,2,0.6250
2026-01-24,토요일,06,항동중학교입구3R-동(서향),없음(NULL),,B형,1,0.7917
2026-01-24,토요일,07,항동중학교입구3R-남(북향),없음(NULL),,A형 가능,0,0.0000
2026-01-24,토요일,07,항동중학교입구3R-북(남향),없음(NULL),,B형,2,0.6250
2026-01-24,토요일,07,항동중학교입구3R-동(서향),없음(NULL),,B형,1,0.7917
2026-01-24,토요일,08,항동중학교입구3R-남(북향),없음(NULL),,A형 가능,0,0.0000
2026-01-24,토요일,08,항동중학교입구3R-북(남향),없음(NULL),,B형,2,0.6250
2026-01-24,토요일,08,항동중학교입구3R-동(서향),없음(NULL),,B형,1,0.7917
2026-01-24,토요일,09,항동중학교입구3R-남(북향),없음(NULL),,A형 가능,0,0.0000
2026-01-24,토요일,09,항동중학교입구3R-북(남향),없음(NULL),,B형,2,0.6250
2026-01-24,토요일,09,항동중학교입구3R-동(서향),없음(NULL),,B형,2,0.6250
2026-01-24,토요일,10,항동중학교입구3R-남(북향),없음(NULL),,A형 가능,0,0.0000
2026-01-24,토요일,10,항동중학교입구3R-북(남향),없음(NULL),,B형,2,0.6250
2026-01-24,토요일,10,항동중학교입구3R-동(서향),없음(NULL),,B형,1,0.7917
2026-01-24,토요일,11,항동중학교입구3R-남(북향),없음(NULL),,A형 가능,0,0.0000
2026-01-24,토요일,11,항동중학교입구3R-북(남향),없음(NULL),,B형,2,0.6250
2026-01-24,토요일,11,항동중학교입구3R-동(서향),없음(NULL),,B형,1,0.7917
2026-01-24,토요일,12,항동중학교입구3R-남(북향),없음(NULL),,A형 가능,0,0.0000
2026-01-24,토요일,12,항동중학교입구3R-북(남향),없음(NULL),,B형,2,0.6250
2026-01-24,토요일,12,항동중학교입구3R-동(서향),없음(NULL),,B형,1,0.7917
2026-01-24,토요일,13,항동중학교입구3R-남(북향),없음(NULL),,A형 가능,0,0.0000
2026-01-24,토요일,13,항동중학교입구3R-북(남향),없음(NULL),,B형,2,0.6250
2026-01-24,토요일,13,항동중학교입구3R-동(서향),없음(NULL),,B형,1,0.7917
2026-01-24,토요일,14,항동중학교입구3R-남(북향),없음(NULL),,A형 가능,0,0.0000
2026-01-24,토요일,14,항동중학교입구3R-북(남향),없음(NULL),,B형,2,0.6250
2026-01-24,토요일,14,항동중학교입구3R-동(서향),없음(NULL),,B형,1,0.7917
2026-01-24,토요일,15,항동중학교입구3R-남(북향),없음(NULL),,A형 가능,0,0.0000
2026-01-24,토요일,15,항동중학교입구3R-북(남향),없음(NULL),,B형,2,0.6250
2026-01-24,토요일,15,항동중학교입구3R-동(서향),없음(NULL),,B형,2,0.6250
2026-01-24,토요일,16,항동중학교입구3R-남(북향),없음(NULL),,A형 가능,0,0.0000
2026-01-24,토요일,16,항동중학교입구3R-북(남향),없음(NULL),,B형,2,0.6346
2026-01-24,토요일,16,항동중학교입구3R-동(서향),없음(NULL),,B형,2,0.6346
2026-01-24,토요일,17,항동중학교입구3R-남(북향),없음(NULL),,A형 가능,0,0.0000
2026-01-24,토요일,17,항동중학교입구3R-북(남향),없음(NULL),,B형,2,0.6346
2026-01-24,토요일,17,항동중학교입구3R-동(서향),없음(NULL),,B형,2,0.6346
2026-01-24,토요일,18,항동중학교입구3R-남(북향),없음(NULL),,A형 가능,0,0.0000
2026-01-24,토요일,18,항동중학교입구3R-북(남향),없음(NULL),,B형,2,0.6442
2026-01-24,토요일,18,항동중학교입구3R-동(서향),없음(NULL),,B형,2,0.6346
2026-01-24,토요일,19,항동중학교입구3R-남(북향),없음(NULL),,A형 가능,0,0.0000
2026-01-24,토요일,19,항동중학교입구3R-북(남향),없음(NULL),,B형,2,0.6538
2026-01-24,토요일,19,항동중학교입구3R-동(서향),없음(NULL),,B형,2,0.6442
2026-01-24,토요일,20,항동중학교입구3R-남(북향),없음(NULL),,A형 가능,0,0.0000
2026-01-24,토요일,20,항동중학교입구3R-북(남향),없음(NULL),,B형,2,0.6442
2026-01-24,토요일,20,항동중학교입구3R-동(서향),없음(NULL),,B형,1,0.7917
2026-01-24,토요일,21,항동중학교입구3R-남(북향),없음(NULL),,A형 가능,0,0.0000
2026-01-24,토요일,21,항동중학교입구3R-북(남향),없음(NULL),,B형,2,0.6442
2026-01-24,토요일,21,항동중학교입구3R-동(서향),없음(NULL),,B형,1,0.7917
2026-01-24,토요일,22,항동중학교입구3R-남(북향),없음(NULL),,A형 가능,0,0.0000
2026-01-24,토요일,22,항동중학교입구3R-북(남향),없음(NULL),,B형,2,0.6442
2026-01-24,토요일,22,항동중학교입구3R-동(서향),없음(NULL),,B형,1,0.7917
2026-01-24,토요일,23,항동중학교입구3R-남(북향),없음(NULL),,A형 가능,0,0.0000
2026-01-24,토요일,23,항동중학교입구3R-북(남향),없음(NULL),,B형,2,0.6538
2026-01-24,토요일,23,항동중학교입구3R-동(서향),없음(NULL),,B형,1,0.7917
2026-01-25,일·공휴일,00,항동중학교입구3R-남(북향),없음(NULL),,A형 가능,0,0.0000
2026-01-25,일·공휴일,00,항동중학교입구3R-북(남향),없음(NULL),,B형,2,0.6538
2026-01-25,일·공휴일,00,항동중학교입구3R-동(서향),없음(NULL),,B형,2,0.6442
2026-01-25,일·공휴일,01,항동중학교입구3R-남(북향),없음(NULL),,A형 가능,0,0.0000
2026-01-25,일·공휴일,01,항동중학교입구3R-북(남향),없음(NULL),,B형,2,0.6538
2026-01-25,일·공휴일,01,항동중학교입구3R-동(서향),없음(NULL),,B형,2,0.6442
2026-01-25,일·공휴일,02,항동중학교입구3R-남(북향),없음(NULL),,A형 가능,0,0.0000
2026-01-25,일·공휴일,02,항동중학교입구3R-북(남향),없음(NULL),,B형,2,0.6538
2026-01-25,일·공휴일,02,항동중학교입구3R-동(서향),없음(NULL),,B형,2,0.6442
2026-01-25,일·공휴일,03,항동중학교입구3R-남(북향),없음(NULL),,A형 가능,0,0.0000
2026-01-25,일·공휴일,03,항동중학교입구3R-북(남향),없음(NULL),,B형,2,0.6538
2026-01-25,일·공휴일,03,항동중학교입구3R-동(서향),없음(NULL),,B형,2,0.6442
2026-01-25,일·공휴일,04,항동중학교입구3R-남(북향),없음(NULL),,A형 가능,0,0.0000
2026-01-25,일·공휴일,04,항동중학교입구3R-북(남향),없음(NULL),,B형,2,0.6538
2026-01-25,일·공휴일,04,항동중학교입구3R-동(서향),없음(NULL),,B형,2,0.6538
2026-01-25,일·공휴일,05,항동중학교입구3R-남(북향),없음(NULL),,A형 가능,0,0.0000
2026-01-25,일·공휴일,05,항동중학교입구3R-북(남향),없음(NULL),,B형,2,0.6538
2026-01-25,일·공휴일,05,항동중학교입구3R-동(서향),없음(NULL),,B형,2,0.6635
2026-01-25,일·공휴일,06,항동중학교입구3R-남(북향),없음(NULL),,A형 가능,0,0.0000
2026-01-25,일·공휴일,06,항동중학교입구3R-북(남향),없음(NULL),,B형,2,0.6731
2026-01-25,일·공휴일,06,항동중학교입구3R-동(서향),없음(NULL),,B형,2,0.6635
2026-01-25,일·공휴일,07,항동중학교입구3R-남(북향),없음(NULL),,A형 가능,0,0.0000
2026-01-25,일·공휴일,07,항동중학교입구3R-북(남향),없음(NULL),,B형,2,0.6635
2026-01-25,일·공휴일,07,항동중학교입구3R-동(서향),없음(NULL),,B형,2,0.6635
2026-01-25,일·공휴일,08,항동중학교입구3R-남(북향),없음(NULL),,A형 가능,0,0.0000
2026-01-25,일·공휴일,08,항동중학교입구3R-북(남향),없음(NULL),,B형,2,0.6538
2026-01-25,일·공휴일,08,항동중학교입구3R-동(서향),없음(NULL),,B형,2,0.6442
2026-01-25,일·공휴일,09,항동중학교입구3R-남(북향),없음(NULL),,A형 가능,0,0.0000
2026-01-25,일·공휴일,09,항동중학교입구3R-북(남향),없음(NULL),,B형,2,0.6442
2026-01-25,일·공휴일,09,항동중학교입구3R-동(서향),없음(NULL),,B형,2,0.6346
2026-01-25,일·공휴일,10,항동중학교입구3R-남(북향),없음(NULL),,A형 가능,0,0.0000
2026-01-25,일·공휴일,10,항동중학교입구3R-북(남향),없음(NULL),,B형,2,0.6442
2026-01-25,일·공휴일,10,항동중학교입구3R-동(서향),없음(NULL),,B형,2,0.6346
2026-01-25,일·공휴일,11,항동중학교입구3R-남(북향),없음(NULL),,A형 가능,0,0.0000
2026-01-25,일·공휴일,11,항동중학교입구3R-북(남향),없음(NULL),,B형,2,0.6442
2026-01-25,일·공휴일,11,항동중학교입구3R-동(서향),없음(NULL),,B형,2,0.6346
2026-01-25,일·공휴일,12,항동중학교입구3R-남(북향),없음(NULL),,A형 가능,0,0.0000
2026-01-25,일·공휴일,12,항동중학교입구3R-북(남향),없음(NULL),,B형,2,0.6442
2026-01-25,일·공휴일,12,항동중학교입구3R-동(서향),없음(NULL),,B형,2,0.6346
2026-01-25,일·공휴일,13,항동중학교입구3R-남(북향),없음(NULL),,A형 가능,0,0.0000
2026-01-25,일·공휴일,13,항동중학교입구3R-북(남향),없음(NULL),,B형,2,0.6442
2026-01-25,일·공휴일,13,항동중학교입구3R-동(서향),없음(NULL),,B형,2,0.6346
2026-01-25,일·공휴일,14,항동중학교입구3R-남(북향),없음(NULL),,A형 가능,0,0.0000
2026-01-25,일·공휴일,14,항동중학교입구3R-북(남향),없음(NULL),,B형,2,0.6442
2026-01-25,일·공휴일,14,항동중학교입구3R-동(서향),없음(NULL),,B형,2,0.6346
2026-01-25,일·공휴일,15,항동중학교입구3R-남(북향),없음(NULL),,A형 가능,0,0.0000
2026-01-25,일·공휴일,15,항동중학교입구3R-북(남향),없음(NULL),,B형,2,0.6442
2026-01-25,일·공휴일,15,항동중학교입구3R-동(서향),없음(NULL),,B형,2,0.6346
2026-01-25,일·공휴일,16,항동중학교입구3R-남(북향),없음(NULL),,A형 가능,0,0.0000
2026-01-25,일·공휴일,16,항동중학교입구3R-북(남향),없음(NULL),,B형,2,0.6442
2026-01-25,일·공휴일,16,항동중학교입구3R-동(서향),없음(NULL),,B형,2,0.6346
2026-01-25,일·공휴일,17,항동중학교입구3R-남(북향),없음(NULL),,A형 가능,0,0.0000
2026-01-25,일·공휴일,17,항동중학교입구3R-북(남향),없음(NULL),,B형,2,0.6442
2026-01-25,일·공휴일,17,항동중학교입구3R-동(서향),없음(NULL),,B형,2,0.6346
2026-01-25,일·공휴일,18,항동중학교입구3R-남(북향),없음(NULL),,A형 가능,0,0.0000
2026-01-25,일·공휴일,18,항동중학교입구3R-북(남향),없음(NULL),,B형,2,0.6442
2026-01-25,일·공휴일,18,항동중학교입구3R-동(서향),없음(NULL),,B형,2,0.6346
2026-01-25,일·공휴일,19,항동중학교입구3R-남(북향),없음(NULL),,A형 가능,0,0.0000
2026-01-25,일·공휴일,19,항동중학교입구3R-북(남향),없음(NULL),,B형,2,0.6442
2026-01-25,일·공휴일,19,항동중학교입구3R-동(서향),없음(NULL),,B형,2,0.6346
2026-01-25,일·공휴일,20,항동중학교입구3R-남(북향),없음(NULL),,A형 가능,0,0.0000
2026-01-25,일·공휴일,20,항동중학교입구3R-북(남향),없음(NULL),,B형,2,0.6442
2026-01-25,일·공휴일,20,항동중학교입구3R-동(서향),없음(NULL),,B형,2,0.6346
2026-01-25,일·공휴일,21,항동중학교입구3R-남(북향),없음(NULL),,A형 가능,0,0.0000
2026-01-25,일·공휴일,21,항동중학교입구3R-북(남향),없음(NULL),,B형,2,0.6442
2026-01-25,일·공휴일,21,항동중학교입구3R-동(서향),없음(NULL),,B형,2,0.6346
2026-01-25,일·공휴일,22,항동중학교입구3R-남(북향),없음(NULL),,A형 가능,0,0.0000
2026-01-25,일·공휴일,22,항동중학교입구3R-북(남향),없음(NULL),,B형,2,0.6442
2026-01-25,일·공휴일,22,항동중학교입구3R-동(서향),없음(NULL),,B형,2,0.6346
2026-01-25,일·공휴일,23,항동중학교입구3R-남(북향),없음(NULL),,A형 가능,0,0.0000
2026-01-25,일·공휴일,23,항동중학교입구3R-북(남향),없음(NULL),,B형,2,0.6442
2026-01-25,일·공휴일,23,항동중학교입구3R-동(서향),없음(NULL),,B형,2,0.6346
2026-01-26,평일,00,항동중학교입구3R-남(북향),없음(NULL),,A형 가능,0,0.0435
2026-01-26,평일,00,항동중학교입구3R-북(남향),없음(NULL),,B형,1,0.7955
2026-01-26,평일,00,항동중학교입구3R-동(서향),없음(NULL),,B형,1,0.7955
2026-01-26,평일,01,항동중학교입구3R-남(북향),없음(NULL),,A형 가능,0,0.0435
2026-01-26,평일,01,항동중학교입구3R-북(남향),없음(NULL),,B형,1,0.7955
2026-01-26,평일,01,항동중학교입구3R-동(서향),없음(NULL),,B형,1,0.7955
2026-01-26,평일,02,항동중학교입구3R-남(북향),없음(NULL),,A형 가능,0,0.0435
2026-01-26,평일,02,항동중학교입구3R-북(남향),없음(NULL),,B형,1,0.7955
2026-01-26,평일,02,항동중학교입구3R-동(서향),없음(NULL),,B형,1,0.7955
2026-01-26,평일,03,항동중학교입구3R-남(북향),없음(NULL),,A형 가능,0,0.0435
2026-01-26,평일,03,항동중학교입구3R-북(남향),없음(NULL),,B형,1,0.7955
2026-01-26,평일,03,항동중학교입구3R-동(서향),없음(NULL),,B형,2,0.6214
2026-01-26,평일,04,항동중학교입구3R-남(북향),없음(NULL),,A형 가능,0,0.0435
2026-01-26,평일,04,항동중학교입구3R-북(남향),없음(NULL),,B형,2,0.6195
2026-01-26,평일,04,항동중학교입구3R-동(서향),없음(NULL),,B형,2,0.6214
2026-01-26,평일,05,항동중학교입구3R-남(북향),없음(NULL),,A형 가능,0,0.0435
2026-01-26,평일,05,항동중학교입구3R-북(남향),없음(NULL),,B형,2,0.6233
2026-01-26,평일,05,항동중학교입구3R-동(서향),없음(NULL),,B형,2,0.6195
2026-01-26,평일,06,항동중학교입구3R-남(북향),없음(NULL),,A형 가능,0,0.0435
2026-01-26,평일,06,항동중학교입구3R-북(남향),없음(NULL),,B형,2,0.6233
2026-01-26,평일,06,항동중학교입구3R-동(서향),없음(NULL),,B형,2,0.6214
2026-01-26,평일,07,항동중학교입구3R-남(북향),없음(NULL),,A형 가능,0,0.0435
2026-01-26,평일,07,항동중학교입구3R-북(남향),없음(NULL),,B형,2,0.6233
2026-01-26,평일,07,항동중학교입구3R-동(서향),없음(NULL),,B형,2,0.6214
2026-01-26,평일,08,항동중학교입구3R-남(북향),없음(NULL),,A형 가능,0,0.0652
2026-01-26,평일,08,항동중학교입구3R-북(남향),없음(NULL),,B형,2,0.6233
2026-01-26,평일,08,항동중학교입구3R-동(서향),없음(NULL),,B형,2,0.6214
2026-01-26,평일,09,항동중학교입구3R-남(북향),없음(NULL),,A형 가능,0,0.0435
2026-01-26,평일,09,항동중학교입구3R-북(남향),없음(NULL),,B형,2,0.6214
2026-01-26,평일,09,항동중학교입구3R-동(서향),없음(NULL),,B형,2,0.6195
2026-01-26,평일,10,항동중학교입구3R-남(북향),없음(NULL),,A형 가능,0,0.0435
2026-01-26,평일,10,항동중학교입구3R-북(남향),없음(NULL),,B형,1,0.7955
2026-01-26,평일,10,항동중학교입구3R-동(서향),없음(NULL),,B형,1,0.7955
2026-01-26,평일,11,항동중학교입구3R-남(북향),없음(NULL),,A형 가능,0,0.0870
2026-01-26,평일,11,항동중학교입구3R-북(남향),없음(NULL),,B형,1,0.7955
2026-01-26,평일,11,항동중학교입구3R-동(서향),없음(NULL),,B형,1,0.7955
2026-01-26,평일,12,항동중학교입구3R-남(북향),없음(NULL),,A형 가능,0,0.0652
2026-01-26,평일,12,항동중학교입구3R-북(남향),없음(NULL),,B형,1,0.7955
2026-01-26,평일,12,항동중학교입구3R-동(서향),없음(NULL),,B형,1,0.7955
2026-01-26,평일,13,항동중학교입구3R-남(북향),없음(NULL),,A형 가능,0,0.0217
2026-01-26,평일,13,항동중학교입구3R-북(남향),없음(NULL),,B형,1,0.7955
2026-01-26,평일,13,항동중학교입구3R-동(서향),없음(NULL),,B형,1,0.7955
2026-01-26,평일,14,항동중학교입구3R-남(북향),없음(NULL),,A형 가능,0,0.0217
2026-01-26,평일,14,항동중학교입구3R-북(남향),없음(NULL),,B형,2,0.6272
2026-01-26,평일,14,항동중학교입구3R-동(서향),없음(NULL),,B형,2,0.6272
2026-01-26,평일,15,항동중학교입구3R-남(북향),없음(NULL),,A형 가능,0,0.0435
2026-01-26,평일,15,항동중학교입구3R-북(남향),없음(NULL),,B형,1,0.7879
2026-01-26,평일,15,항동중학교입구3R-동(서향),없음(NULL),,B형,1,0.7879
2026-01-26,평일,16,항동중학교입구3R-남(북향),없음(NULL),,A형 가능,0,0.0435
2026-01-26,평일,16,항동중학교입구3R-북(남향),없음(NULL),,B형,1,0.7879
2026-01-26,평일,16,항동중학교입구3R-동(서향),없음(NULL),,B형,1,0.7879
2026-01-26,평일,17,항동중학교입구3R-남(북향),없음(NULL),,A형 가능,0,0.0435
2026-01-26,평일,17,항동중학교입구3R-북(남향),없음(NULL),,B형,1,0.7879
2026-01-26,평일,17,항동중학교입구3R-동(서향),없음(NULL),,B형,1,0.7879
2026-01-26,평일,18,항동중학교입구3R-남(북향),없음(NULL),,A형 가능,0,0.0435
2026-01-26,평일,18,항동중학교입구3R-북(남향),없음(NULL),,B형,1,0.7879
2026-01-26,평일,18,항동중학교입구3R-동(서향),없음(NULL),,B형,1,0.7879
2026-01-26,평일,19,항동중학교입구3R-남(북향),없음(NULL),,A형 가능,0,0.0435
2026-01-26,평일,19,항동중학교입구3R-북(남향),없음(NULL),,B형,1,0.7879
2026-01-26,평일,19,항동중학교입구3R-동(서향),없음(NULL),,B형,1,0.7879
2026-01-26,평일,20,항동중학교입구3R-남(북향),없음(NULL),,A형 가능,0,0.0435
2026-01-26,평일,20,항동중학교입구3R-북(남향),없음(NULL),,B형,1,0.7879
2026-01-26,평일,20,항동중학교입구3R-동(서향),없음(NULL),,B형,1,0.7879
2026-01-26,평일,21,항동중학교입구3R-남(북향),없음(NULL),,A형 가능,0,0.0435
2026-01-26,평일,21,항동중학교입구3R-북(남향),없음(NULL),,B형,1,0.7879
2026-01-26,평일,21,항동중학교입구3R-동(서향),없음(NULL),,B형,1,0.7879
2026-01-26,평일,22,항동중학교입구3R-남(북향),없음(NULL),,A형 가능,0,0.0435
2026-01-26,평일,22,항동중학교입구3R-북(남향),없음(NULL),,B형,1,0.7955
2026-01-26,평일,22,항동중학교입구3R-동(서향),없음(NULL),,B형,1,0.7955
2026-01-26,평일,23,항동중학교입구3R-남(북향),없음(NULL),,A형 가능,0,0.0435
2026-01-26,평일,23,항동중학교입구3R-북(남향),없음(NULL),,B형,1,0.7879
2026-01-26,평일,23,항동중학교입구3R-동(서향),없음(NULL),,B형,1,0.7879
2026-01-27,평일,00,항동중학교입구3R-남(북향),없음(NULL),,A형 가능,0,0.0435
2026-01-27,평일,00,항동중학교입구3R-북(남향),없음(NULL),,B형,1,0.7955
2026-01-27,평일,00,항동중학교입구3R-동(서향),없음(NULL),,B형,1,0.7955
2026-01-27,평일,01,항동중학교입구3R-남(북향),없음(NULL),,A형 가능,0,0.0435
2026-01-27,평일,01,항동중학교입구3R-북(남향),없음(NULL),,B형,1,0.7955
2026-01-27,평일,01,항동중학교입구3R-동(서향),없음(NULL),,B형,1,0.7955
2026-01-27,평일,02,항동중학교입구3R-남(북향),없음(NULL),,A형 가능,0,0.0435
2026-01-27,평일,02,항동중학교입구3R-북(남향),없음(NULL),,B형,1,0.7955
2026-01-27,평일,02,항동중학교입구3R-동(서향),없음(NULL),,B형,1,0.7955
2026-01-27,평일,03,항동중학교입구3R-남(북향),없음(NULL),,A형 가능,0,0.0435
2026-01-27,평일,03,항동중학교입구3R-북(남향),없음(NULL),,B형,1,0.7955
2026-01-27,평일,03,항동중학교입구3R-동(서향),없음(NULL),,B형,2,0.6214
2026-01-27,평일,04,항동중학교입구3R-남(북향),없음(NULL),,A형 가능,0,0.0435
2026-01-27,평일,04,항동중학교입구3R-북(남향),없음(NULL),,B형,2,0.6195
2026-01-27,평일,04,항동중학교입구3R-동(서향),없음(NULL),,B형,2,0.6214
2026-01-27,평일,05,항동중학교입구3R-남(북향),없음(NULL),,A형 가능,0,0.0435
2026-01-27,평일,05,항동중학교입구3R-북(남향),없음(NULL),,B형,2,0.6233
2026-01-27,평일,05,항동중학교입구3R-동(서향),없음(NULL),,B형,2,0.6195
2026-01-27,평일,06,항동중학교입구3R-남(북향),없음(NULL),,A형 가능,0,0.0435
2026-01-27,평일,06,항동중학교입구3R-북(남향),없음(NULL),,B형,2,0.6233
2026-01-27,평일,06,항동중학교입구3R-동(서향),없음(NULL),,B형,2,0.6214
2026-01-27,평일,07,항동중학교입구3R-남(북향),없음(NULL),,A형 가능,0,0.0435
2026-01-27,평일,07,항동중학교입구3R-북(남향),없음(NULL),,B형,2,0.6233
2026-01-27,평일,07,항동중학교입구3R-동(서향),없음(NULL),,B형,2,0.6214
2026-01-27,평일,08,항동중학교입구3R-남(북향),없음(NULL),,A형 가능,0,0.0652
2026-01-27,평일,08,항동중학교입구3R-북(남향),없음(NULL),,B형,2,0.6233
2026-01-27,평일,08,항동중학교입구3R-동(서향),없음(NULL),,B형,2,0.6214
2026-01-27,평일,09,항동중학교입구3R-남(북향),없음(NULL),,A형 가능,0,0.0435
2026-01-27,평일,09,항동중학교입구3R-북(남향),없음(NULL),,B형,2,0.6214
2026-01-27,평일,09,항동중학교입구3R-동(서향),없음(NULL),,B형,2,0.6195
2026-01-27,평일,10,항동중학교입구3R-남(북향),없음(NULL),,A형 가능,0,0.0435
2026-01-27,평일,10,항동중학교입구3R-북(남향),없음(NULL),,B형,1,0.7955
2026-01-27,평일,10,항동중학교입구3R-동(서향),없음(NULL),,B형,1,0.7955
2026-01-27,평일,11,항동중학교입구3R-남(북향),없음(NULL),,A형 가능,0,0.0870
2026-01-27,평일,11,항동중학교입구3R-북(남향),없음(NULL),,B형,1,0.7955
2026-01-27,평일,11,항동중학교입구3R-동(서향),없음(NULL),,B형,1,0.7955
2026-01-27,평일,12,항동중학교입구3R-남(북향),없음(NULL),,A형 가능,0,0.0652
2026-01-27,평일,12,항동중학교입구3R-북(남향),없음(NULL),,B형,1,0.7955
2026-01-27,평일,12,항동중학교입구3R-동(서향),없음(NULL),,B형,1,0.7955
2026-01-27,평일,13,항동중학교입구3R-남(북향),없음(NULL),,A형 가능,0,0.0217
2026-01-27,평일,13,항동중학교입구3R-북(남향),없음(NULL),,B형,1,0.7955
2026-01-27,평일,13,항동중학교입구3R-동(서향),없음(NULL),,B형,1,0.7955
2026-01-27,평일,14,항동중학교입구3R-남(북향),없음(NULL),,A형 가능,0,0.0217
2026-01-27,평일,14,항동중학교입구3R-북(남향),없음(NULL),,B형,2,0.6272
2026-01-27,평일,14,항동중학교입구3R-동(서향),없음(NULL),,B형,2,0.6272
2026-01-27,평일,15,항동중학교입구3R-남(북향),없음(NULL),,A형 가능,0,0.0435
2026-01-27,평일,15,항동중학교입구3R-북(남향),없음(NULL),,B형,1,0.7879
2026-01-27,평일,15,항동중학교입구3R-동(서향),없음(NULL),,B형,1,0.7879
2026-01-27,평일,16,항동중학교입구3R-남(북향),없음(NULL),,A형 가능,0,0.0435
2026-01-27,평일,16,항동중학교입구3R-북(남향),없음(NULL),,B형,1,0.7879
2026-01-27,평일,16,항동중학교입구3R-동(서향),없음(NULL),,B형,1,0.7879
2026-01-27,평일,17,항동중학교입구3R-남(북향),없음(NULL),,A형 가능,0,0.0435
2026-01-27,평일,17,항동중학교입구3R-북(남향),없음(NULL),,B형,1,0.7879
2026-01-27,평일,17,항동중학교입구3R-동(서향),없음(NULL),,B형,1,0.7879
2026-01-27,평일,18,항동중학교입구3R-남(북향),없음(NULL),,A형 가능,0,0.0435
2026-01-27,평일,18,항동중학교입구3R-북(남향),없음(NULL),,B형,1,0.7879
2026-01-27,평일,18,항동중학교입구3R-동(서향),없음(NULL),,B형,1,0.7879
2026-01-27,평일,19,항동중학교입구3R-남(북향),없음(NULL),,A형 가능,0,0.0435
2026-01-27,평일,19,항동중학교입구3R-북(남향),없음(NULL),,B형,1,0.7879
2026-01-27,평일,19,항동중학교입구3R-동(서향),없음(NULL),,B형,1,0.7879
2026-01-27,평일,20,항동중학교입구3R-남(북향),없음(NULL),,A형 가능,0,0.0435
2026-01-27,평일,20,항동중학교입구3R-북(남향),없음(NULL),,B형,1,0.7879
2026-01-27,평일,20,항동중학교입구3R-동(서향),없음(NULL),,B형,1,0.7879
2026-01-27,평일,21,항동중학교입구3R-남(북향),없음(NULL),,A형 가능,0,0.0435
2026-01-27,평일,21,항동중학교입구3R-북(남향),없음(NULL),,B형,1,0.7879
2026-01-27,평일,21,항동중학교입구3R-동(서향),없음(NULL),,B형,1,0.7879
2026-01-27,평일,22,항동중학교입구3R-남(북향),없음(NULL),,A형 가능,0,0.0435
2026-01-27,평일,22,항동중학교입구3R-북(남향),없음(NULL),,B형,1,0.7955
2026-01-27,평일,22,항동중학교입구3R-동(서향),없음(NULL),,B형,1,0.7955
2026-01-27,평일,23,항동중학교입구3R-남(북향),없음(NULL),,A형 가능,0,0.0435
2026-01-27,평일,23,항동중학교입구3R-북(남향),없음(NULL),,B형,1,0.7879
2026-01-27,평일,23,항동중학교입구3R-동(서향),없음(NULL),,B형,1,0.7879
2026-01-28,평일,00,항동중학교입구3R-남(북향),없음(NULL),,A형 가능,0,0.0435
2026-01-28,평일,00,항동중학교입구3R-북(남향),없음(NULL),,B형,1,0.7955
2026-01-28,평일,00,항동중학교입구3R-동(서향),없음(NULL),,B형,1,0.7955
2026-01-28,평일,01,항동중학교입구3R-남(북향),없음(NULL),,A형 가능,0,0.0435
2026-01-28,평일,01,항동중학교입구3R-북(남향),없음(NULL),,B형,1,0.7955
2026-01-28,평일,01,항동중학교입구3R-동(서향),없음(NULL),,B형,1,0.7955
2026-01-28,평일,02,항동중학교입구3R-남(북향),없음(NULL),,A형 가능,0,0.0435
2026-01-28,평일,02,항동중학교입구3R-북(남향),없음(NULL),,B형,1,0.7955
2026-01-28,평일,02,항동중학교입구3R-동(서향),없음(NULL),,B형,1,0.7955
2026-01-28,평일,03,항동중학교입구3R-남(북향),없음(NULL),,A형 가능,0,0.0435
2026-01-28,평일,03,항동중학교입구3R-북(남향),없음(NULL),,B형,1,0.7955
2026-01-28,평일,03,항동중학교입구3R-동(서향),없음(NULL),,B형,2,0.6214
2026-01-28,평일,04,항동중학교입구3R-남(북향),없음(NULL),,A형 가능,0,0.0435
2026-01-28,평일,04,항동중학교입구3R-북(남향),없음(NULL),,B형,2,0.6195
2026-01-28,평일,04,항동중학교입구3R-동(서향),없음(NULL),,B형,2,0.6214
2026-01-28,평일,05,항동중학교입구3R-남(북향),없음(NULL),,A형 가능,0,0.0435
2026-01-28,평일,05,항동중학교입구3R-북(남향),없음(NULL),,B형,2,0.6233
2026-01-28,평일,05,항동중학교입구3R-동(서향),없음(NULL),,B형,2,0.6195
2026-01-28,평일,06,항동중학교입구3R-남(북향),없음(NULL),,A형 가능,0,0.0435
2026-01-28,평일,06,항동중학교입구3R-북(남향),없음(NULL),,B형,2,0.6233
2026-01-28,평일,06,항동중학교입구3R-동(서향),없음(NULL),,B형,2,0.6214
2026-01-28,평일,07,항동중학교입구3R-남(북향),없음(NULL),,A형 가능,0,0.0435
2026-01-28,평일,07,항동중학교입구3R-북(남향),없음(NULL),,B형,2,0.6233
2026-01-28,평일,07,항동중학교입구3R-동(서향),없음(NULL),,B형,2,0.6214
2026-01-28,평일,08,항동중학교입구3R-남(북향),없음(NULL),,A형 가능,0,0.0652
2026-01-28,평일,08,항동중학교입구3R-북(남향),없음(NULL),,B형,2,0.6233
2026-01-28,평일,08,항동중학교입구3R-동(서향),없음(NULL),,B형,2,0.6214
2026-01-28,평일,09,항동중학교입구3R-남(북향),없음(NULL),,A형 가능,0,0.0435
2026-01-28,평일,09,항동중학교입구3R-북(남향),없음(NULL),,B형,2,0.6214
2026-01-28,평일,09,항동중학교입구3R-동(서향),없음(NULL),,B형,2,0.6195
2026-01-28,평일,10,항동중학교입구3R-남(북향),없음(NULL),,A형 가능,0,0.0435
2026-01-28,평일,10,항동중학교입구3R-북(남향),없음(NULL),,B형,1,0.7955
2026-01-28,평일,10,항동중학교입구3R-동(서향),없음(NULL),,B형,1,0.7955
2026-01-28,평일,11,항동중학교입구3R-남(북향),없음(NULL),,A형 가능,0,0.0870
2026-01-28,평일,11,항동중학교입구3R-북(남향),없음(NULL),,B형,1,0.7955
2026-01-28,평일,11,항동중학교입구3R-동(서향),없음(NULL),,B형,1,0.7955
2026-01-28,평일,12,항동중학교입구3R-남(북향),없음(NULL),,A형 가능,0,0.0652
2026-01-28,평일,12,항동중학교입구3R-북(남향),없음(NULL),,B형,1,0.7955
2026-01-28,평일,12,항동중학교입구3R-동(서향),없음(NULL),,B형,1,0.7955
2026-01-28,평일,13,항동중학교입구3R-남(북향),없음(NULL),,A형 가능,0,0.0217
2026-01-28,평일,13,항동중학교입구3R-북(남향),없음(NULL),,B형,1,0.7955
2026-01-28,평일,13,항동중학교입구3R-동(서향),없음(NULL),,B형,1,0.7955
2026-01-28,평일,14,항동중학교입구3R-남(북향),없음(NULL),,A형 가능,0,0.0217
2026-01-28,평일,14,항동중학교입구3R-북(남향),없음(NULL),,B형,2,0.6272
2026-01-28,평일,14,항동중학교입구3R-동(서향),없음(NULL),,B형,2,0.6272
2026-01-28,평일,15,항동중학교입구3R-남(북향),없음(NULL),,A형 가능,0,0.0435
2026-01-28,평일,15,항동중학교입구3R-북(남향),없음(NULL),,B형,1,0.7879
2026-01-28,평일,15,항동중학교입구3R-동(서향),없음(NULL),,B형,1,0.7879
2026-01-28,평일,16,항동중학교입구3R-남(북향),없음(NULL),,A형 가능,0,0.0435
2026-01-28,평일,16,항동중학교입구3R-북(남향),없음(NULL),,B형,1,0.7879
2026-01-28,평일,16,항동중학교입구3R-동(서향),없음(NULL),,B형,1,0.7879
2026-01-28,평일,17,항동중학교입구3R-남(북향),없음(NULL),,A형 가능,0,0.0435
2026-01-28,평일,17,항동중학교입구3R-북(남향),없음(NULL),,B형,1,0.7879
2026-01-28,평일,17,항동중학교입구3R-동(서향),없음(NULL),,B형,1,0.7879
2026-01-28,평일,18,항동중학교입구3R-남(북향),없음(NULL),,A형 가능,0,0.0435
2026-01-28,평일,18,항동중학교입구3R-북(남향),없음(NULL),,B형,1,0.7879
2026-01-28,평일,18,항동중학교입구3R-동(서향),없음(NULL),,B형,1,0.7879
2026-01-28,평일,19,항동중학교입구3R-남(북향),없음(NULL),,A형 가능,0,0.0435
2026-01-28,평일,19,항동중학교입구3R-북(남향),없음(NULL),,B형,1,0.7879
2026-01-28,평일,19,항동중학교입구3R-동(서향),없음(NULL),,B형,1,0.7879
2026-01-28,평일,20,항동중학교입구3R-남(북향),없음(NULL),,A형 가능,0,0.0435
2026-01-28,평일,20,항동중학교입구3R-북(남향),없음(NULL),,B형,1,0.7879
2026-01-28,평일,20,항동중학교입구3R-동(서향),없음(NULL),,B형,1,0.7879
2026-01-28,평일,21,항동중학교입구3R-남(북향),없음(NULL),,A형 가능,0,0.0435
2026-01-28,평일,21,항동중학교입구3R-북(남향),없음(NULL),,B형,1,0.7879
2026-01-28,평일,21,항동중학교입구3R-동(서향),없음(NULL),,B형,1,0.7879
2026-01-28,평일,22,항동중학교입구3R-남(북향),없음(NULL),,A형 가능,0,0.0435
2026-01-28,평일,22,항동중학교입구3R-북(남향),없음(NULL),,B형,1,0.7955
2026-01-28,평일,22,항동중학교입구3R-동(서향),없음(NULL),,B형,1,0.7955
2026-01-28,평일,23,항동중학교입구3R-남(북향),없음(NULL),,A형 가능,0,0.0435
2026-01-28,평일,23,항동중학교입구3R-북(남향),없음(NULL),,B형,1,0.7879
2026-01-28,평일,23,항동중학교입구3R-동(서향),없음(NULL),,B형,1,0.7879
2026-01-29,평일,00,항동중학교입구3R-남(북향),없음(NULL),,A형 가능,0,0.0435
2026-01-29,평일,00,항동중학교입구3R-북(남향),없음(NULL),,B형,1,0.7955
2026-01-29,평일,00,항동중학교입구3R-동(서향),없음(NULL),,B형,1,0.7955
2026-01-29,평일,01,항동중학교입구3R-남(북향),없음(NULL),,A형 가능,0,0.0435
2026-01-29,평일,01,항동중학교입구3R-북(남향),없음(NULL),,B형,1,0.7955
2026-01-29,평일,01,항동중학교입구3R-동(서향),없음(NULL),,B형,1,0.7955
2026-01-29,평일,02,항동중학교입구3R-남(북향),없음(NULL),,A형 가능,0,0.0435
2026-01-29,평일,02,항동중학교입구3R-북(남향),없음(NULL),,B형,1,0.7955
2026-01-29,평일,02,항동중학교입구3R-동(서향),없음(NULL),,B형,1,0.7955
2026-01-29,평일,03,항동중학교입구3R-남(북향),없음(NULL),,A형 가능,0,0.0435
2026-01-29,평일,03,항동중학교입구3R-북(남향),없음(NULL),,B형,1,0.7955
2026-01-29,평일,03,항동중학교입구3R-동(서향),없음(NULL),,B형,2,0.6214
2026-01-29,평일,04,항동중학교입구3R-남(북향),없음(NULL),,A형 가능,0,0.0435
2026-01-29,평일,04,항동중학교입구3R-북(남향),없음(NULL),,B형,2,0.6195
2026-01-29,평일,04,항동중학교입구3R-동(서향),없음(NULL),,B형,2,0.6214
2026-01-29,평일,05,항동중학교입구3R-남(북향),없음(NULL),,A형 가능,0,0.0435
2026-01-29,평일,05,항동중학교입구3R-북(남향),없음(NULL),,B형,2,0.6233
2026-01-29,평일,05,항동중학교입구3R-동(서향),없음(NULL),,B형,2,0.6195
2026-01-29,평일,06,항동중학교입구3R-남(북향),없음(NULL),,A형 가능,0,0.0435
2026-01-29,평일,06,항동중학교입구3R-북(남향),없음(NULL),,B형,2,0.6233
2026-01-29,평일,06,항동중학교입구3R-동(서향),없음(NULL),,B형,2,0.6214
2026-01-29,평일,07,항동중학교입구3R-남(북향),없음(NULL),,A형 가능,0,0.0435
2026-01-29,평일,07,항동중학교입구3R-북(남향),없음(NULL),,B형,2,0.6233
2026-01-29,평일,07,항동중학교입구3R-동(서향),없음(NULL),,B형,2,0.6214
2026-01-29,평일,08,항동중학교입구3R-남(북향),없음(NULL),,A형 가능,0,0.0652
2026-01-29,평일,08,항동중학교입구3R-북(남향),없음(NULL),,B형,2,0.6233
2026-01-29,평일,08,항동중학교입구3R-동(서향),없음(NULL),,B형,2,0.6214
2026-01-29,평일,09,항동중학교입구3R-남(북향),없음(NULL),,A형 가능,0,0.0435
2026-01-29,평일,09,항동중학교입구3R-북(남향),없음(NULL),,B형,2,0.6214
2026-01-29,평일,09,항동중학교입구3R-동(서향),없음(NULL),,B형,2,0.6195
2026-01-29,평일,10,항동중학교입구3R-남(북향),없음(NULL),,A형 가능,0,0.0435
2026-01-29,평일,10,항동중학교입구3R-북(남향),없음(NULL),,B형,1,0.7955
2026-01-29,평일,10,항동중학교입구3R-동(서향),없음(NULL),,B형,1,0.7955
2026-01-29,평일,11,항동중학교입구3R-남(북향),없음(NULL),,A형 가능,0,0.0870
2026-01-29,평일,11,항동중학교입구3R-북(남향),없음(NULL),,B형,1,0.7955
2026-01-29,평일,11,항동중학교입구3R-동(서향),없음(NULL),,B형,1,0.7955
2026-01-29,평일,12,항동중학교입구3R-남(북향),없음(NULL),,A형 가능,0,0.0652
2026-01-29,평일,12,항동중학교입구3R-북(남향),없음(NULL),,B형,1,0.7955
2026-01-29,평일,12,항동중학교입구3R-동(서향),없음(NULL),,B형,1,0.7955
2026-01-29,평일,13,항동중학교입구3R-남(북향),없음(NULL),,A형 가능,0,0.0217
2026-01-29,평일,13,항동중학교입구3R-북(남향),없음(NULL),,B형,1,0.7955
2026-01-29,평일,13,항동중학교입구3R-동(서향),없음(NULL),,B형,1,0.7955
2026-01-29,평일,14,항동중학교입구3R-남(북향),없음(NULL),,A형 가능,0,0.0217
2026-01-29,평일,14,항동중학교입구3R-북(남향),없음(NULL),,B형,2,0.6272
2026-01-29,평일,14,항동중학교입구3R-동(서향),없음(NULL),,B형,2,0.6272
2026-01-29,평일,15,항동중학교입구3R-남(북향),없음(NULL),,A형 가능,0,0.0435
2026-01-29,평일,15,항동중학교입구3R-북(남향),없음(NULL),,B형,1,0.7879
2026-01-29,평일,15,항동중학교입구3R-동(서향),없음(NULL),,B형,1,0.7879
2026-01-29,평일,16,항동중학교입구3R-남(북향),없음(NULL),,A형 가능,0,0.0435
2026-01-29,평일,16,항동중학교입구3R-북(남향),없음(NULL),,B형,1,0.7879
2026-01-29,평일,16,항동중학교입구3R-동(서향),없음(NULL),,B형,1,0.7879
2026-01-29,평일,17,항동중학교입구3R-남(북향),없음(NULL),,A형 가능,0,0.0435
2026-01-29,평일,17,항동중학교입구3R-북(남향),없음(NULL),,B형,1,0.7879
2026-01-29,평일,17,항동중학교입구3R-동(서향),없음(NULL),,B형,1,0.7879
2026-01-29,평일,18,항동중학교입구3R-남(북향),없음(NULL),,A형 가능,0,0.0435
2026-01-29,평일,18,항동중학교입구3R-북(남향),없음(NULL),,B형,1,0.7879
2026-01-29,평일,18,항동중학교입구3R-동(서향),없음(NULL),,B형,1,0.7879
2026-01-29,평일,19,항동중학교입구3R-남(북향),없음(NULL),,A형 가능,0,0.0435
2026-01-29,평일,19,항동중학교입구3R-북(남향),없음(NULL),,B형,1,0.7879
2026-01-29,평일,19,항동중학교입구3R-동(서향),없음(NULL),,B형,1,0.7879
2026-01-29,평일,20,항동중학교입구3R-남(북향),없음(NULL),,A형 가능,0,0.0435
2026-01-29,평일,20,항동중학교입구3R-북(남향),없음(NULL),,B형,1,0.7879
2026-01-29,평일,20,항동중학교입구3R-동(서향),없음(NULL),,B형,1,0.7879
2026-01-29,평일,21,항동중학교입구3R-남(북향),없음(NULL),,A형 가능,0,0.0435
2026-01-29,평일,21,항동중학교입구3R-북(남향),없음(NULL),,B형,1,0.7879
2026-01-29,평일,21,항동중학교입구3R-동(서향),없음(NULL),,B형,1,0.7879
2026-01-29,평일,22,항동중학교입구3R-남(북향),없음(NULL),,A형 가능,0,0.0435
2026-01-29,평일,22,항동중학교입구3R-북(남향),없음(NULL),,B형,1,0.7955
2026-01-29,평일,22,항동중학교입구3R-동(서향),없음(NULL),,B형,1,0.7955
2026-01-29,평일,23,항동중학교입구3R-남(북향),없음(NULL),,A형 가능,0,0.0435
2026-01-29,평일,23,항동중학교입구3R-북(남향),없음(NULL),,B형,1,0.7879
2026-01-29,평일,23,항동중학교입구3R-동(서향),없음(NULL),,B형,1,0.7879
2026-01-30,평일,00,항동중학교입구3R-남(북향),없음(NULL),,A형 가능,0,0.0435
2026-01-30,평일,00,항동중학교입구3R-북(남향),없음(NULL),,B형,1,0.7955
2026-01-30,평일,00,항동중학교입구3R-동(서향),없음(NULL),,B형,1,0.7955
2026-01-30,평일,01,항동중학교입구3R-남(북향),없음(NULL),,A형 가능,0,0.0435
2026-01-30,평일,01,항동중학교입구3R-북(남향),없음(NULL),,B형,1,0.7955
2026-01-30,평일,01,항동중학교입구3R-동(서향),없음(NULL),,B형,1,0.7955
2026-01-30,평일,02,항동중학교입구3R-남(북향),없음(NULL),,A형 가능,0,0.0435
2026-01-30,평일,02,항동중학교입구3R-북(남향),없음(NULL),,B형,1,0.7955
2026-01-30,평일,02,항동중학교입구3R-동(서향),없음(NULL),,B형,1,0.7955
2026-01-30,평일,03,항동중학교입구3R-남(북향),없음(NULL),,A형 가능,0,0.0435
2026-01-30,평일,03,항동중학교입구3R-북(남향),없음(NULL),,B형,1,0.7955
2026-01-30,평일,03,항동중학교입구3R-동(서향),없음(NULL),,B형,2,0.6214
2026-01-30,평일,04,항동중학교입구3R-남(북향),없음(NULL),,A형 가능,0,0.0435
2026-01-30,평일,04,항동중학교입구3R-북(남향),없음(NULL),,B형,2,0.6195
2026-01-30,평일,04,항동중학교입구3R-동(서향),없음(NULL),,B형,2,0.6214
2026-01-30,평일,05,항동중학교입구3R-남(북향),없음(NULL),,A형 가능,0,0.0435
2026-01-30,평일,05,항동중학교입구3R-북(남향),없음(NULL),,B형,2,0.6233
2026-01-30,평일,05,항동중학교입구3R-동(서향),없음(NULL),,B형,2,0.6195
2026-01-30,평일,06,항동중학교입구3R-남(북향),없음(NULL),,A형 가능,0,0.0435
2026-01-30,평일,06,항동중학교입구3R-북(남향),없음(NULL),,B형,2,0.6233
2026-01-30,평일,06,항동중학교입구3R-동(서향),없음(NULL),,B형,2,0.6214
2026-01-30,평일,07,항동중학교입구3R-남(북향),없음(NULL),,A형 가능,0,0.0435
2026-01-30,평일,07,항동중학교입구3R-북(남향),없음(NULL),,B형,2,0.6233
2026-01-30,평일,07,항동중학교입구3R-동(서향),없음(NULL),,B형,2,0.6214
2026-01-30,평일,08,항동중학교입구3R-남(북향),없음(NULL),,A형 가능,0,0.0652
2026-01-30,평일,08,항동중학교입구3R-북(남향),없음(NULL),,B형,2,0.6233
2026-01-30,평일,08,항동중학교입구3R-동(서향),없음(NULL),,B형,2,0.6214
2026-01-30,평일,09,항동중학교입구3R-남(북향),없음(NULL),,A형 가능,0,0.0435
2026-01-30,평일,09,항동중학교입구3R-북(남향),없음(NULL),,B형,2,0.6214
2026-01-30,평일,09,항동중학교입구3R-동(서향),없음(NULL),,B형,2,0.6195
2026-01-30,평일,10,항동중학교입구3R-남(북향),없음(NULL),,A형 가능,0,0.0435
2026-01-30,평일,10,항동중학교입구3R-북(남향),없음(NULL),,B형,1,0.7955
2026-01-30,평일,10,항동중학교입구3R-동(서향),없음(NULL),,B형,1,0.7955
2026-01-30,평일,11,항동중학교입구3R-남(북향),없음(NULL),,A형 가능,0,0.0870
2026-01-30,평일,11,항동중학교입구3R-북(남향),없음(NULL),,B형,1,0.7955
2026-01-30,평일,11,항동중학교입구3R-동(서향),없음(NULL),,B형,1,0.7955
2026-01-30,평일,12,항동중학교입구3R-남(북향),없음(NULL),,A형 가능,0,0.0652
2026-01-30,평일,12,항동중학교입구3R-북(남향),없음(NULL),,B형,1,0.7955
2026-01-30,평일,12,항동중학교입구3R-동(서향),없음(NULL),,B형,1,0.7955
2026-01-30,평일,13,항동중학교입구3R-남(북향),없음(NULL),,A형 가능,0,0.0217
2026-01-30,평일,13,항동중학교입구3R-북(남향),없음(NULL),,B형,1,0.7955
2026-01-30,평일,13,항동중학교입구3R-동(서향),없음(NULL),,B형,1,0.7955
2026-01-30,평일,14,항동중학교입구3R-남(북향),없음(NULL),,A형 가능,0,0.0217
2026-01-30,평일,14,항동중학교입구3R-북(남향),없음(NULL),,B형,2,0.6272
2026-01-30,평일,14,항동중학교입구3R-동(서향),없음(NULL),,B형,2,0.6272
2026-01-30,평일,15,항동중학교입구3R-남(북향),없음(NULL),,A형 가능,0,0.0435
2026-01-30,평일,15,항동중학교입구3R-북(남향),없음(NULL),,B형,1,0.7879
2026-01-30,평일,15,항동중학교입구3R-동(서향),없음(NULL),,B형,1,0.7879
2026-01-30,평일,16,항동중학교입구3R-남(북향),없음(NULL),,A형 가능,0,0.0435
2026-01-30,평일,16,항동중학교입구3R-북(남향),없음(NULL),,B형,1,0.7879
2026-01-30,평일,16,항동중학교입구3R-동(서향),없음(NULL),,B형,1,0.7879
2026-01-30,평일,17,항동중학교입구3R-남(북향),없음(NULL),,A형 가능,0,0.0435
2026-01-30,평일,17,항동중학교입구3R-북(남향),없음(NULL),,B형,1,0.7879
2026-01-30,평일,17,항동중학교입구3R-동(서향),없음(NULL),,B형,1,0.7879
2026-01-30,평일,18,항동중학교입구3R-남(북향),없음(NULL),,A형 가능,0,0.0435
2026-01-30,평일,18,항동중학교입구3R-북(남향),없음(NULL),,B형,1,0.7879
2026-01-30,평일,18,항동중학교입구3R-동(서향),없음(NULL),,B형,1,0.7879
2026-01-30,평일,19,항동중학교입구3R-남(북향),없음(NULL),,A형 가능,0,0.0435
2026-01-30,평일,19,항동중학교입구3R-북(남향),없음(NULL),,B형,1,0.7879
2026-01-30,평일,19,항동중학교입구3R-동(서향),없음(NULL),,B형,1,0.7879
2026-01-30,평일,20,항동중학교입구3R-남(북향),없음(NULL),,A형 가능,0,0.0435
2026-01-30,평일,20,항동중학교입구3R-북(남향),없음(NULL),,B형,1,0.7879
2026-01-30,평일,20,항동중학교입구3R-동(서향),없음(NULL),,B형,1,0.7879
2026-01-30,평일,21,항동중학교입구3R-남(북향),없음(NULL),,A형 가능,0,0.0435
2026-01-30,평일,21,항동중학교입구3R-북(남향),없음(NULL),,B형,1,0.7879
2026-01-30,평일,21,항동중학교입구3R-동(서향),없음(NULL),,B형,1,0.7879
2026-01-30,평일,22,항동중학교입구3R-남(북향),없음(NULL),,A형 가능,0,0.0435
2026-01-30,평일,22,항동중학교입구3R-북(남향),없음(NULL),,B형,1,0.7955
2026-01-30,평일,22,항동중학교입구3R-동(서향),없음(NULL),,B형,1,0.7955
2026-01-30,평일,23,항동중학교입구3R-남(북향),없음(NULL),,A형 가능,0,0.0435
2026-01-30,평일,23,항동중학교입구3R-북(남향),없음(NULL),,B형,1,0.7879
2026-01-30,평일,23,항동중학교입구3R-동(서향),없음(NULL),,B형,1,0.7879
2026-01-31,토요일,00,항동중학교입구3R-남(북향),없음(NULL),,A형 가능,0,0.0000
2026-01-31,토요일,00,항동중학교입구3R-북(남향),없음(NULL),,B형,2,0.6250
2026-01-31,토요일,00,항동중학교입구3R-동(서향),없음(NULL),,B형,2,0.6250
2026-01-31,토요일,01,항동중학교입구3R-남(북향),없음(NULL),,A형 가능,0,0.0000
2026-01-31,토요일,01,항동중학교입구3R-북(남향),없음(NULL),,B형,2,0.6250
2026-01-31,토요일,01,항동중학교입구3R-동(서향),없음(NULL),,B형,1,0.7917
2026-01-31,토요일,02,항동중학교입구3R-남(북향),없음(NULL),,A형 가능,0,0.0000
2026-01-31,토요일,02,항동중학교입구3R-북(남향),없음(NULL),,B형,2,0.6346
2026-01-31,토요일,02,항동중학교입구3R-동(서향),없음(NULL),,B형,2,0.6250
2026-01-31,토요일,03,항동중학교입구3R-남(북향),없음(NULL),,A형 가능,0,0.0000
2026-01-31,토요일,03,항동중학교입구3R-북(남향),없음(NULL),,B형,2,0.6250
2026-01-31,토요일,03,항동중학교입구3R-동(서향),없음(NULL),,B형,1,0.7917
2026-01-31,토요일,04,항동중학교입구3R-남(북향),없음(NULL),,A형 가능,0,0.0000
2026-01-31,토요일,04,항동중학교입구3R-북(남향),없음(NULL),,B형,1,0.7917
2026-01-31,토요일,04,항동중학교입구3R-동(서향),없음(NULL),,B형,1,0.7917
2026-01-31,토요일,05,항동중학교입구3R-남(북향),없음(NULL),,A형 가능,0,0.0000
2026-01-31,토요일,05,항동중학교입구3R-북(남향),없음(NULL),,B형,1,0.7917
2026-01-31,토요일,05,항동중학교입구3R-동(서향),없음(NULL),,B형,1,0.7917
2026-01-31,토요일,06,항동중학교입구3R-남(북향),없음(NULL),,A형 가능,0,0.0000
2026-01-31,토요일,06,항동중학교입구3R-북(남향),없음(NULL),,B형,2,0.6250
2026-01-31,토요일,06,항동중학교입구3R-동(서향),없음(NULL),,B형,1,0.7917
2026-01-31,토요일,07,항동중학교입구3R-남(북향),없음(NULL),,A형 가능,0,0.0000
2026-01-31,토요일,07,항동중학교입구3R-북(남향),없음(NULL),,B형,2,0.6250
2026-01-31,토요일,07,항동중학교입구3R-동(서향),없음(NULL),,B형,1,0.7917
2026-01-31,토요일,08,항동중학교입구3R-남(북향),없음(NULL),,A형 가능,0,0.0000
2026-01-31,토요일,08,항동중학교입구3R-북(남향),없음(NULL),,B형,2,0.6250
2026-01-31,토요일,08,항동중학교입구3R-동(서향),없음(NULL),,B형,1,0.7917
2026-01-31,토요일,09,항동중학교입구3R-남(북향),없음(NULL),,A형 가능,0,0.0000
2026-01-31,토요일,09,항동중학교입구3R-북(남향),없음(NULL),,B형,2,0.6250
2026-01-31,토요일,09,항동중학교입구3R-동(서향),없음(NULL),,B형,2,0.6250
2026-01-31,토요일,10,항동중학교입구3R-남(북향),없음(NULL),,A형 가능,0,0.0000
2026-01-31,토요일,10,항동중학교입구3R-북(남향),없음(NULL),,B형,2,0.6250
2026-01-31,토요일,10,항동중학교입구3R-동(서향),없음(NULL),,B형,1,0.7917
2026-01-31,토요일,11,항동중학교입구3R-남(북향),없음(NULL),,A형 가능,0,0.0000
2026-01-31,토요일,11,항동중학교입구3R-북(남향),없음(NULL),,B형,2,0.6250
2026-01-31,토요일,11,항동중학교입구3R-동(서향),없음(NULL),,B형,1,0.7917
2026-01-31,토요일,12,항동중학교입구3R-남(북향),없음(NULL),,A형 가능,0,0.0000
2026-01-31,토요일,12,항동중학교입구3R-북(남향),없음(NULL),,B형,2,0.6250
2026-01-31,토요일,12,항동중학교입구3R-동(서향),없음(NULL),,B형,1,0.7917
2026-01-31,토요일,13,항동중학교입구3R-남(북향),없음(NULL),,A형 가능,0,0.0000
2026-01-31,토요일,13,항동중학교입구3R-북(남향),없음(NULL),,B형,2,0.6250
2026-01-31,토요일,13,항동중학교입구3R-동(서향),없음(NULL),,B형,1,0.7917
2026-01-31,토요일,14,항동중학교입구3R-남(북향),없음(NULL),,A형 가능,0,0.0000
2026-01-31,토요일,14,항동중학교입구3R-북(남향),없음(NULL),,B형,2,0.6250
2026-01-31,토요일,14,항동중학교입구3R-동(서향),없음(NULL),,B형,1,0.7917
2026-01-31,토요일,15,항동중학교입구3R-남(북향),없음(NULL),,A형 가능,0,0.0000
2026-01-31,토요일,15,항동중학교입구3R-북(남향),없음(NULL),,B형,2,0.6250
2026-01-31,토요일,15,항동중학교입구3R-동(서향),없음(NULL),,B형,2,0.6250
2026-01-31,토요일,16,항동중학교입구3R-남(북향),없음(NULL),,A형 가능,0,0.0000
2026-01-31,토요일,16,항동중학교입구3R-북(남향),없음(NULL),,B형,2,0.6346
2026-01-31,토요일,16,항동중학교입구3R-동(서향),없음(NULL),,B형,2,0.6346
2026-01-31,토요일,17,항동중학교입구3R-남(북향),없음(NULL),,A형 가능,0,0.0000
2026-01-31,토요일,17,항동중학교입구3R-북(남향),없음(NULL),,B형,2,0.6346
2026-01-31,토요일,17,항동중학교입구3R-동(서향),없음(NULL),,B형,2,0.6346
2026-01-31,토요일,18,항동중학교입구3R-남(북향),없음(NULL),,A형 가능,0,0.0000
2026-01-31,토요일,18,항동중학교입구3R-북(남향),없음(NULL),,B형,2,0.6442
2026-01-31,토요일,18,항동중학교입구3R-동(서향),없음(NULL),,B형,2,0.6346
2026-01-31,토요일,19,항동중학교입구3R-남(북향),없음(NULL),,A형 가능,0,0.0000
2026-01-31,토요일,19,항동중학교입구3R-북(남향),없음(NULL),,B형,2,0.6538
2026-01-31,토요일,19,항동중학교입구3R-동(서향),없음(NULL),,B형,2,0.6442
2026-01-31,토요일,20,항동중학교입구3R-남(북향),없음(NULL),,A형 가능,0,0.0000
2026-01-31,토요일,20,항동중학교입구3R-북(남향),없음(NULL),,B형,2,0.6442
2026-01-31,토요일,20,항동중학교입구3R-동(서향),없음(NULL),,B형,1,0.7917
2026-01-31,토요일,21,항동중학교입구3R-남(북향),없음(NULL),,A형 가능,0,0.0000
2026-01-31,토요일,21,항동중학교입구3R-북(남향),없음(NULL),,B형,2,0.6442
2026-01-31,토요일,21,항동중학교입구3R-동(서향),없음(NULL),,B형,1,0.7917
2026-01-31,토요일,22,항동중학교입구3R-남(북향),없음(NULL),,A형 가능,0,0.0000
2026-01-31,토요일,22,항동중학교입구3R-북(남향),없음(NULL),,B형,2,0.6442
2026-01-31,토요일,22,항동중학교입구3R-동(서향),없음(NULL),,B형,1,0.7917
2026-01-31,토요일,23,항동중학교입구3R-남(북향),없음(NULL),,A형 가능,0,0.0000
2026-01-31,토요일,23,항동중학교입구3R-북(남향),없음(NULL),,B형,2,0.6538
2026-01-31,토요일,23,항동중학교입구3R-동(서향),없음(NULL),,B형,1,0.7917
2026-02-01,일·공휴일,00,항동중학교입구3R-남(북향),없음(NULL),,A형 가능,0,0.0000
2026-02-01,일·공휴일,00,항동중학교입구3R-북(남향),없음(NULL),,B형,1,0.7692
2026-02-01,일·공휴일,00,항동중학교입구3R-동(서향),없음(NULL),,B형,1,0.7692
2026-02-01,일·공휴일,01,항동중학교입구3R-남(북향),없음(NULL),,A형 가능,0,0.0000
2026-02-01,일·공휴일,01,항동중학교입구3R-북(남향),없음(NULL),,B형,1,0.7692
2026-02-01,일·공휴일,01,항동중학교입구3R-동(서향),없음(NULL),,B형,1,0.7692
2026-02-01,일·공휴일,02,항동중학교입구3R-남(북향),없음(NULL),,A형 가능,0,0.0000
2026-02-01,일·공휴일,02,항동중학교입구3R-북(남향),없음(NULL),,B형,1,0.7692
2026-02-01,일·공휴일,02,항동중학교입구3R-동(서향),없음(NULL),,B형,1,0.7692
2026-02-01,일·공휴일,03,항동중학교입구3R-남(북향),없음(NULL),,A형 가능,0,0.0000
2026-02-01,일·공휴일,03,항동중학교입구3R-북(남향),없음(NULL),,B형,1,0.7692
2026-02-01,일·공휴일,03,항동중학교입구3R-동(서향),없음(NULL),,B형,1,0.7692
2026-02-01,일·공휴일,04,항동중학교입구3R-남(북향),없음(NULL),,A형 가능,0,0.0000
2026-02-01,일·공휴일,04,항동중학교입구3R-북(남향),없음(NULL),,B형,1,0.7692
2026-02-01,일·공휴일,04,항동중학교입구3R-동(서향),없음(NULL),,B형,1,0.7692
2026-02-01,일·공휴일,05,항동중학교입구3R-남(북향),없음(NULL),,A형 가능,0,0.0000
2026-02-01,일·공휴일,05,항동중학교입구3R-북(남향),없음(NULL),,B형,1,0.7692
2026-02-01,일·공휴일,05,항동중학교입구3R-동(서향),없음(NULL),,B형,1,0.7692
2026-02-01,일·공휴일,06,항동중학교입구3R-남(북향),없음(NULL),,A형 가능,0,0.0000
2026-02-01,일·공휴일,06,항동중학교입구3R-북(남향),없음(NULL),,B형,1,0.7692
2026-02-01,일·공휴일,06,항동중학교입구3R-동(서향),없음(NULL),,B형,1,0.7692
2026-02-01,일·공휴일,07,항동중학교입구3R-남(북향),없음(NULL),,A형 가능,0,0.0000
2026-02-01,일·공휴일,07,항동중학교입구3R-북(남향),없음(NULL),,B형,1,0.7692
2026-02-01,일·공휴일,07,항동중학교입구3R-동(서향),없음(NULL),,B형,1,0.7692
2026-02-01,일·공휴일,08,항동중학교입구3R-남(북향),없음(NULL),,A형 가능,0,0.0000
2026-02-01,일·공휴일,08,항동중학교입구3R-북(남향),없음(NULL),,B형,1,0.7692
2026-02-01,일·공휴일,08,항동중학교입구3R-동(서향),없음(NULL),,B형,1,0.7692
2026-02-01,일·공휴일,09,항동중학교입구3R-남(북향),없음(NULL),,A형 가능,0,0.0000
2026-02-01,일·공휴일,09,항동중학교입구3R-북(남향),없음(NULL),,B형,1,0.7692
2026-02-01,일·공휴일,09,항동중학교입구3R-동(서향),없음(NULL),,B형,1,0.7692
2026-02-01,일·공휴일,10,항동중학교입구3R-남(북향),없음(NULL),,A형 가능,0,0.1250
2026-02-01,일·공휴일,10,항동중학교입구3R-북(남향),없음(NULL),,B형,1,0.7692
2026-02-01,일·공휴일,10,항동중학교입구3R-동(서향),없음(NULL),,B형,1,0.7692
2026-02-01,일·공휴일,11,항동중학교입구3R-남(북향),없음(NULL),,A형 가능,0,0.1250
2026-02-01,일·공휴일,11,항동중학교입구3R-북(남향),없음(NULL),,B형,1,0.7692
2026-02-01,일·공휴일,11,항동중학교입구3R-동(서향),없음(NULL),,B형,1,0.7692
2026-02-01,일·공휴일,12,항동중학교입구3R-남(북향),없음(NULL),,A형 가능,0,0.0000
2026-02-01,일·공휴일,12,항동중학교입구3R-북(남향),없음(NULL),,B형,1,0.7692
2026-02-01,일·공휴일,12,항동중학교입구3R-동(서향),없음(NULL),,B형,1,0.7692
2026-02-01,일·공휴일,13,항동중학교입구3R-남(북향),없음(NULL),,A형 가능,0,0.0000
2026-02-01,일·공휴일,13,항동중학교입구3R-북(남향),없음(NULL),,B형,1,0.7692
2026-02-01,일·공휴일,13,항동중학교입구3R-동(서향),없음(NULL),,B형,1,0.7692
2026-02-01,일·공휴일,14,항동중학교입구3R-남(북향),없음(NULL),,A형 가능,0,0.0000
2026-02-01,일·공휴일,14,항동중학교입구3R-북(남향),없음(NULL),,B형,2,0.6442
2026-02-01,일·공휴일,14,항동중학교입구3R-동(서향),없음(NULL),,B형,1,0.7692
2026-02-01,일·공휴일,15,항동중학교입구3R-남(북향),없음(NULL),,A형 가능,0,0.0000
2026-02-01,일·공휴일,15,항동중학교입구3R-북(남향),없음(NULL),,B형,1,0.7692
2026-02-01,일·공휴일,15,항동중학교입구3R-동(서향),없음(NULL),,B형,1,0.7692
2026-02-01,일·공휴일,16,항동중학교입구3R-남(북향),없음(NULL),,A형 가능,0,0.0000
2026-02-01,일·공휴일,16,항동중학교입구3R-북(남향),없음(NULL),,B형,1,0.7692
2026-02-01,일·공휴일,16,항동중학교입구3R-동(서향),없음(NULL),,B형,1,0.7692
2026-02-01,일·공휴일,17,항동중학교입구3R-남(북향),없음(NULL),,A형 가능,0,0.0000
2026-02-01,일·공휴일,17,항동중학교입구3R-북(남향),없음(NULL),,B형,1,0.7692
2026-02-01,일·공휴일,17,항동중학교입구3R-동(서향),없음(NULL),,B형,1,0.7692
2026-02-01,일·공휴일,18,항동중학교입구3R-남(북향),없음(NULL),,A형 가능,0,0.0000
2026-02-01,일·공휴일,18,항동중학교입구3R-북(남향),없음(NULL),,B형,1,0.7692
2026-02-01,일·공휴일,18,항동중학교입구3R-동(서향),없음(NULL),,B형,1,0.7692
2026-02-01,일·공휴일,19,항동중학교입구3R-남(북향),없음(NULL),,A형 가능,0,0.0000
2026-02-01,일·공휴일,19,항동중학교입구3R-북(남향),없음(NULL),,B형,1,0.7692
2026-02-01,일·공휴일,19,항동중학교입구3R-동(서향),없음(NULL),,B형,1,0.7692
2026-02-01,일·공휴일,20,항동중학교입구3R-남(북향),없음(NULL),,A형 가능,0,0.0000
2026-02-01,일·공휴일,20,항동중학교입구3R-북(남향),없음(NULL),,B형,1,0.7692
2026-02-01,일·공휴일,20,항동중학교입구3R-동(서향),없음(NULL),,B형,1,0.7692
2026-02-01,일·공휴일,21,항동중학교입구3R-남(북향),없음(NULL),,A형 가능,0,0.0000
2026-02-01,일·공휴일,21,항동중학교입구3R-북(남향),없음(NULL),,B형,1,0.7692
2026-02-01,일·공휴일,21,항동중학교입구3R-동(서향),없음(NULL),,B형,1,0.7692
2026-02-01,일·공휴일,22,항동중학교입구3R-남(북향),없음(NULL),,A형 가능,0,0.0000
2026-02-01,일·공휴일,22,항동중학교입구3R-북(남향),없음(NULL),,B형,1,0.7692
2026-02-01,일·공휴일,22,항동중학교입구3R-동(서향),없음(NULL),,B형,1,0.7692
2026-02-01,일·공휴일,23,항동중학교입구3R-남(북향),없음(NULL),,A형 가능,0,0.0000
2026-02-01,일·공휴일,23,항동중학교입구3R-북(남향),없음(NULL),,B형,2,0.6442
2026-02-01,일·공휴일,23,항동중학교입구3R-동(서향),없음(NULL),,B형,1,0.7692
2026-02-02,평일,00,항동중학교입구3R-남(북향),없음(NULL),,A형 가능,0,0.0244
2026-02-02,평일,00,항동중학교입구3R-북(남향),없음(NULL),,B형,2,0.6176
2026-02-02,평일,00,항동중학교입구3R-동(서향),없음(NULL),,B형,2,0.6157
2026-02-02,평일,01,항동중학교입구3R-남(북향),없음(NULL),,A형 가능,0,0.0244
2026-02-02,평일,01,항동중학교입구3R-북(남향),없음(NULL),,B형,2,0.6176
2026-02-02,평일,01,항동중학교입구3R-동(서향),없음(NULL),,B형,2,0.6157
2026-02-02,평일,02,항동중학교입구3R-남(북향),없음(NULL),,A형 가능,0,0.0244
2026-02-02,평일,02,항동중학교입구3R-북(남향),없음(NULL),,B형,2,0.6176
2026-02-02,평일,02,항동중학교입구3R-동(서향),없음(NULL),,B형,2,0.6176
2026-02-02,평일,03,항동중학교입구3R-남(북향),없음(NULL),,A형 가능,0,0.0244
2026-02-02,평일,03,항동중학교입구3R-북(남향),없음(NULL),,B형,2,0.6176
2026-02-02,평일,03,항동중학교입구3R-동(서향),없음(NULL),,B형,2,0.6214
2026-02-02,평일,04,항동중학교입구3R-남(북향),없음(NULL),,A형 가능,0,0.0244
2026-02-02,평일,04,항동중학교입구3R-북(남향),없음(NULL),,B형,2,0.6195
2026-02-02,평일,04,항동중학교입구3R-동(서향),없음(NULL),,B형,2,0.6214
2026-02-02,평일,05,항동중학교입구3R-남(북향),없음(NULL),,A형 가능,0,0.0244
2026-02-02,평일,05,항동중학교입구3R-북(남향),없음(NULL),,B형,2,0.6233
2026-02-02,평일,05,항동중학교입구3R-동(서향),없음(NULL),,B형,2,0.6195
2026-02-02,평일,06,항동중학교입구3R-남(북향),없음(NULL),,A형 가능,0,0.0244
2026-02-02,평일,06,항동중학교입구3R-북(남향),없음(NULL),,B형,2,0.6233
2026-02-02,평일,06,항동중학교입구3R-동(서향),없음(NULL),,B형,2,0.6214
2026-02-02,평일,07,항동중학교입구3R-남(북향),없음(NULL),,A형 가능,0,0.0244
2026-02-02,평일,07,항동중학교입구3R-북(남향),없음(NULL),,B형,2,0.6233
2026-02-02,평일,07,항동중학교입구3R-동(서향),없음(NULL),,B형,2,0.6214
2026-02-02,평일,08,항동중학교입구3R-남(북향),없음(NULL),,A형 가능,0,0.0244
2026-02-02,평일,08,항동중학교입구3R-북(남향),없음(NULL),,B형,2,0.6233
2026-02-02,평일,08,항동중학교입구3R-동(서향),없음(NULL),,B형,2,0.6214
2026-02-02,평일,09,항동중학교입구3R-남(북향),없음(NULL),,A형 가능,0,0.0488
2026-02-02,평일,09,항동중학교입구3R-북(남향),없음(NULL),,B형,2,0.6214
2026-02-02,평일,09,항동중학교입구3R-동(서향),없음(NULL),,B형,2,0.6195
2026-02-02,평일,10,항동중학교입구3R-남(북향),없음(NULL),,A형 가능,0,0.0488
2026-02-02,평일,10,항동중학교입구3R-북(남향),없음(NULL),,B형,2,0.6195
2026-02-02,평일,10,항동중학교입구3R-동(서향),없음(NULL),,B형,2,0.6214
2026-02-02,평일,11,항동중학교입구3R-남(북향),없음(NULL),,A형 가능,0,0.0488
2026-02-02,평일,11,항동중학교입구3R-북(남향),없음(NULL),,B형,2,0.6252
2026-02-02,평일,11,항동중학교입구3R-동(서향),없음(NULL),,B형,2,0.6252
2026-02-02,평일,12,항동중학교입구3R-남(북향),없음(NULL),,A형 가능,0,0.0244
2026-02-02,평일,12,항동중학교입구3R-북(남향),없음(NULL),,B형,2,0.6272
2026-02-02,평일,12,항동중학교입구3R-동(서향),없음(NULL),,B형,2,0.6272
2026-02-02,평일,13,항동중학교입구3R-남(북향),없음(NULL),,A형 가능,0,0.0244
2026-02-02,평일,13,항동중학교입구3R-북(남향),없음(NULL),,B형,2,0.6272
2026-02-02,평일,13,항동중학교입구3R-동(서향),없음(NULL),,B형,2,0.6272
2026-02-02,평일,14,항동중학교입구3R-남(북향),없음(NULL),,A형 가능,0,0.0244
2026-02-02,평일,14,항동중학교입구3R-북(남향),없음(NULL),,B형,2,0.6272
2026-02-02,평일,14,항동중학교입구3R-동(서향),없음(NULL),,B형,2,0.6272
2026-02-02,평일,15,항동중학교입구3R-남(북향),없음(NULL),,A형 가능,0,0.0000
2026-02-02,평일,15,항동중학교입구3R-북(남향),없음(NULL),,B형,1,0.7984
2026-02-02,평일,15,항동중학교입구3R-동(서향),없음(NULL),,B형,1,0.7984
2026-02-02,평일,16,항동중학교입구3R-남(북향),없음(NULL),,A형 가능,0,0.0000
2026-02-02,평일,16,항동중학교입구3R-북(남향),없음(NULL),,B형,1,0.7907
2026-02-02,평일,16,항동중학교입구3R-동(서향),없음(NULL),,B형,1,0.7907
2026-02-02,평일,17,항동중학교입구3R-남(북향),없음(NULL),,A형 가능,0,0.0000
2026-02-02,평일,17,항동중학교입구3R-북(남향),없음(NULL),,B형,1,0.7907
2026-02-02,평일,17,항동중학교입구3R-동(서향),없음(NULL),,B형,1,0.7907
2026-02-02,평일,18,항동중학교입구3R-남(북향),없음(NULL),,A형 가능,0,0.0000
2026-02-02,평일,18,항동중학교입구3R-북(남향),없음(NULL),,B형,1,0.7907
2026-02-02,평일,18,항동중학교입구3R-동(서향),없음(NULL),,B형,1,0.7907
2026-02-02,평일,19,항동중학교입구3R-남(북향),없음(NULL),,A형 가능,0,0.0000
2026-02-02,평일,19,항동중학교입구3R-북(남향),없음(NULL),,B형,1,0.7907
2026-02-02,평일,19,항동중학교입구3R-동(서향),없음(NULL),,B형,1,0.7907
2026-02-02,평일,20,항동중학교입구3R-남(북향),없음(NULL),,A형 가능,0,0.0000
2026-02-02,평일,20,항동중학교입구3R-북(남향),없음(NULL),,B형,1,0.7907
2026-02-02,평일,20,항동중학교입구3R-동(서향),없음(NULL),,B형,1,0.7907
2026-02-02,평일,21,항동중학교입구3R-남(북향),없음(NULL),,A형 가능,0,0.0000
2026-02-02,평일,21,항동중학교입구3R-북(남향),없음(NULL),,B형,1,0.7907
2026-02-02,평일,21,항동중학교입구3R-동(서향),없음(NULL),,B형,1,0.7907
2026-02-02,평일,22,항동중학교입구3R-남(북향),없음(NULL),,A형 가능,0,0.0244
2026-02-02,평일,22,항동중학교입구3R-북(남향),없음(NULL),,B형,1,0.7984
2026-02-02,평일,22,항동중학교입구3R-동(서향),없음(NULL),,B형,1,0.7984
2026-02-02,평일,23,항동중학교입구3R-남(북향),없음(NULL),,A형 가능,0,0.0244
2026-02-02,평일,23,항동중학교입구3R-북(남향),없음(NULL),,B형,1,0.7984
2026-02-02,평일,23,항동중학교입구3R-동(서향),없음(NULL),,B형,1,0.7984
2026-02-03,평일,00,항동중학교입구3R-남(북향),없음(NULL),,A형 가능,0,0.0244
2026-02-03,평일,00,항동중학교입구3R-북(남향),없음(NULL),,B형,2,0.6176
2026-02-03,평일,00,항동중학교입구3R-동(서향),없음(NULL),,B형,2,0.6157
2026-02-03,평일,01,항동중학교입구3R-남(북향),없음(NULL),,A형 가능,0,0.0244
2026-02-03,평일,01,항동중학교입구3R-북(남향),없음(NULL),,B형,2,0.6176
2026-02-03,평일,01,항동중학교입구3R-동(서향),없음(NULL),,B형,2,0.6157
2026-02-03,평일,02,항동중학교입구3R-남(북향),없음(NULL),,A형 가능,0,0.0244
2026-02-03,평일,02,항동중학교입구3R-북(남향),없음(NULL),,B형,2,0.6176
2026-02-03,평일,02,항동중학교입구3R-동(서향),없음(NULL),,B형,2,0.6176
2026-02-03,평일,03,항동중학교입구3R-남(북향),없음(NULL),,A형 가능,0,0.0244
2026-02-03,평일,03,항동중학교입구3R-북(남향),없음(NULL),,B형,2,0.6176
2026-02-03,평일,03,항동중학교입구3R-동(서향),없음(NULL),,B형,2,0.6214
2026-02-03,평일,04,항동중학교입구3R-남(북향),없음(NULL),,A형 가능,0,0.0244
2026-02-03,평일,04,항동중학교입구3R-북(남향),없음(NULL),,B형,2,0.6195
2026-02-03,평일,04,항동중학교입구3R-동(서향),없음(NULL),,B형,2,0.6214
2026-02-03,평일,05,항동중학교입구3R-남(북향),없음(NULL),,A형 가능,0,0.0244
2026-02-03,평일,05,항동중학교입구3R-북(남향),없음(NULL),,B형,2,0.6233
2026-02-03,평일,05,항동중학교입구3R-동(서향),없음(NULL),,B형,2,0.6195
2026-02-03,평일,06,항동중학교입구3R-남(북향),없음(NULL),,A형 가능,0,0.0244
2026-02-03,평일,06,항동중학교입구3R-북(남향),없음(NULL),,B형,2,0.6233
2026-02-03,평일,06,항동중학교입구3R-동(서향),없음(NULL),,B형,2,0.6214
2026-02-03,평일,07,항동중학교입구3R-남(북향),없음(NULL),,A형 가능,0,0.0244
2026-02-03,평일,07,항동중학교입구3R-북(남향),없음(NULL),,B형,2,0.6233
2026-02-03,평일,07,항동중학교입구3R-동(서향),없음(NULL),,B형,2,0.6214
2026-02-03,평일,08,항동중학교입구3R-남(북향),없음(NULL),,A형 가능,0,0.0244
2026-02-03,평일,08,항동중학교입구3R-북(남향),없음(NULL),,B형,2,0.6233
2026-02-03,평일,08,항동중학교입구3R-동(서향),없음(NULL),,B형,2,0.6214
2026-02-03,평일,09,항동중학교입구3R-남(북향),없음(NULL),,A형 가능,0,0.0488
2026-02-03,평일,09,항동중학교입구3R-북(남향),없음(NULL),,B형,2,0.6214
2026-02-03,평일,09,항동중학교입구3R-동(서향),없음(NULL),,B형,2,0.6195
2026-02-03,평일,10,항동중학교입구3R-남(북향),없음(NULL),,A형 가능,0,0.0488
2026-02-03,평일,10,항동중학교입구3R-북(남향),없음(NULL),,B형,2,0.6195
2026-02-03,평일,10,항동중학교입구3R-동(서향),없음(NULL),,B형,2,0.6214
2026-02-03,평일,11,항동중학교입구3R-남(북향),없음(NULL),,A형 가능,0,0.0488
2026-02-03,평일,11,항동중학교입구3R-북(남향),없음(NULL),,B형,2,0.6252
2026-02-03,평일,11,항동중학교입구3R-동(서향),없음(NULL),,B형,2,0.6252
2026-02-03,평일,12,항동중학교입구3R-남(북향),없음(NULL),,A형 가능,0,0.0244
2026-02-03,평일,12,항동중학교입구3R-북(남향),없음(NULL),,B형,2,0.6272
2026-02-03,평일,12,항동중학교입구3R-동(서향),없음(NULL),,B형,2,0.6272
2026-02-03,평일,13,항동중학교입구3R-남(북향),없음(NULL),,A형 가능,0,0.0244
2026-02-03,평일,13,항동중학교입구3R-북(남향),없음(NULL),,B형,2,0.6272
2026-02-03,평일,13,항동중학교입구3R-동(서향),없음(NULL),,B형,2,0.6272
2026-02-03,평일,14,항동중학교입구3R-남(북향),없음(NULL),,A형 가능,0,0.0244
2026-02-03,평일,14,항동중학교입구3R-북(남향),없음(NULL),,B형,2,0.6272
2026-02-03,평일,14,항동중학교입구3R-동(서향),없음(NULL),,B형,2,0.6272
2026-02-03,평일,15,항동중학교입구3R-남(북향),없음(NULL),,A형 가능,0,0.0000
2026-02-03,평일,15,항동중학교입구3R-북(남향),없음(NULL),,B형,1,0.7984
2026-02-03,평일,15,항동중학교입구3R-동(서향),없음(NULL),,B형,1,0.7984
2026-02-03,평일,16,항동중학교입구3R-남(북향),없음(NULL),,A형 가능,0,0.0000
2026-02-03,평일,16,항동중학교입구3R-북(남향),없음(NULL),,B형,1,0.7907
2026-02-03,평일,16,항동중학교입구3R-동(서향),없음(NULL),,B형,1,0.7907
2026-02-03,평일,17,항동중학교입구3R-남(북향),없음(NULL),,A형 가능,0,0.0000
2026-02-03,평일,17,항동중학교입구3R-북(남향),없음(NULL),,B형,1,0.7907
2026-02-03,평일,17,항동중학교입구3R-동(서향),없음(NULL),,B형,1,0.7907
2026-02-03,평일,18,항동중학교입구3R-남(북향),없음(NULL),,A형 가능,0,0.0000
2026-02-03,평일,18,항동중학교입구3R-북(남향),없음(NULL),,B형,1,0.7907
2026-02-03,평일,18,항동중학교입구3R-동(서향),없음(NULL),,B형,1,0.7907
2026-02-03,평일,19,항동중학교입구3R-남(북향),없음(NULL),,A형 가능,0,0.0000
2026-02-03,평일,19,항동중학교입구3R-북(남향),없음(NULL),,B형,1,0.7907
2026-02-03,평일,19,항동중학교입구3R-동(서향),없음(NULL),,B형,1,0.7907
2026-02-03,평일,20,항동중학교입구3R-남(북향),없음(NULL),,A형 가능,0,0.0000
2026-02-03,평일,20,항동중학교입구3R-북(남향),없음(NULL),,B형,1,0.7907
2026-02-03,평일,20,항동중학교입구3R-동(서향),없음(NULL),,B형,1,0.7907
2026-02-03,평일,21,항동중학교입구3R-남(북향),없음(NULL),,A형 가능,0,0.0000
2026-02-03,평일,21,항동중학교입구3R-북(남향),없음(NULL),,B형,1,0.7907
2026-02-03,평일,21,항동중학교입구3R-동(서향),없음(NULL),,B형,1,0.7907
2026-02-03,평일,22,항동중학교입구3R-남(북향),없음(NULL),,A형 가능,0,0.0244
2026-02-03,평일,22,항동중학교입구3R-북(남향),없음(NULL),,B형,1,0.7984
2026-02-03,평일,22,항동중학교입구3R-동(서향),없음(NULL),,B형,1,0.7984
2026-02-03,평일,23,항동중학교입구3R-남(북향),없음(NULL),,A형 가능,0,0.0244
2026-02-03,평일,23,항동중학교입구3R-북(남향),없음(NULL),,B형,1,0.7984
2026-02-03,평일,23,항동중학교입구3R-동(서향),없음(NULL),,B형,1,0.7984
2026-02-04,평일,00,항동중학교입구3R-남(북향),없음(NULL),,A형 가능,0,0.0244
2026-02-04,평일,00,항동중학교입구3R-북(남향),없음(NULL),,B형,2,0.6176
2026-02-04,평일,00,항동중학교입구3R-동(서향),없음(NULL),,B형,2,0.6157
2026-02-04,평일,01,항동중학교입구3R-남(북향),없음(NULL),,A형 가능,0,0.0244
2026-02-04,평일,01,항동중학교입구3R-북(남향),없음(NULL),,B형,2,0.6176
2026-02-04,평일,01,항동중학교입구3R-동(서향),없음(NULL),,B형,2,0.6157
2026-02-04,평일,02,항동중학교입구3R-남(북향),없음(NULL),,A형 가능,0,0.0244
2026-02-04,평일,02,항동중학교입구3R-북(남향),없음(NULL),,B형,2,0.6176
2026-02-04,평일,02,항동중학교입구3R-동(서향),없음(NULL),,B형,2,0.6176
2026-02-04,평일,03,항동중학교입구3R-남(북향),없음(NULL),,A형 가능,0,0.0244
2026-02-04,평일,03,항동중학교입구3R-북(남향),없음(NULL),,B형,2,0.6176
2026-02-04,평일,03,항동중학교입구3R-동(서향),없음(NULL),,B형,2,0.6214
2026-02-04,평일,04,항동중학교입구3R-남(북향),없음(NULL),,A형 가능,0,0.0244
2026-02-04,평일,04,항동중학교입구3R-북(남향),없음(NULL),,B형,2,0.6195
2026-02-04,평일,04,항동중학교입구3R-동(서향),없음(NULL),,B형,2,0.6214
2026-02-04,평일,05,항동중학교입구3R-남(북향),없음(NULL),,A형 가능,0,0.0244
2026-02-04,평일,05,항동중학교입구3R-북(남향),없음(NULL),,B형,2,0.6233
2026-02-04,평일,05,항동중학교입구3R-동(서향),없음(NULL),,B형,2,0.6195
2026-02-04,평일,06,항동중학교입구3R-남(북향),없음(NULL),,A형 가능,0,0.0244
2026-02-04,평일,06,항동중학교입구3R-북(남향),없음(NULL),,B형,2,0.6233
2026-02-04,평일,06,항동중학교입구3R-동(서향),없음(NULL),,B형,2,0.6214
2026-02-04,평일,07,항동중학교입구3R-남(북향),없음(NULL),,A형 가능,0,0.0244
2026-02-04,평일,07,항동중학교입구3R-북(남향),없음(NULL),,B형,2,0.6233
2026-02-04,평일,07,항동중학교입구3R-동(서향),없음(NULL),,B형,2,0.6214
2026-02-04,평일,08,항동중학교입구3R-남(북향),없음(NULL),,A형 가능,0,0.0244
2026-02-04,평일,08,항동중학교입구3R-북(남향),없음(NULL),,B형,2,0.6233
2026-02-04,평일,08,항동중학교입구3R-동(서향),없음(NULL),,B형,2,0.6214
2026-02-04,평일,09,항동중학교입구3R-남(북향),없음(NULL),,A형 가능,0,0.0488
2026-02-04,평일,09,항동중학교입구3R-북(남향),없음(NULL),,B형,2,0.6214
2026-02-04,평일,09,항동중학교입구3R-동(서향),없음(NULL),,B형,2,0.6195
2026-02-04,평일,10,항동중학교입구3R-남(북향),없음(NULL),,A형 가능,0,0.0488
2026-02-04,평일,10,항동중학교입구3R-북(남향),없음(NULL),,B형,2,0.6195
2026-02-04,평일,10,항동중학교입구3R-동(서향),없음(NULL),,B형,2,0.6214
2026-02-04,평일,11,항동중학교입구3R-남(북향),없음(NULL),,A형 가능,0,0.0488
2026-02-04,평일,11,항동중학교입구3R-북(남향),없음(NULL),,B형,2,0.6252
2026-02-04,평일,11,항동중학교입구3R-동(서향),없음(NULL),,B형,2,0.6252
2026-02-04,평일,12,항동중학교입구3R-남(북향),없음(NULL),,A형 가능,0,0.0244
2026-02-04,평일,12,항동중학교입구3R-북(남향),없음(NULL),,B형,2,0.6272
2026-02-04,평일,12,항동중학교입구3R-동(서향),없음(NULL),,B형,2,0.6272
2026-02-04,평일,13,항동중학교입구3R-남(북향),없음(NULL),,A형 가능,0,0.0244
2026-02-04,평일,13,항동중학교입구3R-북(남향),없음(NULL),,B형,2,0.6272
2026-02-04,평일,13,항동중학교입구3R-동(서향),없음(NULL),,B형,2,0.6272
2026-02-04,평일,14,항동중학교입구3R-남(북향),없음(NULL),,A형 가능,0,0.0244
2026-02-04,평일,14,항동중학교입구3R-북(남향),없음(NULL),,B형,2,0.6272
2026-02-04,평일,14,항동중학교입구3R-동(서향),없음(NULL),,B형,2,0.6272
2026-02-04,평일,15,항동중학교입구3R-남(북향),없음(NULL),,A형 가능,0,0.0000
2026-02-04,평일,15,항동중학교입구3R-북(남향),없음(NULL),,B형,1,0.7984
2026-02-04,평일,15,항동중학교입구3R-동(서향),없음(NULL),,B형,1,0.7984
2026-02-04,평일,16,항동중학교입구3R-남(북향),없음(NULL),,A형 가능,0,0.0000
2026-02-04,평일,16,항동중학교입구3R-북(남향),없음(NULL),,B형,1,0.7907
2026-02-04,평일,16,항동중학교입구3R-동(서향),없음(NULL),,B형,1,0.7907
2026-02-04,평일,17,항동중학교입구3R-남(북향),없음(NULL),,A형 가능,0,0.0000
2026-02-04,평일,17,항동중학교입구3R-북(남향),없음(NULL),,B형,1,0.7907
2026-02-04,평일,17,항동중학교입구3R-동(서향),없음(NULL),,B형,1,0.7907
2026-02-04,평일,18,항동중학교입구3R-남(북향),없음(NULL),,A형 가능,0,0.0000
2026-02-04,평일,18,항동중학교입구3R-북(남향),없음(NULL),,B형,1,0.7907
2026-02-04,평일,18,항동중학교입구3R-동(서향),없음(NULL),,B형,1,0.7907
2026-02-04,평일,19,항동중학교입구3R-남(북향),없음(NULL),,A형 가능,0,0.0000
2026-02-04,평일,19,항동중학교입구3R-북(남향),없음(NULL),,B형,1,0.7907
2026-02-04,평일,19,항동중학교입구3R-동(서향),없음(NULL),,B형,1,0.7907
2026-02-04,평일,20,항동중학교입구3R-남(북향),없음(NULL),,A형 가능,0,0.0000
2026-02-04,평일,20,항동중학교입구3R-북(남향),없음(NULL),,B형,1,0.7907
2026-02-04,평일,20,항동중학교입구3R-동(서향),없음(NULL),,B형,1,0.7907
2026-02-04,평일,21,항동중학교입구3R-남(북향),없음(NULL),,A형 가능,0,0.0000
2026-02-04,평일,21,항동중학교입구3R-북(남향),없음(NULL),,B형,1,0.7907
2026-02-04,평일,21,항동중학교입구3R-동(서향),없음(NULL),,B형,1,0.7907
2026-02-04,평일,22,항동중학교입구3R-남(북향),없음(NULL),,A형 가능,0,0.0244
2026-02-04,평일,22,항동중학교입구3R-북(남향),없음(NULL),,B형,1,0.7984
2026-02-04,평일,22,항동중학교입구3R-동(서향),없음(NULL),,B형,1,0.7984
2026-02-04,평일,23,항동중학교입구3R-남(북향),없음(NULL),,A형 가능,0,0.0244
2026-02-04,평일,23,항동중학교입구3R-북(남향),없음(NULL),,B형,1,0.7984
2026-02-04,평일,23,항동중학교입구3R-동(서향),없음(NULL),,B형,1,0.7984
2026-02-05,평일,00,항동중학교입구3R-남(북향),없음(NULL),,A형 가능,0,0.0244
2026-02-05,평일,00,항동중학교입구3R-북(남향),없음(NULL),,B형,2,0.6176
2026-02-05,평일,00,항동중학교입구3R-동(서향),없음(NULL),,B형,2,0.6157
2026-02-05,평일,01,항동중학교입구3R-남(북향),없음(NULL),,A형 가능,0,0.0244
2026-02-05,평일,01,항동중학교입구3R-북(남향),없음(NULL),,B형,2,0.6176
2026-02-05,평일,01,항동중학교입구3R-동(서향),없음(NULL),,B형,2,0.6157
2026-02-05,평일,02,항동중학교입구3R-남(북향),없음(NULL),,A형 가능,0,0.0244
2026-02-05,평일,02,항동중학교입구3R-북(남향),없음(NULL),,B형,2,0.6176
2026-02-05,평일,02,항동중학교입구3R-동(서향),없음(NULL),,B형,2,0.6176
2026-02-05,평일,03,항동중학교입구3R-남(북향),없음(NULL),,A형 가능,0,0.0244
2026-02-05,평일,03,항동중학교입구3R-북(남향),없음(NULL),,B형,2,0.6176
2026-02-05,평일,03,항동중학교입구3R-동(서향),없음(NULL),,B형,2,0.6214
2026-02-05,평일,04,항동중학교입구3R-남(북향),없음(NULL),,A형 가능,0,0.0244
2026-02-05,평일,04,항동중학교입구3R-북(남향),없음(NULL),,B형,2,0.6195
2026-02-05,평일,04,항동중학교입구3R-동(서향),없음(NULL),,B형,2,0.6214
2026-02-05,평일,05,항동중학교입구3R-남(북향),없음(NULL),,A형 가능,0,0.0244
2026-02-05,평일,05,항동중학교입구3R-북(남향),없음(NULL),,B형,2,0.6233
2026-02-05,평일,05,항동중학교입구3R-동(서향),없음(NULL),,B형,2,0.6195
2026-02-05,평일,06,항동중학교입구3R-남(북향),없음(NULL),,A형 가능,0,0.0244
2026-02-05,평일,06,항동중학교입구3R-북(남향),없음(NULL),,B형,2,0.6233
2026-02-05,평일,06,항동중학교입구3R-동(서향),없음(NULL),,B형,2,0.6214
2026-02-05,평일,07,항동중학교입구3R-남(북향),없음(NULL),,A형 가능,0,0.0244
2026-02-05,평일,07,항동중학교입구3R-북(남향),없음(NULL),,B형,2,0.6233
2026-02-05,평일,07,항동중학교입구3R-동(서향),없음(NULL),,B형,2,0.6214
2026-02-05,평일,08,항동중학교입구3R-남(북향),없음(NULL),,A형 가능,0,0.0244
2026-02-05,평일,08,항동중학교입구3R-북(남향),없음(NULL),,B형,2,0.6233
2026-02-05,평일,08,항동중학교입구3R-동(서향),없음(NULL),,B형,2,0.6214
2026-02-05,평일,09,항동중학교입구3R-남(북향),없음(NULL),,A형 가능,0,0.0488
2026-02-05,평일,09,항동중학교입구3R-북(남향),없음(NULL),,B형,2,0.6214
2026-02-05,평일,09,항동중학교입구3R-동(서향),없음(NULL),,B형,2,0.6195
2026-02-05,평일,10,항동중학교입구3R-남(북향),없음(NULL),,A형 가능,0,0.0488
2026-02-05,평일,10,항동중학교입구3R-북(남향),없음(NULL),,B형,2,0.6195
2026-02-05,평일,10,항동중학교입구3R-동(서향),없음(NULL),,B형,2,0.6214
2026-02-05,평일,11,항동중학교입구3R-남(북향),없음(NULL),,A형 가능,0,0.0488
2026-02-05,평일,11,항동중학교입구3R-북(남향),없음(NULL),,B형,2,0.6252
2026-02-05,평일,11,항동중학교입구3R-동(서향),없음(NULL),,B형,2,0.6252
2026-02-05,평일,12,항동중학교입구3R-남(북향),없음(NULL),,A형 가능,0,0.0244
2026-02-05,평일,12,항동중학교입구3R-북(남향),없음(NULL),,B형,2,0.6272
2026-02-05,평일,12,항동중학교입구3R-동(서향),없음(NULL),,B형,2,0.6272
2026-02-05,평일,13,항동중학교입구3R-남(북향),없음(NULL),,A형 가능,0,0.0244
2026-02-05,평일,13,항동중학교입구3R-북(남향),없음(NULL),,B형,2,0.6272
2026-02-05,평일,13,항동중학교입구3R-동(서향),없음(NULL),,B형,2,0.6272
2026-02-05,평일,14,항동중학교입구3R-남(북향),없음(NULL),,A형 가능,0,0.0244
2026-02-05,평일,14,항동중학교입구3R-북(남향),없음(NULL),,B형,2,0.6272
2026-02-05,평일,14,항동중학교입구3R-동(서향),없음(NULL),,B형,2,0.6272
2026-02-05,평일,15,항동중학교입구3R-남(북향),없음(NULL),,A형 가능,0,0.0000
2026-02-05,평일,15,항동중학교입구3R-북(남향),없음(NULL),,B형,1,0.7984
2026-02-05,평일,15,항동중학교입구3R-동(서향),없음(NULL),,B형,1,0.7984
2026-02-05,평일,16,항동중학교입구3R-남(북향),없음(NULL),,A형 가능,0,0.0000
2026-02-05,평일,16,항동중학교입구3R-북(남향),없음(NULL),,B형,1,0.7907
2026-02-05,평일,16,항동중학교입구3R-동(서향),없음(NULL),,B형,1,0.7907
2026-02-05,평일,17,항동중학교입구3R-남(북향),없음(NULL),,A형 가능,0,0.0000
2026-02-05,평일,17,항동중학교입구3R-북(남향),없음(NULL),,B형,1,0.7907
2026-02-05,평일,17,항동중학교입구3R-동(서향),없음(NULL),,B형,1,0.7907
2026-02-05,평일,18,항동중학교입구3R-남(북향),없음(NULL),,A형 가능,0,0.0000
2026-02-05,평일,18,항동중학교입구3R-북(남향),없음(NULL),,B형,1,0.7907
2026-02-05,평일,18,항동중학교입구3R-동(서향),없음(NULL),,B형,1,0.7907
2026-02-05,평일,19,항동중학교입구3R-남(북향),없음(NULL),,A형 가능,0,0.0000
2026-02-05,평일,19,항동중학교입구3R-북(남향),없음(NULL),,B형,1,0.7907
2026-02-05,평일,19,항동중학교입구3R-동(서향),없음(NULL),,B형,1,0.7907
2026-02-05,평일,20,항동중학교입구3R-남(북향),없음(NULL),,A형 가능,0,0.0000
2026-02-05,평일,20,항동중학교입구3R-북(남향),없음(NULL),,B형,1,0.7907
2026-02-05,평일,20,항동중학교입구3R-동(서향),없음(NULL),,B형,1,0.7907
2026-02-05,평일,21,항동중학교입구3R-남(북향),없음(NULL),,A형 가능,0,0.0000
2026-02-05,평일,21,항동중학교입구3R-북(남향),없음(NULL),,B형,1,0.7907
2026-02-05,평일,21,항동중학교입구3R-동(서향),없음(NULL),,B형,1,0.7907
2026-02-05,평일,22,항동중학교입구3R-남(북향),없음(NULL),,A형 가능,0,0.0244
2026-02-05,평일,22,항동중학교입구3R-북(남향),없음(NULL),,B형,1,0.7984
2026-02-05,평일,22,항동중학교입구3R-동(서향),없음(NULL),,B형,1,0.7984
2026-02-05,평일,23,항동중학교입구3R-남(북향),없음(NULL),,A형 가능,0,0.0244
2026-02-05,평일,23,항동중학교입구3R-북(남향),없음(NULL),,B형,1,0.7984
2026-02-05,평일,23,항동중학교입구3R-동(서향),없음(NULL),,B형,1,0.7984
2026-02-06,평일,00,항동중학교입구3R-남(북향),없음(NULL),,A형 가능,0,0.0244
2026-02-06,평일,00,항동중학교입구3R-북(남향),없음(NULL),,B형,2,0.6176
2026-02-06,평일,00,항동중학교입구3R-동(서향),없음(NULL),,B형,2,0.6157
2026-02-06,평일,01,항동중학교입구3R-남(북향),없음(NULL),,A형 가능,0,0.0244
2026-02-06,평일,01,항동중학교입구3R-북(남향),없음(NULL),,B형,2,0.6176
2026-02-06,평일,01,항동중학교입구3R-동(서향),없음(NULL),,B형,2,0.6157
2026-02-06,평일,02,항동중학교입구3R-남(북향),없음(NULL),,A형 가능,0,0.0244
2026-02-06,평일,02,항동중학교입구3R-북(남향),없음(NULL),,B형,2,0.6176
2026-02-06,평일,02,항동중학교입구3R-동(서향),없음(NULL),,B형,2,0.6176
2026-02-06,평일,03,항동중학교입구3R-남(북향),없음(NULL),,A형 가능,0,0.0244
2026-02-06,평일,03,항동중학교입구3R-북(남향),없음(NULL),,B형,2,0.6176
2026-02-06,평일,03,항동중학교입구3R-동(서향),없음(NULL),,B형,2,0.6214
2026-02-06,평일,04,항동중학교입구3R-남(북향),없음(NULL),,A형 가능,0,0.0244
2026-02-06,평일,04,항동중학교입구3R-북(남향),없음(NULL),,B형,2,0.6195
2026-02-06,평일,04,항동중학교입구3R-동(서향),없음(NULL),,B형,2,0.6214
2026-02-06,평일,05,항동중학교입구3R-남(북향),없음(NULL),,A형 가능,0,0.0244
2026-02-06,평일,05,항동중학교입구3R-북(남향),없음(NULL),,B형,2,0.6233
2026-02-06,평일,05,항동중학교입구3R-동(서향),없음(NULL),,B형,2,0.6195
2026-02-06,평일,06,항동중학교입구3R-남(북향),없음(NULL),,A형 가능,0,0.0244
2026-02-06,평일,06,항동중학교입구3R-북(남향),없음(NULL),,B형,2,0.6233
2026-02-06,평일,06,항동중학교입구3R-동(서향),없음(NULL),,B형,2,0.6214
2026-02-06,평일,07,항동중학교입구3R-남(북향),없음(NULL),,A형 가능,0,0.0244
2026-02-06,평일,07,항동중학교입구3R-북(남향),없음(NULL),,B형,2,0.6233
2026-02-06,평일,07,항동중학교입구3R-동(서향),없음(NULL),,B형,2,0.6214
2026-02-06,평일,08,항동중학교입구3R-남(북향),없음(NULL),,A형 가능,0,0.0244
2026-02-06,평일,08,항동중학교입구3R-북(남향),없음(NULL),,B형,2,0.6233
2026-02-06,평일,08,항동중학교입구3R-동(서향),없음(NULL),,B형,2,0.6214
2026-02-06,평일,09,항동중학교입구3R-남(북향),없음(NULL),,A형 가능,0,0.0488
2026-02-06,평일,09,항동중학교입구3R-북(남향),없음(NULL),,B형,2,0.6214
2026-02-06,평일,09,항동중학교입구3R-동(서향),없음(NULL),,B형,2,0.6195
2026-02-06,평일,10,항동중학교입구3R-남(북향),없음(NULL),,A형 가능,0,0.0488
2026-02-06,평일,10,항동중학교입구3R-북(남향),없음(NULL),,B형,2,0.6195
2026-02-06,평일,10,항동중학교입구3R-동(서향),없음(NULL),,B형,2,0.6214
2026-02-06,평일,11,항동중학교입구3R-남(북향),없음(NULL),,A형 가능,0,0.0488
2026-02-06,평일,11,항동중학교입구3R-북(남향),없음(NULL),,B형,2,0.6252
2026-02-06,평일,11,항동중학교입구3R-동(서향),없음(NULL),,B형,2,0.6252
2026-02-06,평일,12,항동중학교입구3R-남(북향),없음(NULL),,A형 가능,0,0.0244
2026-02-06,평일,12,항동중학교입구3R-북(남향),없음(NULL),,B형,2,0.6272
2026-02-06,평일,12,항동중학교입구3R-동(서향),없음(NULL),,B형,2,0.6272
2026-02-06,평일,13,항동중학교입구3R-남(북향),없음(NULL),,A형 가능,0,0.0244
2026-02-06,평일,13,항동중학교입구3R-북(남향),없음(NULL),,B형,2,0.6272
2026-02-06,평일,13,항동중학교입구3R-동(서향),없음(NULL),,B형,2,0.6272
2026-02-06,평일,14,항동중학교입구3R-남(북향),없음(NULL),,A형 가능,0,0.0244
2026-02-06,평일,14,항동중학교입구3R-북(남향),없음(NULL),,B형,2,0.6272
2026-02-06,평일,14,항동중학교입구3R-동(서향),없음(NULL),,B형,2,0.6272
2026-02-06,평일,15,항동중학교입구3R-남(북향),없음(NULL),,A형 가능,0,0.0000
2026-02-06,평일,15,항동중학교입구3R-북(남향),없음(NULL),,B형,1,0.7984
2026-02-06,평일,15,항동중학교입구3R-동(서향),없음(NULL),,B형,1,0.7984
2026-02-06,평일,16,항동중학교입구3R-남(북향),없음(NULL),,A형 가능,0,0.0000
2026-02-06,평일,16,항동중학교입구3R-북(남향),없음(NULL),,B형,1,0.7907
2026-02-06,평일,16,항동중학교입구3R-동(서향),없음(NULL),,B형,1,0.7907
2026-02-06,평일,17,항동중학교입구3R-남(북향),없음(NULL),,A형 가능,0,0.0000
2026-02-06,평일,17,항동중학교입구3R-북(남향),없음(NULL),,B형,1,0.7907
2026-02-06,평일,17,항동중학교입구3R-동(서향),없음(NULL),,B형,1,0.7907
2026-02-06,평일,18,항동중학교입구3R-남(북향),없음(NULL),,A형 가능,0,0.0000
2026-02-06,평일,18,항동중학교입구3R-북(남향),없음(NULL),,B형,1,0.7907
2026-02-06,평일,18,항동중학교입구3R-동(서향),없음(NULL),,B형,1,0.7907
2026-02-06,평일,19,항동중학교입구3R-남(북향),없음(NULL),,A형 가능,0,0.0000
2026-02-06,평일,19,항동중학교입구3R-북(남향),없음(NULL),,B형,1,0.7907
2026-02-06,평일,19,항동중학교입구3R-동(서향),없음(NULL),,B형,1,0.7907
2026-02-06,평일,20,항동중학교입구3R-남(북향),없음(NULL),,A형 가능,0,0.0000
2026-02-06,평일,20,항동중학교입구3R-북(남향),없음(NULL),,B형,1,0.7907
2026-02-06,평일,20,항동중학교입구3R-동(서향),없음(NULL),,B형,1,0.7907
2026-02-06,평일,21,항동중학교입구3R-남(북향),없음(NULL),,A형 가능,0,0.0000
2026-02-06,평일,21,항동중학교입구3R-북(남향),없음(NULL),,B형,1,0.7907
2026-02-06,평일,21,항동중학교입구3R-동(서향),없음(NULL),,B형,1,0.7907
2026-02-06,평일,22,항동중학교입구3R-남(북향),없음(NULL),,A형 가능,0,0.0244
2026-02-06,평일,22,항동중학교입구3R-북(남향),없음(NULL),,B형,1,0.7984
2026-02-06,평일,22,항동중학교입구3R-동(서향),없음(NULL),,B형,1,0.7984
2026-02-06,평일,23,항동중학교입구3R-남(북향),없음(NULL),,A형 가능,0,0.0244
2026-02-06,평일,23,항동중학교입구3R-북(남향),없음(NULL),,B형,1,0.7984
2026-02-06,평일,23,항동중학교입구3R-동(서향),없음(NULL),,B형,1,0.7984
2026-02-07,토요일,00,항동중학교입구3R-남(북향),없음(NULL),,A형 가능,0,0.0000
2026-02-07,토요일,00,항동중학교입구3R-북(남향),없음(NULL),,B형,1,0.7692
2026-02-07,토요일,00,항동중학교입구3R-동(서향),없음(NULL),,B형,1,0.7692
2026-02-07,토요일,01,항동중학교입구3R-남(북향),없음(NULL),,A형 가능,0,0.0000
2026-02-07,토요일,01,항동중학교입구3R-북(남향),없음(NULL),,B형,1,0.7692
2026-02-07,토요일,01,항동중학교입구3R-동(서향),없음(NULL),,B형,1,0.7692
2026-02-07,토요일,02,항동중학교입구3R-남(북향),없음(NULL),,A형 가능,0,0.0000
2026-02-07,토요일,02,항동중학교입구3R-북(남향),없음(NULL),,B형,1,0.7692
2026-02-07,토요일,02,항동중학교입구3R-동(서향),없음(NULL),,B형,1,0.7692
2026-02-07,토요일,03,항동중학교입구3R-남(북향),없음(NULL),,A형 가능,0,0.0000
2026-02-07,토요일,03,항동중학교입구3R-북(남향),없음(NULL),,B형,1,0.7692
2026-02-07,토요일,03,항동중학교입구3R-동(서향),없음(NULL),,B형,1,0.7692
2026-02-07,토요일,04,항동중학교입구3R-남(북향),없음(NULL),,A형 가능,0,0.0000
2026-02-07,토요일,04,항동중학교입구3R-북(남향),없음(NULL),,B형,1,0.7692
2026-02-07,토요일,04,항동중학교입구3R-동(서향),없음(NULL),,B형,1,0.7692
2026-02-07,토요일,05,항동중학교입구3R-남(북향),없음(NULL),,A형 가능,0,0.0000
2026-02-07,토요일,05,항동중학교입구3R-북(남향),없음(NULL),,B형,1,0.7692
2026-02-07,토요일,05,항동중학교입구3R-동(서향),없음(NULL),,B형,1,0.7692
2026-02-07,토요일,06,항동중학교입구3R-남(북향),없음(NULL),,A형 가능,0,0.0000
2026-02-07,토요일,06,항동중학교입구3R-북(남향),없음(NULL),,B형,1,0.7692
2026-02-07,토요일,06,항동중학교입구3R-동(서향),없음(NULL),,B형,2,0.6250
2026-02-07,토요일,07,항동중학교입구3R-남(북향),없음(NULL),,A형 가능,0,0.0000
2026-02-07,토요일,07,항동중학교입구3R-북(남향),없음(NULL),,B형,1,0.7692
2026-02-07,토요일,07,항동중학교입구3R-동(서향),없음(NULL),,B형,1,0.7692
2026-02-07,토요일,08,항동중학교입구3R-남(북향),없음(NULL),,A형 가능,0,0.0000
2026-02-07,토요일,08,항동중학교입구3R-북(남향),없음(NULL),,B형,1,0.7692
2026-02-07,토요일,08,항동중학교입구3R-동(서향),없음(NULL),,B형,1,0.7692
2026-02-07,토요일,09,항동중학교입구3R-남(북향),없음(NULL),,A형 가능,0,0.0000
2026-02-07,토요일,09,항동중학교입구3R-북(남향),없음(NULL),,B형,2,0.6250
2026-02-07,토요일,09,항동중학교입구3R-동(서향),없음(NULL),,B형,2,0.6250
2026-02-07,토요일,10,항동중학교입구3R-남(북향),없음(NULL),,A형 가능,0,0.0000
2026-02-07,토요일,10,항동중학교입구3R-북(남향),없음(NULL),,B형,1,0.7692
2026-02-07,토요일,10,항동중학교입구3R-동(서향),없음(NULL),,B형,1,0.7692
2026-02-07,토요일,11,항동중학교입구3R-남(북향),없음(NULL),,A형 가능,0,0.0000
2026-02-07,토요일,11,항동중학교입구3R-북(남향),없음(NULL),,B형,1,0.7692
2026-02-07,토요일,11,항동중학교입구3R-동(서향),없음(NULL),,B형,1,0.7692
2026-02-07,토요일,12,항동중학교입구3R-남(북향),없음(NULL),,A형 가능,0,0.0000
2026-02-07,토요일,12,항동중학교입구3R-북(남향),없음(NULL),,B형,1,0.7692
2026-02-07,토요일,12,항동중학교입구3R-동(서향),없음(NULL),,B형,1,0.7692
2026-02-07,토요일,13,항동중학교입구3R-남(북향),없음(NULL),,A형 가능,0,0.0000
2026-02-07,토요일,13,항동중학교입구3R-북(남향),없음(NULL),,B형,1,0.7692
2026-02-07,토요일,13,항동중학교입구3R-동(서향),없음(NULL),,B형,1,0.7692
2026-02-07,토요일,14,항동중학교입구3R-남(북향),없음(NULL),,A형 가능,0,0.0000
2026-02-07,토요일,14,항동중학교입구3R-북(남향),없음(NULL),,B형,1,0.7692
2026-02-07,토요일,14,항동중학교입구3R-동(서향),없음(NULL),,B형,1,0.7692
2026-02-07,토요일,15,항동중학교입구3R-남(북향),없음(NULL),,A형 가능,0,0.0000
2026-02-07,토요일,15,항동중학교입구3R-북(남향),없음(NULL),,B형,1,0.7692
2026-02-07,토요일,15,항동중학교입구3R-동(서향),없음(NULL),,B형,1,0.7692
2026-02-07,토요일,16,항동중학교입구3R-남(북향),없음(NULL),,A형 가능,0,0.0000
2026-02-07,토요일,16,항동중학교입구3R-북(남향),없음(NULL),,B형,1,0.7692
2026-02-07,토요일,16,항동중학교입구3R-동(서향),없음(NULL),,B형,1,0.7692
2026-02-07,토요일,17,항동중학교입구3R-남(북향),없음(NULL),,A형 가능,0,0.0000
2026-02-07,토요일,17,항동중학교입구3R-북(남향),없음(NULL),,B형,1,0.7692
2026-02-07,토요일,17,항동중학교입구3R-동(서향),없음(NULL),,B형,1,0.7692
2026-02-07,토요일,18,항동중학교입구3R-남(북향),없음(NULL),,A형 가능,0,0.0000
2026-02-07,토요일,18,항동중학교입구3R-북(남향),없음(NULL),,B형,1,0.7692
2026-02-07,토요일,18,항동중학교입구3R-동(서향),없음(NULL),,B형,1,0.7692
2026-02-07,토요일,19,항동중학교입구3R-남(북향),없음(NULL),,A형 가능,0,0.0000
2026-02-07,토요일,19,항동중학교입구3R-북(남향),없음(NULL),,B형,1,0.7692
2026-02-07,토요일,19,항동중학교입구3R-동(서향),없음(NULL),,B형,1,0.7692
2026-02-07,토요일,20,항동중학교입구3R-남(북향),없음(NULL),,A형 가능,0,0.0000
2026-02-07,토요일,20,항동중학교입구3R-북(남향),없음(NULL),,B형,2,0.6442
2026-02-07,토요일,20,항동중학교입구3R-동(서향),없음(NULL),,B형,1,0.7692
2026-02-07,토요일,21,항동중학교입구3R-남(북향),없음(NULL),,A형 가능,0,0.0000
2026-02-07,토요일,21,항동중학교입구3R-북(남향),없음(NULL),,B형,2,0.6442
2026-02-07,토요일,21,항동중학교입구3R-동(서향),없음(NULL),,B형,1,0.7692
2026-02-07,토요일,22,항동중학교입구3R-남(북향),없음(NULL),,A형 가능,0,0.0000
2026-02-07,토요일,22,항동중학교입구3R-북(남향),없음(NULL),,B형,1,0.7692
2026-02-07,토요일,22,항동중학교입구3R-동(서향),없음(NULL),,B형,1,0.7692
2026-02-07,토요일,23,항동중학교입구3R-남(북향),없음(NULL),,A형 가능,0,0.0000
2026-02-07,토요일,23,항동중학교입구3R-북(남향),없음(NULL),,B형,2,0.6538
2026-02-07,토요일,23,항동중학교입구3R-동(서향),없음(NULL),,B형,1,0.7692
2026-02-08,일·공휴일,00,항동중학교입구3R-남(북향),없음(NULL),,A형 가능,0,0.0000
2026-02-08,일·공휴일,00,항동중학교입구3R-북(남향),없음(NULL),,B형,1,0.7692
2026-02-08,일·공휴일,00,항동중학교입구3R-동(서향),없음(NULL),,B형,1,0.7692
2026-02-08,일·공휴일,01,항동중학교입구3R-남(북향),없음(NULL),,A형 가능,0,0.0000
2026-02-08,일·공휴일,01,항동중학교입구3R-북(남향),없음(NULL),,B형,1,0.7692
2026-02-08,일·공휴일,01,항동중학교입구3R-동(서향),없음(NULL),,B형,1,0.7692
2026-02-08,일·공휴일,02,항동중학교입구3R-남(북향),없음(NULL),,A형 가능,0,0.0000
2026-02-08,일·공휴일,02,항동중학교입구3R-북(남향),없음(NULL),,B형,1,0.7692
2026-02-08,일·공휴일,02,항동중학교입구3R-동(서향),없음(NULL),,B형,1,0.7692
2026-02-08,일·공휴일,03,항동중학교입구3R-남(북향),없음(NULL),,A형 가능,0,0.0000
2026-02-08,일·공휴일,03,항동중학교입구3R-북(남향),없음(NULL),,B형,1,0.7692
2026-02-08,일·공휴일,03,항동중학교입구3R-동(서향),없음(NULL),,B형,1,0.7692
2026-02-08,일·공휴일,04,항동중학교입구3R-남(북향),없음(NULL),,A형 가능,0,0.0000
2026-02-08,일·공휴일,04,항동중학교입구3R-북(남향),없음(NULL),,B형,1,0.7692
2026-02-08,일·공휴일,04,항동중학교입구3R-동(서향),없음(NULL),,B형,1,0.7692
2026-02-08,일·공휴일,05,항동중학교입구3R-남(북향),없음(NULL),,A형 가능,0,0.0000
2026-02-08,일·공휴일,05,항동중학교입구3R-북(남향),없음(NULL),,B형,1,0.7692
2026-02-08,일·공휴일,05,항동중학교입구3R-동(서향),없음(NULL),,B형,1,0.7692
2026-02-08,일·공휴일,06,항동중학교입구3R-남(북향),없음(NULL),,A형 가능,0,0.0000
2026-02-08,일·공휴일,06,항동중학교입구3R-북(남향),없음(NULL),,B형,1,0.7692
2026-02-08,일·공휴일,06,항동중학교입구3R-동(서향),없음(NULL),,B형,1,0.7692
2026-02-08,일·공휴일,07,항동중학교입구3R-남(북향),없음(NULL),,A형 가능,0,0.0000
2026-02-08,일·공휴일,07,항동중학교입구3R-북(남향),없음(NULL),,B형,1,0.7692
2026-02-08,일·공휴일,07,항동중학교입구3R-동(서향),없음(NULL),,B형,1,0.7692
2026-02-08,일·공휴일,08,항동중학교입구3R-남(북향),없음(NULL),,A형 가능,0,0.0000
2026-02-08,일·공휴일,08,항동중학교입구3R-북(남향),없음(NULL),,B형,1,0.7692
2026-02-08,일·공휴일,08,항동중학교입구3R-동(서향),없음(NULL),,B형,1,0.7692
2026-02-08,일·공휴일,09,항동중학교입구3R-남(북향),없음(NULL),,A형 가능,0,0.0000
2026-02-08,일·공휴일,09,항동중학교입구3R-북(남향),없음(NULL),,B형,1,0.7692
2026-02-08,일·공휴일,09,항동중학교입구3R-동(서향),없음(NULL),,B형,1,0.7692
2026-02-08,일·공휴일,10,항동중학교입구3R-남(북향),없음(NULL),,A형 가능,0,0.1250
2026-02-08,일·공휴일,10,항동중학교입구3R-북(남향),없음(NULL),,B형,1,0.7692
2026-02-08,일·공휴일,10,항동중학교입구3R-동(서향),없음(NULL),,B형,1,0.7692
2026-02-08,일·공휴일,11,항동중학교입구3R-남(북향),없음(NULL),,A형 가능,0,0.1250
2026-02-08,일·공휴일,11,항동중학교입구3R-북(남향),없음(NULL),,B형,1,0.7692
2026-02-08,일·공휴일,11,항동중학교입구3R-동(서향),없음(NULL),,B형,1,0.7692
2026-02-08,일·공휴일,12,항동중학교입구3R-남(북향),없음(NULL),,A형 가능,0,0.0000
2026-02-08,일·공휴일,12,항동중학교입구3R-북(남향),없음(NULL),,B형,1,0.7692
2026-02-08,일·공휴일,12,항동중학교입구3R-동(서향),없음(NULL),,B형,1,0.7692
2026-02-08,일·공휴일,13,항동중학교입구3R-남(북향),없음(NULL),,A형 가능,0,0.0000
2026-02-08,일·공휴일,13,항동중학교입구3R-북(남향),없음(NULL),,B형,1,0.7692
2026-02-08,일·공휴일,13,항동중학교입구3R-동(서향),없음(NULL),,B형,1,0.7692
2026-02-08,일·공휴일,14,항동중학교입구3R-남(북향),없음(NULL),,A형 가능,0,0.0000
2026-02-08,일·공휴일,14,항동중학교입구3R-북(남향),없음(NULL),,B형,2,0.6442
2026-02-08,일·공휴일,14,항동중학교입구3R-동(서향),없음(NULL),,B형,1,0.7692
2026-02-08,일·공휴일,15,항동중학교입구3R-남(북향),없음(NULL),,A형 가능,0,0.0000
2026-02-08,일·공휴일,15,항동중학교입구3R-북(남향),없음(NULL),,B형,1,0.7692
2026-02-08,일·공휴일,15,항동중학교입구3R-동(서향),없음(NULL),,B형,1,0.7692
2026-02-08,일·공휴일,16,항동중학교입구3R-남(북향),없음(NULL),,A형 가능,0,0.0000
2026-02-08,일·공휴일,16,항동중학교입구3R-북(남향),없음(NULL),,B형,1,0.7692
2026-02-08,일·공휴일,16,항동중학교입구3R-동(서향),없음(NULL),,B형,1,0.7692
2026-02-08,일·공휴일,17,항동중학교입구3R-남(북향),없음(NULL),,A형 가능,0,0.0000
2026-02-08,일·공휴일,17,항동중학교입구3R-북(남향),없음(NULL),,B형,1,0.7692
2026-02-08,일·공휴일,17,항동중학교입구3R-동(서향),없음(NULL),,B형,1,0.7692
2026-02-08,일·공휴일,18,항동중학교입구3R-남(북향),없음(NULL),,A형 가능,0,0.0000
2026-02-08,일·공휴일,18,항동중학교입구3R-북(남향),없음(NULL),,B형,1,0.7692
2026-02-08,일·공휴일,18,항동중학교입구3R-동(서향),없음(NULL),,B형,1,0.7692
2026-02-08,일·공휴일,19,항동중학교입구3R-남(북향),없음(NULL),,A형 가능,0,0.0000
2026-02-08,일·공휴일,19,항동중학교입구3R-북(남향),없음(NULL),,B형,1,0.7692
2026-02-08,일·공휴일,19,항동중학교입구3R-동(서향),없음(NULL),,B형,1,0.7692
2026-02-08,일·공휴일,20,항동중학교입구3R-남(북향),없음(NULL),,A형 가능,0,0.0000
2026-02-08,일·공휴일,20,항동중학교입구3R-북(남향),없음(NULL),,B형,1,0.7692
2026-02-08,일·공휴일,20,항동중학교입구3R-동(서향),없음(NULL),,B형,1,0.7692
2026-02-08,일·공휴일,21,항동중학교입구3R-남(북향),없음(NULL),,A형 가능,0,0.0000
2026-02-08,일·공휴일,21,항동중학교입구3R-북(남향),없음(NULL),,B형,1,0.7692
2026-02-08,일·공휴일,21,항동중학교입구3R-동(서향),없음(NULL),,B형,1,0.7692
2026-02-08,일·공휴일,22,항동중학교입구3R-남(북향),없음(NULL),,A형 가능,0,0.0000
2026-02-08,일·공휴일,22,항동중학교입구3R-북(남향),없음(NULL),,B형,1,0.7692
2026-02-08,일·공휴일,22,항동중학교입구3R-동(서향),없음(NULL),,B형,1,0.7692
2026-02-08,일·공휴일,23,항동중학교입구3R-남(북향),없음(NULL),,A형 가능,0,0.0000
2026-02-08,일·공휴일,23,항동중학교입구3R-북(남향),없음(NULL),,B형,2,0.6442
2026-02-08,일·공휴일,23,항동중학교입구3R-동(서향),없음(NULL),,B형,1,0.7692
2026-02-09,평일,00,항동중학교입구3R-남(북향),없음(NULL),,A형 가능,0,0.0244
2026-02-09,평일,00,항동중학교입구3R-북(남향),없음(NULL),,B형,2,0.6176
2026-02-09,평일,00,항동중학교입구3R-동(서향),없음(NULL),,B형,2,0.6157
2026-02-09,평일,01,항동중학교입구3R-남(북향),없음(NULL),,A형 가능,0,0.0244
2026-02-09,평일,01,항동중학교입구3R-북(남향),없음(NULL),,B형,2,0.6176
2026-02-09,평일,01,항동중학교입구3R-동(서향),없음(NULL),,B형,2,0.6157
2026-02-09,평일,02,항동중학교입구3R-남(북향),없음(NULL),,A형 가능,0,0.0244
2026-02-09,평일,02,항동중학교입구3R-북(남향),없음(NULL),,B형,2,0.6176
2026-02-09,평일,02,항동중학교입구3R-동(서향),없음(NULL),,B형,2,0.6176
2026-02-09,평일,03,항동중학교입구3R-남(북향),없음(NULL),,A형 가능,0,0.0244
2026-02-09,평일,03,항동중학교입구3R-북(남향),없음(NULL),,B형,2,0.6176
2026-02-09,평일,03,항동중학교입구3R-동(서향),없음(NULL),,B형,2,0.6214
2026-02-09,평일,04,항동중학교입구3R-남(북향),없음(NULL),,A형 가능,0,0.0244
2026-02-09,평일,04,항동중학교입구3R-북(남향),없음(NULL),,B형,2,0.6195
2026-02-09,평일,04,항동중학교입구3R-동(서향),없음(NULL),,B형,2,0.6214
2026-02-09,평일,05,항동중학교입구3R-남(북향),없음(NULL),,A형 가능,0,0.0244
2026-02-09,평일,05,항동중학교입구3R-북(남향),없음(NULL),,B형,2,0.6233
2026-02-09,평일,05,항동중학교입구3R-동(서향),없음(NULL),,B형,2,0.6195
2026-02-09,평일,06,항동중학교입구3R-남(북향),없음(NULL),,A형 가능,0,0.0244
2026-02-09,평일,06,항동중학교입구3R-북(남향),없음(NULL),,B형,2,0.6233
2026-02-09,평일,06,항동중학교입구3R-동(서향),없음(NULL),,B형,2,0.6214
2026-02-09,평일,07,항동중학교입구3R-남(북향),없음(NULL),,A형 가능,0,0.0244
2026-02-09,평일,07,항동중학교입구3R-북(남향),없음(NULL),,B형,2,0.6233
2026-02-09,평일,07,항동중학교입구3R-동(서향),없음(NULL),,B형,2,0.6214
2026-02-09,평일,08,항동중학교입구3R-남(북향),없음(NULL),,A형 가능,0,0.0244
2026-02-09,평일,08,항동중학교입구3R-북(남향),없음(NULL),,B형,2,0.6233
2026-02-09,평일,08,항동중학교입구3R-동(서향),없음(NULL),,B형,2,0.6214
2026-02-09,평일,09,항동중학교입구3R-남(북향),없음(NULL),,A형 가능,0,0.0488
2026-02-09,평일,09,항동중학교입구3R-북(남향),없음(NULL),,B형,2,0.6214
2026-02-09,평일,09,항동중학교입구3R-동(서향),없음(NULL),,B형,2,0.6195
2026-02-09,평일,10,항동중학교입구3R-남(북향),없음(NULL),,A형 가능,0,0.0488
2026-02-09,평일,10,항동중학교입구3R-북(남향),없음(NULL),,B형,2,0.6195
2026-02-09,평일,10,항동중학교입구3R-동(서향),없음(NULL),,B형,2,0.6214
2026-02-09,평일,11,항동중학교입구3R-남(북향),없음(NULL),,A형 가능,0,0.0488
2026-02-09,평일,11,항동중학교입구3R-북(남향),없음(NULL),,B형,2,0.6252
2026-02-09,평일,11,항동중학교입구3R-동(서향),없음(NULL),,B형,2,0.6252
2026-02-09,평일,12,항동중학교입구3R-남(북향),없음(NULL),,A형 가능,0,0.0244
2026-02-09,평일,12,항동중학교입구3R-북(남향),없음(NULL),,B형,2,0.6272
2026-02-09,평일,12,항동중학교입구3R-동(서향),없음(NULL),,B형,2,0.6272
2026-02-09,평일,13,항동중학교입구3R-남(북향),없음(NULL),,A형 가능,0,0.0244
2026-02-09,평일,13,항동중학교입구3R-북(남향),없음(NULL),,B형,2,0.6272
2026-02-09,평일,13,항동중학교입구3R-동(서향),없음(NULL),,B형,2,0.6272
2026-02-09,평일,14,항동중학교입구3R-남(북향),없음(NULL),,A형 가능,0,0.0244
2026-02-09,평일,14,항동중학교입구3R-북(남향),없음(NULL),,B형,2,0.6272
2026-02-09,평일,14,항동중학교입구3R-동(서향),없음(NULL),,B형,2,0.6272
2026-02-09,평일,15,항동중학교입구3R-남(북향),없음(NULL),,A형 가능,0,0.0000
2026-02-09,평일,15,항동중학교입구3R-북(남향),없음(NULL),,B형,1,0.7984
2026-02-09,평일,15,항동중학교입구3R-동(서향),없음(NULL),,B형,1,0.7984
2026-02-09,평일,16,항동중학교입구3R-남(북향),없음(NULL),,A형 가능,0,0.0000
2026-02-09,평일,16,항동중학교입구3R-북(남향),없음(NULL),,B형,1,0.7907
2026-02-09,평일,16,항동중학교입구3R-동(서향),없음(NULL),,B형,1,0.7907
2026-02-09,평일,17,항동중학교입구3R-남(북향),없음(NULL),,A형 가능,0,0.0000
2026-02-09,평일,17,항동중학교입구3R-북(남향),없음(NULL),,B형,1,0.7907
2026-02-09,평일,17,항동중학교입구3R-동(서향),없음(NULL),,B형,1,0.7907
2026-02-09,평일,18,항동중학교입구3R-남(북향),없음(NULL),,A형 가능,0,0.0000
2026-02-09,평일,18,항동중학교입구3R-북(남향),없음(NULL),,B형,1,0.7907
2026-02-09,평일,18,항동중학교입구3R-동(서향),없음(NULL),,B형,1,0.7907
2026-02-09,평일,19,항동중학교입구3R-남(북향),없음(NULL),,A형 가능,0,0.0000
2026-02-09,평일,19,항동중학교입구3R-북(남향),없음(NULL),,B형,1,0.7907
2026-02-09,평일,19,항동중학교입구3R-동(서향),없음(NULL),,B형,1,0.7907
2026-02-09,평일,20,항동중학교입구3R-남(북향),없음(NULL),,A형 가능,0,0.0000
2026-02-09,평일,20,항동중학교입구3R-북(남향),없음(NULL),,B형,1,0.7907
2026-02-09,평일,20,항동중학교입구3R-동(서향),없음(NULL),,B형,1,0.7907
2026-02-09,평일,21,항동중학교입구3R-남(북향),없음(NULL),,A형 가능,0,0.0000
2026-02-09,평일,21,항동중학교입구3R-북(남향),없음(NULL),,B형,1,0.7907
2026-02-09,평일,21,항동중학교입구3R-동(서향),없음(NULL),,B형,1,0.7907
2026-02-09,평일,22,항동중학교입구3R-남(북향),없음(NULL),,A형 가능,0,0.0244
2026-02-09,평일,22,항동중학교입구3R-북(남향),없음(NULL),,B형,1,0.7984
2026-02-09,평일,22,항동중학교입구3R-동(서향),없음(NULL),,B형,1,0.7984
2026-02-09,평일,23,항동중학교입구3R-남(북향),없음(NULL),,A형 가능,0,0.0244
2026-02-09,평일,23,항동중학교입구3R-북(남향),없음(NULL),,B형,1,0.7984
2026-02-09,평일,23,항동중학교입구3R-동(서향),없음(NULL),,B형,1,0.7984
2026-02-10,평일,00,항동중학교입구3R-남(북향),없음(NULL),,A형 가능,0,0.0244
2026-02-10,평일,00,항동중학교입구3R-북(남향),없음(NULL),,B형,2,0.6176
2026-02-10,평일,00,항동중학교입구3R-동(서향),없음(NULL),,B형,2,0.6157
2026-02-10,평일,01,항동중학교입구3R-남(북향),없음(NULL),,A형 가능,0,0.0244
2026-02-10,평일,01,항동중학교입구3R-북(남향),없음(NULL),,B형,2,0.6176
2026-02-10,평일,01,항동중학교입구3R-동(서향),없음(NULL),,B형,2,0.6157
2026-02-10,평일,02,항동중학교입구3R-남(북향),없음(NULL),,A형 가능,0,0.0244
2026-02-10,평일,02,항동중학교입구3R-북(남향),없음(NULL),,B형,2,0.6176
2026-02-10,평일,02,항동중학교입구3R-동(서향),없음(NULL),,B형,2,0.6176
2026-02-10,평일,03,항동중학교입구3R-남(북향),없음(NULL),,A형 가능,0,0.0244
2026-02-10,평일,03,항동중학교입구3R-북(남향),없음(NULL),,B형,2,0.6176
2026-02-10,평일,03,항동중학교입구3R-동(서향),없음(NULL),,B형,2,0.6214
2026-02-10,평일,04,항동중학교입구3R-남(북향),없음(NULL),,A형 가능,0,0.0244
2026-02-10,평일,04,항동중학교입구3R-북(남향),없음(NULL),,B형,2,0.6195
2026-02-10,평일,04,항동중학교입구3R-동(서향),없음(NULL),,B형,2,0.6214
2026-02-10,평일,05,항동중학교입구3R-남(북향),없음(NULL),,A형 가능,0,0.0244
2026-02-10,평일,05,항동중학교입구3R-북(남향),없음(NULL),,B형,2,0.6233
2026-02-10,평일,05,항동중학교입구3R-동(서향),없음(NULL),,B형,2,0.6195
2026-02-10,평일,06,항동중학교입구3R-남(북향),없음(NULL),,A형 가능,0,0.0244
2026-02-10,평일,06,항동중학교입구3R-북(남향),없음(NULL),,B형,2,0.6233
2026-02-10,평일,06,항동중학교입구3R-동(서향),없음(NULL),,B형,2,0.6214
2026-02-10,평일,07,항동중학교입구3R-남(북향),없음(NULL),,A형 가능,0,0.0244
2026-02-10,평일,07,항동중학교입구3R-북(남향),없음(NULL),,B형,2,0.6233
2026-02-10,평일,07,항동중학교입구3R-동(서향),없음(NULL),,B형,2,0.6214
2026-02-10,평일,08,항동중학교입구3R-남(북향),없음(NULL),,A형 가능,0,0.0244
2026-02-10,평일,08,항동중학교입구3R-북(남향),없음(NULL),,B형,2,0.6233
2026-02-10,평일,08,항동중학교입구3R-동(서향),없음(NULL),,B형,2,0.6214
2026-02-10,평일,09,항동중학교입구3R-남(북향),없음(NULL),,A형 가능,0,0.0488
2026-02-10,평일,09,항동중학교입구3R-북(남향),없음(NULL),,B형,2,0.6214
2026-02-10,평일,09,항동중학교입구3R-동(서향),없음(NULL),,B형,2,0.6195
2026-02-10,평일,10,항동중학교입구3R-남(북향),없음(NULL),,A형 가능,0,0.0488
2026-02-10,평일,10,항동중학교입구3R-북(남향),없음(NULL),,B형,2,0.6195
2026-02-10,평일,10,항동중학교입구3R-동(서향),없음(NULL),,B형,2,0.6214
2026-02-10,평일,11,항동중학교입구3R-남(북향),없음(NULL),,A형 가능,0,0.0488
2026-02-10,평일,11,항동중학교입구3R-북(남향),없음(NULL),,B형,2,0.6252
2026-02-10,평일,11,항동중학교입구3R-동(서향),없음(NULL),,B형,2,0.6252
2026-02-10,평일,12,항동중학교입구3R-남(북향),없음(NULL),,A형 가능,0,0.0244
2026-02-10,평일,12,항동중학교입구3R-북(남향),없음(NULL),,B형,2,0.6272
2026-02-10,평일,12,항동중학교입구3R-동(서향),없음(NULL),,B형,2,0.6272
2026-02-10,평일,13,항동중학교입구3R-남(북향),없음(NULL),,A형 가능,0,0.0244
2026-02-10,평일,13,항동중학교입구3R-북(남향),없음(NULL),,B형,2,0.6272
2026-02-10,평일,13,항동중학교입구3R-동(서향),없음(NULL),,B형,2,0.6272
2026-02-10,평일,14,항동중학교입구3R-남(북향),없음(NULL),,A형 가능,0,0.0244
2026-02-10,평일,14,항동중학교입구3R-북(남향),없음(NULL),,B형,2,0.6272
2026-02-10,평일,14,항동중학교입구3R-동(서향),없음(NULL),,B형,2,0.6272
2026-02-10,평일,15,항동중학교입구3R-남(북향),없음(NULL),,A형 가능,0,0.0000
2026-02-10,평일,15,항동중학교입구3R-북(남향),없음(NULL),,B형,1,0.7984
2026-02-10,평일,15,항동중학교입구3R-동(서향),없음(NULL),,B형,1,0.7984
2026-02-10,평일,16,항동중학교입구3R-남(북향),없음(NULL),,A형 가능,0,0.0000
2026-02-10,평일,16,항동중학교입구3R-북(남향),없음(NULL),,B형,1,0.7907
2026-02-10,평일,16,항동중학교입구3R-동(서향),없음(NULL),,B형,1,0.7907
2026-02-10,평일,17,항동중학교입구3R-남(북향),없음(NULL),,A형 가능,0,0.0000
2026-02-10,평일,17,항동중학교입구3R-북(남향),없음(NULL),,B형,1,0.7907
2026-02-10,평일,17,항동중학교입구3R-동(서향),없음(NULL),,B형,1,0.7907
2026-02-10,평일,18,항동중학교입구3R-남(북향),없음(NULL),,A형 가능,0,0.0000
2026-02-10,평일,18,항동중학교입구3R-북(남향),없음(NULL),,B형,1,0.7907
2026-02-10,평일,18,항동중학교입구3R-동(서향),없음(NULL),,B형,1,0.7907
2026-02-10,평일,19,항동중학교입구3R-남(북향),없음(NULL),,A형 가능,0,0.0000
2026-02-10,평일,19,항동중학교입구3R-북(남향),없음(NULL),,B형,1,0.7907
2026-02-10,평일,19,항동중학교입구3R-동(서향),없음(NULL),,B형,1,0.7907
2026-02-10,평일,20,항동중학교입구3R-남(북향),없음(NULL),,A형 가능,0,0.0000
2026-02-10,평일,20,항동중학교입구3R-북(남향),없음(NULL),,B형,1,0.7907
2026-02-10,평일,20,항동중학교입구3R-동(서향),없음(NULL),,B형,1,0.7907
2026-02-10,평일,21,항동중학교입구3R-남(북향),없음(NULL),,A형 가능,0,0.0000
2026-02-10,평일,21,항동중학교입구3R-북(남향),없음(NULL),,B형,1,0.7907
2026-02-10,평일,21,항동중학교입구3R-동(서향),없음(NULL),,B형,1,0.7907
2026-02-10,평일,22,항동중학교입구3R-남(북향),없음(NULL),,A형 가능,0,0.0244
2026-02-10,평일,22,항동중학교입구3R-북(남향),없음(NULL),,B형,1,0.7984
2026-02-10,평일,22,항동중학교입구3R-동(서향),없음(NULL),,B형,1,0.7984
2026-02-10,평일,23,항동중학교입구3R-남(북향),없음(NULL),,A형 가능,0,0.0244
2026-02-10,평일,23,항동중학교입구3R-북(남향),없음(NULL),,B형,1,0.7984
2026-02-10,평일,23,항동중학교입구3R-동(서향),없음(NULL),,B형,1,0.7984
2026-02-11,평일,00,항동중학교입구3R-남(북향),없음(NULL),,A형 가능,0,0.0244
2026-02-11,평일,00,항동중학교입구3R-북(남향),없음(NULL),,B형,2,0.6176
2026-02-11,평일,00,항동중학교입구3R-동(서향),없음(NULL),,B형,2,0.6157
2026-02-11,평일,01,항동중학교입구3R-남(북향),없음(NULL),,A형 가능,0,0.0244
2026-02-11,평일,01,항동중학교입구3R-북(남향),없음(NULL),,B형,2,0.6176
2026-02-11,평일,01,항동중학교입구3R-동(서향),없음(NULL),,B형,2,0.6157
2026-02-11,평일,02,항동중학교입구3R-남(북향),없음(NULL),,A형 가능,0,0.0244
2026-02-11,평일,02,항동중학교입구3R-북(남향),없음(NULL),,B형,2,0.6176
2026-02-11,평일,02,항동중학교입구3R-동(서향),없음(NULL),,B형,2,0.6176
2026-02-11,평일,03,항동중학교입구3R-남(북향),없음(NULL),,A형 가능,0,0.0244
2026-02-11,평일,03,항동중학교입구3R-북(남향),없음(NULL),,B형,2,0.6176
2026-02-11,평일,03,항동중학교입구3R-동(서향),없음(NULL),,B형,2,0.6214
2026-02-11,평일,04,항동중학교입구3R-남(북향),없음(NULL),,A형 가능,0,0.0244
2026-02-11,평일,04,항동중학교입구3R-북(남향),없음(NULL),,B형,2,0.6195
2026-02-11,평일,04,항동중학교입구3R-동(서향),없음(NULL),,B형,2,0.6214
2026-02-11,평일,05,항동중학교입구3R-남(북향),없음(NULL),,A형 가능,0,0.0244
2026-02-11,평일,05,항동중학교입구3R-북(남향),없음(NULL),,B형,2,0.6233
2026-02-11,평일,05,항동중학교입구3R-동(서향),없음(NULL),,B형,2,0.6195
2026-02-11,평일,06,항동중학교입구3R-남(북향),없음(NULL),,A형 가능,0,0.0244
2026-02-11,평일,06,항동중학교입구3R-북(남향),없음(NULL),,B형,2,0.6233
2026-02-11,평일,06,항동중학교입구3R-동(서향),없음(NULL),,B형,2,0.6214
2026-02-11,평일,07,항동중학교입구3R-남(북향),없음(NULL),,A형 가능,0,0.0244
2026-02-11,평일,07,항동중학교입구3R-북(남향),없음(NULL),,B형,2,0.6233
2026-02-11,평일,07,항동중학교입구3R-동(서향),없음(NULL),,B형,2,0.6214
2026-02-11,평일,08,항동중학교입구3R-남(북향),없음(NULL),,A형 가능,0,0.0244
2026-02-11,평일,08,항동중학교입구3R-북(남향),없음(NULL),,B형,2,0.6233
2026-02-11,평일,08,항동중학교입구3R-동(서향),없음(NULL),,B형,2,0.6214
2026-02-11,평일,09,항동중학교입구3R-남(북향),없음(NULL),,A형 가능,0,0.0488
2026-02-11,평일,09,항동중학교입구3R-북(남향),없음(NULL),,B형,2,0.6214
2026-02-11,평일,09,항동중학교입구3R-동(서향),없음(NULL),,B형,2,0.6195
2026-02-11,평일,10,항동중학교입구3R-남(북향),없음(NULL),,A형 가능,0,0.0488
2026-02-11,평일,10,항동중학교입구3R-북(남향),없음(NULL),,B형,2,0.6195
2026-02-11,평일,10,항동중학교입구3R-동(서향),없음(NULL),,B형,2,0.6214
2026-02-11,평일,11,항동중학교입구3R-남(북향),없음(NULL),,A형 가능,0,0.0488
2026-02-11,평일,11,항동중학교입구3R-북(남향),없음(NULL),,B형,2,0.6252
2026-02-11,평일,11,항동중학교입구3R-동(서향),없음(NULL),,B형,2,0.6252
2026-02-11,평일,12,항동중학교입구3R-남(북향),없음(NULL),,A형 가능,0,0.0244
2026-02-11,평일,12,항동중학교입구3R-북(남향),없음(NULL),,B형,2,0.6272
2026-02-11,평일,12,항동중학교입구3R-동(서향),없음(NULL),,B형,2,0.6272
2026-02-11,평일,13,항동중학교입구3R-남(북향),없음(NULL),,A형 가능,0,0.0244
2026-02-11,평일,13,항동중학교입구3R-북(남향),없음(NULL),,B형,2,0.6272
2026-02-11,평일,13,항동중학교입구3R-동(서향),없음(NULL),,B형,2,0.6272
2026-02-11,평일,14,항동중학교입구3R-남(북향),없음(NULL),,A형 가능,0,0.0244
2026-02-11,평일,14,항동중학교입구3R-북(남향),없음(NULL),,B형,2,0.6272
2026-02-11,평일,14,항동중학교입구3R-동(서향),없음(NULL),,B형,2,0.6272
2026-02-11,평일,15,항동중학교입구3R-남(북향),없음(NULL),,A형 가능,0,0.0000
2026-02-11,평일,15,항동중학교입구3R-북(남향),없음(NULL),,B형,1,0.7984
2026-02-11,평일,15,항동중학교입구3R-동(서향),없음(NULL),,B형,1,0.7984
2026-02-11,평일,16,항동중학교입구3R-남(북향),없음(NULL),,A형 가능,0,0.0000
2026-02-11,평일,16,항동중학교입구3R-북(남향),없음(NULL),,B형,1,0.7907
2026-02-11,평일,16,항동중학교입구3R-동(서향),없음(NULL),,B형,1,0.7907
2026-02-11,평일,17,항동중학교입구3R-남(북향),없음(NULL),,A형 가능,0,0.0000
2026-02-11,평일,17,항동중학교입구3R-북(남향),없음(NULL),,B형,1,0.7907
2026-02-11,평일,17,항동중학교입구3R-동(서향),없음(NULL),,B형,1,0.7907
2026-02-11,평일,18,항동중학교입구3R-남(북향),없음(NULL),,A형 가능,0,0.0000
2026-02-11,평일,18,항동중학교입구3R-북(남향),없음(NULL),,B형,1,0.7907
2026-02-11,평일,18,항동중학교입구3R-동(서향),없음(NULL),,B형,1,0.7907
2026-02-11,평일,19,항동중학교입구3R-남(북향),없음(NULL),,A형 가능,0,0.0000
2026-02-11,평일,19,항동중학교입구3R-북(남향),없음(NULL),,B형,1,0.7907
2026-02-11,평일,19,항동중학교입구3R-동(서향),없음(NULL),,B형,1,0.7907
2026-02-11,평일,20,항동중학교입구3R-남(북향),없음(NULL),,A형 가능,0,0.0000
2026-02-11,평일,20,항동중학교입구3R-북(남향),없음(NULL),,B형,1,0.7907
2026-02-11,평일,20,항동중학교입구3R-동(서향),없음(NULL),,B형,1,0.7907
2026-02-11,평일,21,항동중학교입구3R-남(북향),없음(NULL),,A형 가능,0,0.0000
2026-02-11,평일,21,항동중학교입구3R-북(남향),없음(NULL),,B형,1,0.7907
2026-02-11,평일,21,항동중학교입구3R-동(서향),없음(NULL),,B형,1,0.7907
2026-02-11,평일,22,항동중학교입구3R-남(북향),없음(NULL),,A형 가능,0,0.0244
2026-02-11,평일,22,항동중학교입구3R-북(남향),없음(NULL),,B형,1,0.7984
2026-02-11,평일,22,항동중학교입구3R-동(서향),없음(NULL),,B형,1,0.7984
2026-02-11,평일,23,항동중학교입구3R-남(북향),없음(NULL),,A형 가능,0,0.0244
2026-02-11,평일,23,항동중학교입구3R-북(남향),없음(NULL),,B형,1,0.7984
2026-02-11,평일,23,항동중학교입구3R-동(서향),없음(NULL),,B형,1,0.7984
2026-02-12,평일,00,항동중학교입구3R-남(북향),없음(NULL),,A형 가능,0,0.0244
2026-02-12,평일,00,항동중학교입구3R-북(남향),없음(NULL),,B형,2,0.6176
2026-02-12,평일,00,항동중학교입구3R-동(서향),없음(NULL),,B형,2,0.6157
2026-02-12,평일,01,항동중학교입구3R-남(북향),없음(NULL),,A형 가능,0,0.0244
2026-02-12,평일,01,항동중학교입구3R-북(남향),없음(NULL),,B형,2,0.6176
2026-02-12,평일,01,항동중학교입구3R-동(서향),없음(NULL),,B형,2,0.6157
2026-02-12,평일,02,항동중학교입구3R-남(북향),없음(NULL),,A형 가능,0,0.0244
2026-02-12,평일,02,항동중학교입구3R-북(남향),없음(NULL),,B형,2,0.6176
2026-02-12,평일,02,항동중학교입구3R-동(서향),없음(NULL),,B형,2,0.6176
2026-02-12,평일,03,항동중학교입구3R-남(북향),없음(NULL),,A형 가능,0,0.0244
2026-02-12,평일,03,항동중학교입구3R-북(남향),없음(NULL),,B형,2,0.6176
2026-02-12,평일,03,항동중학교입구3R-동(서향),없음(NULL),,B형,2,0.6214
2026-02-12,평일,04,항동중학교입구3R-남(북향),없음(NULL),,A형 가능,0,0.0244
2026-02-12,평일,04,항동중학교입구3R-북(남향),없음(NULL),,B형,2,0.6195
2026-02-12,평일,04,항동중학교입구3R-동(서향),없음(NULL),,B형,2,0.6214
2026-02-12,평일,05,항동중학교입구3R-남(북향),없음(NULL),,A형 가능,0,0.0244
2026-02-12,평일,05,항동중학교입구3R-북(남향),없음(NULL),,B형,2,0.6233
2026-02-12,평일,05,항동중학교입구3R-동(서향),없음(NULL),,B형,2,0.6195
2026-02-12,평일,06,항동중학교입구3R-남(북향),없음(NULL),,A형 가능,0,0.0244
2026-02-12,평일,06,항동중학교입구3R-북(남향),없음(NULL),,B형,2,0.6233
2026-02-12,평일,06,항동중학교입구3R-동(서향),없음(NULL),,B형,2,0.6214
2026-02-12,평일,07,항동중학교입구3R-남(북향),없음(NULL),,A형 가능,0,0.0244
2026-02-12,평일,07,항동중학교입구3R-북(남향),없음(NULL),,B형,2,0.6233
2026-02-12,평일,07,항동중학교입구3R-동(서향),없음(NULL),,B형,2,0.6214
2026-02-12,평일,08,항동중학교입구3R-남(북향),없음(NULL),,A형 가능,0,0.0244
2026-02-12,평일,08,항동중학교입구3R-북(남향),없음(NULL),,B형,2,0.6233
2026-02-12,평일,08,항동중학교입구3R-동(서향),없음(NULL),,B형,2,0.6214
2026-02-12,평일,09,항동중학교입구3R-남(북향),없음(NULL),,A형 가능,0,0.0488
2026-02-12,평일,09,항동중학교입구3R-북(남향),없음(NULL),,B형,2,0.6214
2026-02-12,평일,09,항동중학교입구3R-동(서향),없음(NULL),,B형,2,0.6195
2026-02-12,평일,10,항동중학교입구3R-남(북향),없음(NULL),,A형 가능,0,0.0488
2026-02-12,평일,10,항동중학교입구3R-북(남향),없음(NULL),,B형,2,0.6195
2026-02-12,평일,10,항동중학교입구3R-동(서향),없음(NULL),,B형,2,0.6214
2026-02-12,평일,11,항동중학교입구3R-남(북향),없음(NULL),,A형 가능,0,0.0488
2026-02-12,평일,11,항동중학교입구3R-북(남향),없음(NULL),,B형,2,0.6252
2026-02-12,평일,11,항동중학교입구3R-동(서향),없음(NULL),,B형,2,0.6252
2026-02-12,평일,12,항동중학교입구3R-남(북향),없음(NULL),,A형 가능,0,0.0244
2026-02-12,평일,12,항동중학교입구3R-북(남향),없음(NULL),,B형,2,0.6272
2026-02-12,평일,12,항동중학교입구3R-동(서향),없음(NULL),,B형,2,0.6272
2026-02-12,평일,13,항동중학교입구3R-남(북향),없음(NULL),,A형 가능,0,0.0244
2026-02-12,평일,13,항동중학교입구3R-북(남향),없음(NULL),,B형,2,0.6272
2026-02-12,평일,13,항동중학교입구3R-동(서향),없음(NULL),,B형,2,0.6272
2026-02-12,평일,14,항동중학교입구3R-남(북향),없음(NULL),,A형 가능,0,0.0244
2026-02-12,평일,14,항동중학교입구3R-북(남향),없음(NULL),,B형,2,0.6272
2026-02-12,평일,14,항동중학교입구3R-동(서향),없음(NULL),,B형,2,0.6272
2026-02-12,평일,15,항동중학교입구3R-남(북향),없음(NULL),,A형 가능,0,0.0000
2026-02-12,평일,15,항동중학교입구3R-북(남향),없음(NULL),,B형,1,0.7984
2026-02-12,평일,15,항동중학교입구3R-동(서향),없음(NULL),,B형,1,0.7984
2026-02-12,평일,16,항동중학교입구3R-남(북향),없음(NULL),,A형 가능,0,0.0000
2026-02-12,평일,16,항동중학교입구3R-북(남향),없음(NULL),,B형,1,0.7907
2026-02-12,평일,16,항동중학교입구3R-동(서향),없음(NULL),,B형,1,0.7907
2026-02-12,평일,17,항동중학교입구3R-남(북향),없음(NULL),,A형 가능,0,0.0000
2026-02-12,평일,17,항동중학교입구3R-북(남향),없음(NULL),,B형,1,0.7907
2026-02-12,평일,17,항동중학교입구3R-동(서향),없음(NULL),,B형,1,0.7907
2026-02-12,평일,18,항동중학교입구3R-남(북향),없음(NULL),,A형 가능,0,0.0000
2026-02-12,평일,18,항동중학교입구3R-북(남향),없음(NULL),,B형,1,0.7907
2026-02-12,평일,18,항동중학교입구3R-동(서향),없음(NULL),,B형,1,0.7907
2026-02-12,평일,19,항동중학교입구3R-남(북향),없음(NULL),,A형 가능,0,0.0000
2026-02-12,평일,19,항동중학교입구3R-북(남향),없음(NULL),,B형,1,0.7907
2026-02-12,평일,19,항동중학교입구3R-동(서향),없음(NULL),,B형,1,0.7907
2026-02-12,평일,20,항동중학교입구3R-남(북향),없음(NULL),,A형 가능,0,0.0000
2026-02-12,평일,20,항동중학교입구3R-북(남향),없음(NULL),,B형,1,0.7907
2026-02-12,평일,20,항동중학교입구3R-동(서향),없음(NULL),,B형,1,0.7907
2026-02-12,평일,21,항동중학교입구3R-남(북향),없음(NULL),,A형 가능,0,0.0000
2026-02-12,평일,21,항동중학교입구3R-북(남향),없음(NULL),,B형,1,0.7907
2026-02-12,평일,21,항동중학교입구3R-동(서향),없음(NULL),,B형,1,0.7907
2026-02-12,평일,22,항동중학교입구3R-남(북향),없음(NULL),,A형 가능,0,0.0244
2026-02-12,평일,22,항동중학교입구3R-북(남향),없음(NULL),,B형,1,0.7984
2026-02-12,평일,22,항동중학교입구3R-동(서향),없음(NULL),,B형,1,0.7984
2026-02-12,평일,23,항동중학교입구3R-남(북향),없음(NULL),,A형 가능,0,0.0244
2026-02-12,평일,23,항동중학교입구3R-북(남향),없음(NULL),,B형,1,0.7984
2026-02-12,평일,23,항동중학교입구3R-동(서향),없음(NULL),,B형,1,0.7984
2026-02-13,평일,00,항동중학교입구3R-남(북향),없음(NULL),,A형 가능,0,0.0244
2026-02-13,평일,00,항동중학교입구3R-북(남향),없음(NULL),,B형,2,0.6176
2026-02-13,평일,00,항동중학교입구3R-동(서향),없음(NULL),,B형,2,0.6157
2026-02-13,평일,01,항동중학교입구3R-남(북향),없음(NULL),,A형 가능,0,0.0244
2026-02-13,평일,01,항동중학교입구3R-북(남향),없음(NULL),,B형,2,0.6176
2026-02-13,평일,01,항동중학교입구3R-동(서향),없음(NULL),,B형,2,0.6157
2026-02-13,평일,02,항동중학교입구3R-남(북향),없음(NULL),,A형 가능,0,0.0244
2026-02-13,평일,02,항동중학교입구3R-북(남향),없음(NULL),,B형,2,0.6176
2026-02-13,평일,02,항동중학교입구3R-동(서향),없음(NULL),,B형,2,0.6176
2026-02-13,평일,03,항동중학교입구3R-남(북향),없음(NULL),,A형 가능,0,0.0244
2026-02-13,평일,03,항동중학교입구3R-북(남향),없음(NULL),,B형,2,0.6176
2026-02-13,평일,03,항동중학교입구3R-동(서향),없음(NULL),,B형,2,0.6214
2026-02-13,평일,04,항동중학교입구3R-남(북향),없음(NULL),,A형 가능,0,0.0244
2026-02-13,평일,04,항동중학교입구3R-북(남향),없음(NULL),,B형,2,0.6195
2026-02-13,평일,04,항동중학교입구3R-동(서향),없음(NULL),,B형,2,0.6214
2026-02-13,평일,05,항동중학교입구3R-남(북향),없음(NULL),,A형 가능,0,0.0244
2026-02-13,평일,05,항동중학교입구3R-북(남향),없음(NULL),,B형,2,0.6233
2026-02-13,평일,05,항동중학교입구3R-동(서향),없음(NULL),,B형,2,0.6195
2026-02-13,평일,06,항동중학교입구3R-남(북향),없음(NULL),,A형 가능,0,0.0244
2026-02-13,평일,06,항동중학교입구3R-북(남향),없음(NULL),,B형,2,0.6233
2026-02-13,평일,06,항동중학교입구3R-동(서향),없음(NULL),,B형,2,0.6214
2026-02-13,평일,07,항동중학교입구3R-남(북향),없음(NULL),,A형 가능,0,0.0244
2026-02-13,평일,07,항동중학교입구3R-북(남향),없음(NULL),,B형,2,0.6233
2026-02-13,평일,07,항동중학교입구3R-동(서향),없음(NULL),,B형,2,0.6214
2026-02-13,평일,08,항동중학교입구3R-남(북향),없음(NULL),,A형 가능,0,0.0244
2026-02-13,평일,08,항동중학교입구3R-북(남향),없음(NULL),,B형,2,0.6233
2026-02-13,평일,08,항동중학교입구3R-동(서향),없음(NULL),,B형,2,0.6214
2026-02-13,평일,09,항동중학교입구3R-남(북향),없음(NULL),,A형 가능,0,0.0488
2026-02-13,평일,09,항동중학교입구3R-북(남향),없음(NULL),,B형,2,0.6214
2026-02-13,평일,09,항동중학교입구3R-동(서향),없음(NULL),,B형,2,0.6195
2026-02-13,평일,10,항동중학교입구3R-남(북향),없음(NULL),,A형 가능,0,0.0488
2026-02-13,평일,10,항동중학교입구3R-북(남향),없음(NULL),,B형,2,0.6195
2026-02-13,평일,10,항동중학교입구3R-동(서향),없음(NULL),,B형,2,0.6214
2026-02-13,평일,11,항동중학교입구3R-남(북향),없음(NULL),,A형 가능,0,0.0488
2026-02-13,평일,11,항동중학교입구3R-북(남향),없음(NULL),,B형,2,0.6252
2026-02-13,평일,11,항동중학교입구3R-동(서향),없음(NULL),,B형,2,0.6252
2026-02-13,평일,12,항동중학교입구3R-남(북향),없음(NULL),,A형 가능,0,0.0244
2026-02-13,평일,12,항동중학교입구3R-북(남향),없음(NULL),,B형,2,0.6272
2026-02-13,평일,12,항동중학교입구3R-동(서향),없음(NULL),,B형,2,0.6272
2026-02-13,평일,13,항동중학교입구3R-남(북향),없음(NULL),,A형 가능,0,0.0244
2026-02-13,평일,13,항동중학교입구3R-북(남향),없음(NULL),,B형,2,0.6272
2026-02-13,평일,13,항동중학교입구3R-동(서향),없음(NULL),,B형,2,0.6272
2026-02-13,평일,14,항동중학교입구3R-남(북향),없음(NULL),,A형 가능,0,0.0244
2026-02-13,평일,14,항동중학교입구3R-북(남향),없음(NULL),,B형,2,0.6272
2026-02-13,평일,14,항동중학교입구3R-동(서향),없음(NULL),,B형,2,0.6272
2026-02-13,평일,15,항동중학교입구3R-남(북향),없음(NULL),,A형 가능,0,0.0000
2026-02-13,평일,15,항동중학교입구3R-북(남향),없음(NULL),,B형,1,0.7984
2026-02-13,평일,15,항동중학교입구3R-동(서향),없음(NULL),,B형,1,0.7984
2026-02-13,평일,16,항동중학교입구3R-남(북향),없음(NULL),,A형 가능,0,0.0000
2026-02-13,평일,16,항동중학교입구3R-북(남향),없음(NULL),,B형,1,0.7907
2026-02-13,평일,16,항동중학교입구3R-동(서향),없음(NULL),,B형,1,0.7907
2026-02-13,평일,17,항동중학교입구3R-남(북향),없음(NULL),,A형 가능,0,0.0000
2026-02-13,평일,17,항동중학교입구3R-북(남향),없음(NULL),,B형,1,0.7907
2026-02-13,평일,17,항동중학교입구3R-동(서향),없음(NULL),,B형,1,0.7907
2026-02-13,평일,18,항동중학교입구3R-남(북향),없음(NULL),,A형 가능,0,0.0000
2026-02-13,평일,18,항동중학교입구3R-북(남향),없음(NULL),,B형,1,0.7907
2026-02-13,평일,18,항동중학교입구3R-동(서향),없음(NULL),,B형,1,0.7907
2026-02-13,평일,19,항동중학교입구3R-남(북향),없음(NULL),,A형 가능,0,0.0000
2026-02-13,평일,19,항동중학교입구3R-북(남향),없음(NULL),,B형,1,0.7907
2026-02-13,평일,19,항동중학교입구3R-동(서향),없음(NULL),,B형,1,0.7907
2026-02-13,평일,20,항동중학교입구3R-남(북향),없음(NULL),,A형 가능,0,0.0000
2026-02-13,평일,20,항동중학교입구3R-북(남향),없음(NULL),,B형,1,0.7907
2026-02-13,평일,20,항동중학교입구3R-동(서향),없음(NULL),,B형,1,0.7907
2026-02-13,평일,21,항동중학교입구3R-남(북향),없음(NULL),,A형 가능,0,0.0000
2026-02-13,평일,21,항동중학교입구3R-북(남향),없음(NULL),,B형,1,0.7907
2026-02-13,평일,21,항동중학교입구3R-동(서향),없음(NULL),,B형,1,0.7907
2026-02-13,평일,22,항동중학교입구3R-남(북향),없음(NULL),,A형 가능,0,0.0244
2026-02-13,평일,22,항동중학교입구3R-북(남향),없음(NULL),,B형,1,0.7984
2026-02-13,평일,22,항동중학교입구3R-동(서향),없음(NULL),,B형,1,0.7984
2026-02-13,평일,23,항동중학교입구3R-남(북향),없음(NULL),,A형 가능,0,0.0244
2026-02-13,평일,23,항동중학교입구3R-북(남향),없음(NULL),,B형,1,0.7984
2026-02-13,평일,23,항동중학교입구3R-동(서향),없음(NULL),,B형,1,0.7984
2026-02-14,토요일,00,항동중학교입구3R-남(북향),없음(NULL),,A형 가능,0,0.0000
2026-02-14,토요일,00,항동중학교입구3R-북(남향),없음(NULL),,B형,1,0.7692
2026-02-14,토요일,00,항동중학교입구3R-동(서향),없음(NULL),,B형,1,0.7692
2026-02-14,토요일,01,항동중학교입구3R-남(북향),없음(NULL),,A형 가능,0,0.0000
2026-02-14,토요일,01,항동중학교입구3R-북(남향),없음(NULL),,B형,1,0.7692
2026-02-14,토요일,01,항동중학교입구3R-동(서향),없음(NULL),,B형,1,0.7692
2026-02-14,토요일,02,항동중학교입구3R-남(북향),없음(NULL),,A형 가능,0,0.0000
2026-02-14,토요일,02,항동중학교입구3R-북(남향),없음(NULL),,B형,1,0.7692
2026-02-14,토요일,02,항동중학교입구3R-동(서향),없음(NULL),,B형,1,0.7692
2026-02-14,토요일,03,항동중학교입구3R-남(북향),없음(NULL),,A형 가능,0,0.0000
2026-02-14,토요일,03,항동중학교입구3R-북(남향),없음(NULL),,B형,1,0.7692
2026-02-14,토요일,03,항동중학교입구3R-동(서향),없음(NULL),,B형,1,0.7692
2026-02-14,토요일,04,항동중학교입구3R-남(북향),없음(NULL),,A형 가능,0,0.0000
2026-02-14,토요일,04,항동중학교입구3R-북(남향),없음(NULL),,B형,1,0.7692
2026-02-14,토요일,04,항동중학교입구3R-동(서향),없음(NULL),,B형,1,0.7692
2026-02-14,토요일,05,항동중학교입구3R-남(북향),없음(NULL),,A형 가능,0,0.0000
2026-02-14,토요일,05,항동중학교입구3R-북(남향),없음(NULL),,B형,1,0.7692
2026-02-14,토요일,05,항동중학교입구3R-동(서향),없음(NULL),,B형,1,0.7692
2026-02-14,토요일,06,항동중학교입구3R-남(북향),없음(NULL),,A형 가능,0,0.0000
2026-02-14,토요일,06,항동중학교입구3R-북(남향),없음(NULL),,B형,1,0.7692
2026-02-14,토요일,06,항동중학교입구3R-동(서향),없음(NULL),,B형,2,0.6250
2026-02-14,토요일,07,항동중학교입구3R-남(북향),없음(NULL),,A형 가능,0,0.0000
2026-02-14,토요일,07,항동중학교입구3R-북(남향),없음(NULL),,B형,1,0.7692
2026-02-14,토요일,07,항동중학교입구3R-동(서향),없음(NULL),,B형,1,0.7692
2026-02-14,토요일,08,항동중학교입구3R-남(북향),없음(NULL),,A형 가능,0,0.0000
2026-02-14,토요일,08,항동중학교입구3R-북(남향),없음(NULL),,B형,1,0.7692
2026-02-14,토요일,08,항동중학교입구3R-동(서향),없음(NULL),,B형,1,0.7692
2026-02-14,토요일,09,항동중학교입구3R-남(북향),없음(NULL),,A형 가능,0,0.0000
2026-02-14,토요일,09,항동중학교입구3R-북(남향),없음(NULL),,B형,2,0.6250
2026-02-14,토요일,09,항동중학교입구3R-동(서향),없음(NULL),,B형,2,0.6250
2026-02-14,토요일,10,항동중학교입구3R-남(북향),없음(NULL),,A형 가능,0,0.0000
2026-02-14,토요일,10,항동중학교입구3R-북(남향),없음(NULL),,B형,1,0.7692
2026-02-14,토요일,10,항동중학교입구3R-동(서향),없음(NULL),,B형,1,0.7692
2026-02-14,토요일,11,항동중학교입구3R-남(북향),없음(NULL),,A형 가능,0,0.0000
2026-02-14,토요일,11,항동중학교입구3R-북(남향),없음(NULL),,B형,1,0.7692
2026-02-14,토요일,11,항동중학교입구3R-동(서향),없음(NULL),,B형,1,0.7692
2026-02-14,토요일,12,항동중학교입구3R-남(북향),없음(NULL),,A형 가능,0,0.0000
2026-02-14,토요일,12,항동중학교입구3R-북(남향),없음(NULL),,B형,1,0.7692
2026-02-14,토요일,12,항동중학교입구3R-동(서향),없음(NULL),,B형,1,0.7692
2026-02-14,토요일,13,항동중학교입구3R-남(북향),없음(NULL),,A형 가능,0,0.0000
2026-02-14,토요일,13,항동중학교입구3R-북(남향),없음(NULL),,B형,1,0.7692
2026-02-14,토요일,13,항동중학교입구3R-동(서향),없음(NULL),,B형,1,0.7692
2026-02-14,토요일,14,항동중학교입구3R-남(북향),없음(NULL),,A형 가능,0,0.0000
2026-02-14,토요일,14,항동중학교입구3R-북(남향),없음(NULL),,B형,1,0.7692
2026-02-14,토요일,14,항동중학교입구3R-동(서향),없음(NULL),,B형,1,0.7692
2026-02-14,토요일,15,항동중학교입구3R-남(북향),없음(NULL),,A형 가능,0,0.0000
2026-02-14,토요일,15,항동중학교입구3R-북(남향),없음(NULL),,B형,1,0.7692
2026-02-14,토요일,15,항동중학교입구3R-동(서향),없음(NULL),,B형,1,0.7692
2026-02-14,토요일,16,항동중학교입구3R-남(북향),없음(NULL),,A형 가능,0,0.0000
2026-02-14,토요일,16,항동중학교입구3R-북(남향),없음(NULL),,B형,1,0.7692
2026-02-14,토요일,16,항동중학교입구3R-동(서향),없음(NULL),,B형,1,0.7692
2026-02-14,토요일,17,항동중학교입구3R-남(북향),없음(NULL),,A형 가능,0,0.0000
2026-02-14,토요일,17,항동중학교입구3R-북(남향),없음(NULL),,B형,1,0.7692
2026-02-14,토요일,17,항동중학교입구3R-동(서향),없음(NULL),,B형,1,0.7692
2026-02-14,토요일,18,항동중학교입구3R-남(북향),없음(NULL),,A형 가능,0,0.0000
2026-02-14,토요일,18,항동중학교입구3R-북(남향),없음(NULL),,B형,1,0.7692
2026-02-14,토요일,18,항동중학교입구3R-동(서향),없음(NULL),,B형,1,0.7692
2026-02-14,토요일,19,항동중학교입구3R-남(북향),없음(NULL),,A형 가능,0,0.0000
2026-02-14,토요일,19,항동중학교입구3R-북(남향),없음(NULL),,B형,1,0.7692
2026-02-14,토요일,19,항동중학교입구3R-동(서향),없음(NULL),,B형,1,0.7692
2026-02-14,토요일,20,항동중학교입구3R-남(북향),없음(NULL),,A형 가능,0,0.0000
2026-02-14,토요일,20,항동중학교입구3R-북(남향),없음(NULL),,B형,2,0.6442
2026-02-14,토요일,20,항동중학교입구3R-동(서향),없음(NULL),,B형,1,0.7692
2026-02-14,토요일,21,항동중학교입구3R-남(북향),없음(NULL),,A형 가능,0,0.0000
2026-02-14,토요일,21,항동중학교입구3R-북(남향),없음(NULL),,B형,2,0.6442
2026-02-14,토요일,21,항동중학교입구3R-동(서향),없음(NULL),,B형,1,0.7692
2026-02-14,토요일,22,항동중학교입구3R-남(북향),없음(NULL),,A형 가능,0,0.0000
2026-02-14,토요일,22,항동중학교입구3R-북(남향),없음(NULL),,B형,1,0.7692
2026-02-14,토요일,22,항동중학교입구3R-동(서향),없음(NULL),,B형,1,0.7692
2026-02-14,토요일,23,항동중학교입구3R-남(북향),없음(NULL),,A형 가능,0,0.0000
2026-02-14,토요일,23,항동중학교입구3R-북(남향),없음(NULL),,B형,2,0.6538
2026-02-14,토요일,23,항동중학교입구3R-동(서향),없음(NULL),,B형,1,0.7692
2026-02-15,일·공휴일,00,항동중학교입구3R-남(북향),없음(NULL),,A형 가능,0,0.0000
2026-02-15,일·공휴일,00,항동중학교입구3R-북(남향),없음(NULL),,B형,1,0.7692
2026-02-15,일·공휴일,00,항동중학교입구3R-동(서향),없음(NULL),,B형,1,0.7692
2026-02-15,일·공휴일,01,항동중학교입구3R-남(북향),없음(NULL),,A형 가능,0,0.0000
2026-02-15,일·공휴일,01,항동중학교입구3R-북(남향),없음(NULL),,B형,1,0.7692
2026-02-15,일·공휴일,01,항동중학교입구3R-동(서향),없음(NULL),,B형,1,0.7692
2026-02-15,일·공휴일,02,항동중학교입구3R-남(북향),없음(NULL),,A형 가능,0,0.0000
2026-02-15,일·공휴일,02,항동중학교입구3R-북(남향),없음(NULL),,B형,1,0.7692
2026-02-15,일·공휴일,02,항동중학교입구3R-동(서향),없음(NULL),,B형,1,0.7692
2026-02-15,일·공휴일,03,항동중학교입구3R-남(북향),없음(NULL),,A형 가능,0,0.0000
2026-02-15,일·공휴일,03,항동중학교입구3R-북(남향),없음(NULL),,B형,1,0.7692
2026-02-15,일·공휴일,03,항동중학교입구3R-동(서향),없음(NULL),,B형,1,0.7692
2026-02-15,일·공휴일,04,항동중학교입구3R-남(북향),없음(NULL),,A형 가능,0,0.0000
2026-02-15,일·공휴일,04,항동중학교입구3R-북(남향),없음(NULL),,B형,1,0.7692
2026-02-15,일·공휴일,04,항동중학교입구3R-동(서향),없음(NULL),,B형,1,0.7692
2026-02-15,일·공휴일,05,항동중학교입구3R-남(북향),없음(NULL),,A형 가능,0,0.0000
2026-02-15,일·공휴일,05,항동중학교입구3R-북(남향),없음(NULL),,B형,1,0.7692
2026-02-15,일·공휴일,05,항동중학교입구3R-동(서향),없음(NULL),,B형,1,0.7692
2026-02-15,일·공휴일,06,항동중학교입구3R-남(북향),없음(NULL),,A형 가능,0,0.0000
2026-02-15,일·공휴일,06,항동중학교입구3R-북(남향),없음(NULL),,B형,1,0.7692
2026-02-15,일·공휴일,06,항동중학교입구3R-동(서향),없음(NULL),,B형,1,0.7692
2026-02-15,일·공휴일,07,항동중학교입구3R-남(북향),없음(NULL),,A형 가능,0,0.0000
2026-02-15,일·공휴일,07,항동중학교입구3R-북(남향),없음(NULL),,B형,1,0.7692
2026-02-15,일·공휴일,07,항동중학교입구3R-동(서향),없음(NULL),,B형,1,0.7692
2026-02-15,일·공휴일,08,항동중학교입구3R-남(북향),없음(NULL),,A형 가능,0,0.0000
2026-02-15,일·공휴일,08,항동중학교입구3R-북(남향),없음(NULL),,B형,1,0.7692
2026-02-15,일·공휴일,08,항동중학교입구3R-동(서향),없음(NULL),,B형,1,0.7692
2026-02-15,일·공휴일,09,항동중학교입구3R-남(북향),없음(NULL),,A형 가능,0,0.0000
2026-02-15,일·공휴일,09,항동중학교입구3R-북(남향),없음(NULL),,B형,1,0.7692
2026-02-15,일·공휴일,09,항동중학교입구3R-동(서향),없음(NULL),,B형,1,0.7692
2026-02-15,일·공휴일,10,항동중학교입구3R-남(북향),없음(NULL),,A형 가능,0,0.1250
2026-02-15,일·공휴일,10,항동중학교입구3R-북(남향),없음(NULL),,B형,1,0.7692
2026-02-15,일·공휴일,10,항동중학교입구3R-동(서향),없음(NULL),,B형,1,0.7692
2026-02-15,일·공휴일,11,항동중학교입구3R-남(북향),없음(NULL),,A형 가능,0,0.1250
2026-02-15,일·공휴일,11,항동중학교입구3R-북(남향),없음(NULL),,B형,1,0.7692
2026-02-15,일·공휴일,11,항동중학교입구3R-동(서향),없음(NULL),,B형,1,0.7692
2026-02-15,일·공휴일,12,항동중학교입구3R-남(북향),없음(NULL),,A형 가능,0,0.0000
2026-02-15,일·공휴일,12,항동중학교입구3R-북(남향),없음(NULL),,B형,1,0.7692
2026-02-15,일·공휴일,12,항동중학교입구3R-동(서향),없음(NULL),,B형,1,0.7692
2026-02-15,일·공휴일,13,항동중학교입구3R-남(북향),없음(NULL),,A형 가능,0,0.0000
2026-02-15,일·공휴일,13,항동중학교입구3R-북(남향),없음(NULL),,B형,1,0.7692
2026-02-15,일·공휴일,13,항동중학교입구3R-동(서향),없음(NULL),,B형,1,0.7692
2026-02-15,일·공휴일,14,항동중학교입구3R-남(북향),없음(NULL),,A형 가능,0,0.0000
2026-02-15,일·공휴일,14,항동중학교입구3R-북(남향),없음(NULL),,B형,2,0.6442
2026-02-15,일·공휴일,14,항동중학교입구3R-동(서향),없음(NULL),,B형,1,0.7692
2026-02-15,일·공휴일,15,항동중학교입구3R-남(북향),없음(NULL),,A형 가능,0,0.0000
2026-02-15,일·공휴일,15,항동중학교입구3R-북(남향),없음(NULL),,B형,1,0.7692
2026-02-15,일·공휴일,15,항동중학교입구3R-동(서향),없음(NULL),,B형,1,0.7692
2026-02-15,일·공휴일,16,항동중학교입구3R-남(북향),없음(NULL),,A형 가능,0,0.0000
2026-02-15,일·공휴일,16,항동중학교입구3R-북(남향),없음(NULL),,B형,1,0.7692
2026-02-15,일·공휴일,16,항동중학교입구3R-동(서향),없음(NULL),,B형,1,0.7692
2026-02-15,일·공휴일,17,항동중학교입구3R-남(북향),없음(NULL),,A형 가능,0,0.0000
2026-02-15,일·공휴일,17,항동중학교입구3R-북(남향),없음(NULL),,B형,1,0.7692
2026-02-15,일·공휴일,17,항동중학교입구3R-동(서향),없음(NULL),,B형,1,0.7692
2026-02-15,일·공휴일,18,항동중학교입구3R-남(북향),없음(NULL),,A형 가능,0,0.0000
2026-02-15,일·공휴일,18,항동중학교입구3R-북(남향),없음(NULL),,B형,1,0.7692
2026-02-15,일·공휴일,18,항동중학교입구3R-동(서향),없음(NULL),,B형,1,0.7692
2026-02-15,일·공휴일,19,항동중학교입구3R-남(북향),없음(NULL),,A형 가능,0,0.0000
2026-02-15,일·공휴일,19,항동중학교입구3R-북(남향),없음(NULL),,B형,1,0.7692
2026-02-15,일·공휴일,19,항동중학교입구3R-동(서향),없음(NULL),,B형,1,0.7692
2026-02-15,일·공휴일,20,항동중학교입구3R-남(북향),없음(NULL),,A형 가능,0,0.0000
2026-02-15,일·공휴일,20,항동중학교입구3R-북(남향),없음(NULL),,B형,1,0.7692
2026-02-15,일·공휴일,20,항동중학교입구3R-동(서향),없음(NULL),,B형,1,0.7692
2026-02-15,일·공휴일,21,항동중학교입구3R-남(북향),없음(NULL),,A형 가능,0,0.0000
2026-02-15,일·공휴일,21,항동중학교입구3R-북(남향),없음(NULL),,B형,1,0.7692
2026-02-15,일·공휴일,21,항동중학교입구3R-동(서향),없음(NULL),,B형,1,0.7692
2026-02-15,일·공휴일,22,항동중학교입구3R-남(북향),없음(NULL),,A형 가능,0,0.0000
2026-02-15,일·공휴일,22,항동중학교입구3R-북(남향),없음(NULL),,B형,1,0.7692
2026-02-15,일·공휴일,22,항동중학교입구3R-동(서향),없음(NULL),,B형,1,0.7692
2026-02-15,일·공휴일,23,항동중학교입구3R-남(북향),없음(NULL),,A형 가능,0,0.0000
2026-02-15,일·공휴일,23,항동중학교입구3R-북(남향),없음(NULL),,B형,2,0.6442
2026-02-15,일·공휴일,23,항동중학교입구3R-동(서향),없음(NULL),,B형,1,0.7692
2026-02-16,일·공휴일,00,항동중학교입구3R-남(북향),없음(NULL),,A형 가능,0,0.0000
2026-02-16,일·공휴일,00,항동중학교입구3R-북(남향),없음(NULL),,B형,1,0.7692
2026-02-16,일·공휴일,00,항동중학교입구3R-동(서향),없음(NULL),,B형,1,0.7692
2026-02-16,일·공휴일,01,항동중학교입구3R-남(북향),없음(NULL),,A형 가능,0,0.0000
2026-02-16,일·공휴일,01,항동중학교입구3R-북(남향),없음(NULL),,B형,1,0.7692
2026-02-16,일·공휴일,01,항동중학교입구3R-동(서향),없음(NULL),,B형,1,0.7692
2026-02-16,일·공휴일,02,항동중학교입구3R-남(북향),없음(NULL),,A형 가능,0,0.0000
2026-02-16,일·공휴일,02,항동중학교입구3R-북(남향),없음(NULL),,B형,1,0.7692
2026-02-16,일·공휴일,02,항동중학교입구3R-동(서향),없음(NULL),,B형,1,0.7692
2026-02-16,일·공휴일,03,항동중학교입구3R-남(북향),없음(NULL),,A형 가능,0,0.0000
2026-02-16,일·공휴일,03,항동중학교입구3R-북(남향),없음(NULL),,B형,1,0.7692
2026-02-16,일·공휴일,03,항동중학교입구3R-동(서향),없음(NULL),,B형,1,0.7692
2026-02-16,일·공휴일,04,항동중학교입구3R-남(북향),없음(NULL),,A형 가능,0,0.0000
2026-02-16,일·공휴일,04,항동중학교입구3R-북(남향),없음(NULL),,B형,1,0.7692
2026-02-16,일·공휴일,04,항동중학교입구3R-동(서향),없음(NULL),,B형,1,0.7692
2026-02-16,일·공휴일,05,항동중학교입구3R-남(북향),없음(NULL),,A형 가능,0,0.0000
2026-02-16,일·공휴일,05,항동중학교입구3R-북(남향),없음(NULL),,B형,1,0.7692
2026-02-16,일·공휴일,05,항동중학교입구3R-동(서향),없음(NULL),,B형,1,0.7692
2026-02-16,일·공휴일,06,항동중학교입구3R-남(북향),없음(NULL),,A형 가능,0,0.0000
2026-02-16,일·공휴일,06,항동중학교입구3R-북(남향),없음(NULL),,B형,1,0.7692
2026-02-16,일·공휴일,06,항동중학교입구3R-동(서향),없음(NULL),,B형,1,0.7692
2026-02-16,일·공휴일,07,항동중학교입구3R-남(북향),없음(NULL),,A형 가능,0,0.0000
2026-02-16,일·공휴일,07,항동중학교입구3R-북(남향),없음(NULL),,B형,1,0.7692
2026-02-16,일·공휴일,07,항동중학교입구3R-동(서향),없음(NULL),,B형,1,0.7692
2026-02-16,일·공휴일,08,항동중학교입구3R-남(북향),없음(NULL),,A형 가능,0,0.0000
2026-02-16,일·공휴일,08,항동중학교입구3R-북(남향),없음(NULL),,B형,1,0.7692
2026-02-16,일·공휴일,08,항동중학교입구3R-동(서향),없음(NULL),,B형,1,0.7692
2026-02-16,일·공휴일,09,항동중학교입구3R-남(북향),없음(NULL),,A형 가능,0,0.0000
2026-02-16,일·공휴일,09,항동중학교입구3R-북(남향),없음(NULL),,B형,1,0.7692
2026-02-16,일·공휴일,09,항동중학교입구3R-동(서향),없음(NULL),,B형,1,0.7692
2026-02-16,일·공휴일,10,항동중학교입구3R-남(북향),없음(NULL),,A형 가능,0,0.1250
2026-02-16,일·공휴일,10,항동중학교입구3R-북(남향),없음(NULL),,B형,1,0.7692
2026-02-16,일·공휴일,10,항동중학교입구3R-동(서향),없음(NULL),,B형,1,0.7692
2026-02-16,일·공휴일,11,항동중학교입구3R-남(북향),없음(NULL),,A형 가능,0,0.1250
2026-02-16,일·공휴일,11,항동중학교입구3R-북(남향),없음(NULL),,B형,1,0.7692
2026-02-16,일·공휴일,11,항동중학교입구3R-동(서향),없음(NULL),,B형,1,0.7692
2026-02-16,일·공휴일,12,항동중학교입구3R-남(북향),없음(NULL),,A형 가능,0,0.0000
2026-02-16,일·공휴일,12,항동중학교입구3R-북(남향),없음(NULL),,B형,1,0.7692
2026-02-16,일·공휴일,12,항동중학교입구3R-동(서향),없음(NULL),,B형,1,0.7692
2026-02-16,일·공휴일,13,항동중학교입구3R-남(북향),없음(NULL),,A형 가능,0,0.0000
2026-02-16,일·공휴일,13,항동중학교입구3R-북(남향),없음(NULL),,B형,1,0.7692
2026-02-16,일·공휴일,13,항동중학교입구3R-동(서향),없음(NULL),,B형,1,0.7692
2026-02-16,일·공휴일,14,항동중학교입구3R-남(북향),없음(NULL),,A형 가능,0,0.0000
2026-02-16,일·공휴일,14,항동중학교입구3R-북(남향),없음(NULL),,B형,2,0.6442
2026-02-16,일·공휴일,14,항동중학교입구3R-동(서향),없음(NULL),,B형,1,0.7692
2026-02-16,일·공휴일,15,항동중학교입구3R-남(북향),없음(NULL),,A형 가능,0,0.0000
2026-02-16,일·공휴일,15,항동중학교입구3R-북(남향),없음(NULL),,B형,1,0.7692
2026-02-16,일·공휴일,15,항동중학교입구3R-동(서향),없음(NULL),,B형,1,0.7692
2026-02-16,일·공휴일,16,항동중학교입구3R-남(북향),없음(NULL),,A형 가능,0,0.0000
2026-02-16,일·공휴일,16,항동중학교입구3R-북(남향),없음(NULL),,B형,1,0.7692
2026-02-16,일·공휴일,16,항동중학교입구3R-동(서향),없음(NULL),,B형,1,0.7692
2026-02-16,일·공휴일,17,항동중학교입구3R-남(북향),없음(NULL),,A형 가능,0,0.0000
2026-02-16,일·공휴일,17,항동중학교입구3R-북(남향),없음(NULL),,B형,1,0.7692
2026-02-16,일·공휴일,17,항동중학교입구3R-동(서향),없음(NULL),,B형,1,0.7692
2026-02-16,일·공휴일,18,항동중학교입구3R-남(북향),없음(NULL),,A형 가능,0,0.0000
2026-02-16,일·공휴일,18,항동중학교입구3R-북(남향),없음(NULL),,B형,1,0.7692
2026-02-16,일·공휴일,18,항동중학교입구3R-동(서향),없음(NULL),,B형,1,0.7692
2026-02-16,일·공휴일,19,항동중학교입구3R-남(북향),없음(NULL),,A형 가능,0,0.0000
2026-02-16,일·공휴일,19,항동중학교입구3R-북(남향),없음(NULL),,B형,1,0.7692
2026-02-16,일·공휴일,19,항동중학교입구3R-동(서향),없음(NULL),,B형,1,0.7692
2026-02-16,일·공휴일,20,항동중학교입구3R-남(북향),없음(NULL),,A형 가능,0,0.0000
2026-02-16,일·공휴일,20,항동중학교입구3R-북(남향),없음(NULL),,B형,1,0.7692
2026-02-16,일·공휴일,20,항동중학교입구3R-동(서향),없음(NULL),,B형,1,0.7692
2026-02-16,일·공휴일,21,항동중학교입구3R-남(북향),없음(NULL),,A형 가능,0,0.0000
2026-02-16,일·공휴일,21,항동중학교입구3R-북(남향),없음(NULL),,B형,1,0.7692
2026-02-16,일·공휴일,21,항동중학교입구3R-동(서향),없음(NULL),,B형,1,0.7692
2026-02-16,일·공휴일,22,항동중학교입구3R-남(북향),없음(NULL),,A형 가능,0,0.0000
2026-02-16,일·공휴일,22,항동중학교입구3R-북(남향),없음(NULL),,B형,1,0.7692
2026-02-16,일·공휴일,22,항동중학교입구3R-동(서향),없음(NULL),,B형,1,0.7692
2026-02-16,일·공휴일,23,항동중학교입구3R-남(북향),없음(NULL),,A형 가능,0,0.0000
2026-02-16,일·공휴일,23,항동중학교입구3R-북(남향),없음(NULL),,B형,2,0.6442
2026-02-16,일·공휴일,23,항동중학교입구3R-동(서향),없음(NULL),,B형,1,0.7692
2026-02-17,일·공휴일,00,항동중학교입구3R-남(북향),없음(NULL),,A형 가능,0,0.0000
2026-02-17,일·공휴일,00,항동중학교입구3R-북(남향),없음(NULL),,B형,1,0.7692
2026-02-17,일·공휴일,00,항동중학교입구3R-동(서향),없음(NULL),,B형,1,0.7692
2026-02-17,일·공휴일,01,항동중학교입구3R-남(북향),없음(NULL),,A형 가능,0,0.0000
2026-02-17,일·공휴일,01,항동중학교입구3R-북(남향),없음(NULL),,B형,1,0.7692
2026-02-17,일·공휴일,01,항동중학교입구3R-동(서향),없음(NULL),,B형,1,0.7692
2026-02-17,일·공휴일,02,항동중학교입구3R-남(북향),없음(NULL),,A형 가능,0,0.0000
2026-02-17,일·공휴일,02,항동중학교입구3R-북(남향),없음(NULL),,B형,1,0.7692
2026-02-17,일·공휴일,02,항동중학교입구3R-동(서향),없음(NULL),,B형,1,0.7692
2026-02-17,일·공휴일,03,항동중학교입구3R-남(북향),없음(NULL),,A형 가능,0,0.0000
2026-02-17,일·공휴일,03,항동중학교입구3R-북(남향),없음(NULL),,B형,1,0.7692
2026-02-17,일·공휴일,03,항동중학교입구3R-동(서향),없음(NULL),,B형,1,0.7692
2026-02-17,일·공휴일,04,항동중학교입구3R-남(북향),없음(NULL),,A형 가능,0,0.0000
2026-02-17,일·공휴일,04,항동중학교입구3R-북(남향),없음(NULL),,B형,1,0.7692
2026-02-17,일·공휴일,04,항동중학교입구3R-동(서향),없음(NULL),,B형,1,0.7692
2026-02-17,일·공휴일,05,항동중학교입구3R-남(북향),없음(NULL),,A형 가능,0,0.0000
2026-02-17,일·공휴일,05,항동중학교입구3R-북(남향),없음(NULL),,B형,1,0.7692
2026-02-17,일·공휴일,05,항동중학교입구3R-동(서향),없음(NULL),,B형,1,0.7692
2026-02-17,일·공휴일,06,항동중학교입구3R-남(북향),없음(NULL),,A형 가능,0,0.0000
2026-02-17,일·공휴일,06,항동중학교입구3R-북(남향),없음(NULL),,B형,1,0.7692
2026-02-17,일·공휴일,06,항동중학교입구3R-동(서향),없음(NULL),,B형,1,0.7692
2026-02-17,일·공휴일,07,항동중학교입구3R-남(북향),없음(NULL),,A형 가능,0,0.0000
2026-02-17,일·공휴일,07,항동중학교입구3R-북(남향),없음(NULL),,B형,1,0.7692
2026-02-17,일·공휴일,07,항동중학교입구3R-동(서향),없음(NULL),,B형,1,0.7692
2026-02-17,일·공휴일,08,항동중학교입구3R-남(북향),없음(NULL),,A형 가능,0,0.0000
2026-02-17,일·공휴일,08,항동중학교입구3R-북(남향),없음(NULL),,B형,1,0.7692
2026-02-17,일·공휴일,08,항동중학교입구3R-동(서향),없음(NULL),,B형,1,0.7692
2026-02-17,일·공휴일,09,항동중학교입구3R-남(북향),없음(NULL),,A형 가능,0,0.0000
2026-02-17,일·공휴일,09,항동중학교입구3R-북(남향),없음(NULL),,B형,1,0.7692
2026-02-17,일·공휴일,09,항동중학교입구3R-동(서향),없음(NULL),,B형,1,0.7692
2026-02-17,일·공휴일,10,항동중학교입구3R-남(북향),없음(NULL),,A형 가능,0,0.1250
2026-02-17,일·공휴일,10,항동중학교입구3R-북(남향),없음(NULL),,B형,1,0.7692
2026-02-17,일·공휴일,10,항동중학교입구3R-동(서향),없음(NULL),,B형,1,0.7692
2026-02-17,일·공휴일,11,항동중학교입구3R-남(북향),없음(NULL),,A형 가능,0,0.1250
2026-02-17,일·공휴일,11,항동중학교입구3R-북(남향),없음(NULL),,B형,1,0.7692
2026-02-17,일·공휴일,11,항동중학교입구3R-동(서향),없음(NULL),,B형,1,0.7692
2026-02-17,일·공휴일,12,항동중학교입구3R-남(북향),없음(NULL),,A형 가능,0,0.0000
2026-02-17,일·공휴일,12,항동중학교입구3R-북(남향),없음(NULL),,B형,1,0.7692
2026-02-17,일·공휴일,12,항동중학교입구3R-동(서향),없음(NULL),,B형,1,0.7692
2026-02-17,일·공휴일,13,항동중학교입구3R-남(북향),없음(NULL),,A형 가능,0,0.0000
2026-02-17,일·공휴일,13,항동중학교입구3R-북(남향),없음(NULL),,B형,1,0.7692
2026-02-17,일·공휴일,13,항동중학교입구3R-동(서향),없음(NULL),,B형,1,0.7692
2026-02-17,일·공휴일,14,항동중학교입구3R-남(북향),없음(NULL),,A형 가능,0,0.0000
2026-02-17,일·공휴일,14,항동중학교입구3R-북(남향),없음(NULL),,B형,2,0.6442
2026-02-17,일·공휴일,14,항동중학교입구3R-동(서향),없음(NULL),,B형,1,0.7692
2026-02-17,일·공휴일,15,항동중학교입구3R-남(북향),없음(NULL),,A형 가능,0,0.0000
2026-02-17,일·공휴일,15,항동중학교입구3R-북(남향),없음(NULL),,B형,1,0.7692
2026-02-17,일·공휴일,15,항동중학교입구3R-동(서향),없음(NULL),,B형,1,0.7692
2026-02-17,일·공휴일,16,항동중학교입구3R-남(북향),없음(NULL),,A형 가능,0,0.0000
2026-02-17,일·공휴일,16,항동중학교입구3R-북(남향),없음(NULL),,B형,1,0.7692
2026-02-17,일·공휴일,16,항동중학교입구3R-동(서향),없음(NULL),,B형,1,0.7692
2026-02-17,일·공휴일,17,항동중학교입구3R-남(북향),없음(NULL),,A형 가능,0,0.0000
2026-02-17,일·공휴일,17,항동중학교입구3R-북(남향),없음(NULL),,B형,1,0.7692
2026-02-17,일·공휴일,17,항동중학교입구3R-동(서향),없음(NULL),,B형,1,0.7692
2026-02-17,일·공휴일,18,항동중학교입구3R-남(북향),없음(NULL),,A형 가능,0,0.0000
2026-02-17,일·공휴일,18,항동중학교입구3R-북(남향),없음(NULL),,B형,1,0.7692
2026-02-17,일·공휴일,18,항동중학교입구3R-동(서향),없음(NULL),,B형,1,0.7692
2026-02-17,일·공휴일,19,항동중학교입구3R-남(북향),없음(NULL),,A형 가능,0,0.0000
2026-02-17,일·공휴일,19,항동중학교입구3R-북(남향),없음(NULL),,B형,1,0.7692
2026-02-17,일·공휴일,19,항동중학교입구3R-동(서향),없음(NULL),,B형,1,0.7692
2026-02-17,일·공휴일,20,항동중학교입구3R-남(북향),없음(NULL),,A형 가능,0,0.0000
2026-02-17,일·공휴일,20,항동중학교입구3R-북(남향),없음(NULL),,B형,1,0.7692
2026-02-17,일·공휴일,20,항동중학교입구3R-동(서향),없음(NULL),,B형,1,0.7692
2026-02-17,일·공휴일,21,항동중학교입구3R-남(북향),없음(NULL),,A형 가능,0,0.0000
2026-02-17,일·공휴일,21,항동중학교입구3R-북(남향),없음(NULL),,B형,1,0.7692
2026-02-17,일·공휴일,21,항동중학교입구3R-동(서향),없음(NULL),,B형,1,0.7692
2026-02-17,일·공휴일,22,항동중학교입구3R-남(북향),없음(NULL),,A형 가능,0,0.0000
2026-02-17,일·공휴일,22,항동중학교입구3R-북(남향),없음(NULL),,B형,1,0.7692
2026-02-17,일·공휴일,22,항동중학교입구3R-동(서향),없음(NULL),,B형,1,0.7692
2026-02-17,일·공휴일,23,항동중학교입구3R-남(북향),없음(NULL),,A형 가능,0,0.0000
2026-02-17,일·공휴일,23,항동중학교입구3R-북(남향),없음(NULL),,B형,2,0.6442
2026-02-17,일·공휴일,23,항동중학교입구3R-동(서향),없음(NULL),,B형,1,0.7692
2026-02-18,일·공휴일,00,항동중학교입구3R-남(북향),없음(NULL),,A형 가능,0,0.0000
2026-02-18,일·공휴일,00,항동중학교입구3R-북(남향),없음(NULL),,B형,1,0.7692
2026-02-18,일·공휴일,00,항동중학교입구3R-동(서향),없음(NULL),,B형,1,0.7692
2026-02-18,일·공휴일,01,항동중학교입구3R-남(북향),없음(NULL),,A형 가능,0,0.0000
2026-02-18,일·공휴일,01,항동중학교입구3R-북(남향),없음(NULL),,B형,1,0.7692
2026-02-18,일·공휴일,01,항동중학교입구3R-동(서향),없음(NULL),,B형,1,0.7692
2026-02-18,일·공휴일,02,항동중학교입구3R-남(북향),없음(NULL),,A형 가능,0,0.0000
2026-02-18,일·공휴일,02,항동중학교입구3R-북(남향),없음(NULL),,B형,1,0.7692
2026-02-18,일·공휴일,02,항동중학교입구3R-동(서향),없음(NULL),,B형,1,0.7692
2026-02-18,일·공휴일,03,항동중학교입구3R-남(북향),없음(NULL),,A형 가능,0,0.0000
2026-02-18,일·공휴일,03,항동중학교입구3R-북(남향),없음(NULL),,B형,1,0.7692
2026-02-18,일·공휴일,03,항동중학교입구3R-동(서향),없음(NULL),,B형,1,0.7692
2026-02-18,일·공휴일,04,항동중학교입구3R-남(북향),없음(NULL),,A형 가능,0,0.0000
2026-02-18,일·공휴일,04,항동중학교입구3R-북(남향),없음(NULL),,B형,1,0.7692
2026-02-18,일·공휴일,04,항동중학교입구3R-동(서향),없음(NULL),,B형,1,0.7692
2026-02-18,일·공휴일,05,항동중학교입구3R-남(북향),없음(NULL),,A형 가능,0,0.0000
2026-02-18,일·공휴일,05,항동중학교입구3R-북(남향),없음(NULL),,B형,1,0.7692
2026-02-18,일·공휴일,05,항동중학교입구3R-동(서향),없음(NULL),,B형,1,0.7692
2026-02-18,일·공휴일,06,항동중학교입구3R-남(북향),없음(NULL),,A형 가능,0,0.0000
2026-02-18,일·공휴일,06,항동중학교입구3R-북(남향),없음(NULL),,B형,1,0.7692
2026-02-18,일·공휴일,06,항동중학교입구3R-동(서향),없음(NULL),,B형,1,0.7692
2026-02-18,일·공휴일,07,항동중학교입구3R-남(북향),없음(NULL),,A형 가능,0,0.0000
2026-02-18,일·공휴일,07,항동중학교입구3R-북(남향),없음(NULL),,B형,1,0.7692
2026-02-18,일·공휴일,07,항동중학교입구3R-동(서향),없음(NULL),,B형,1,0.7692
2026-02-18,일·공휴일,08,항동중학교입구3R-남(북향),없음(NULL),,A형 가능,0,0.0000
2026-02-18,일·공휴일,08,항동중학교입구3R-북(남향),없음(NULL),,B형,1,0.7692
2026-02-18,일·공휴일,08,항동중학교입구3R-동(서향),없음(NULL),,B형,1,0.7692
2026-02-18,일·공휴일,09,항동중학교입구3R-남(북향),없음(NULL),,A형 가능,0,0.0000
2026-02-18,일·공휴일,09,항동중학교입구3R-북(남향),없음(NULL),,B형,1,0.7692
2026-02-18,일·공휴일,09,항동중학교입구3R-동(서향),없음(NULL),,B형,1,0.7692
2026-02-18,일·공휴일,10,항동중학교입구3R-남(북향),없음(NULL),,A형 가능,0,0.1250
2026-02-18,일·공휴일,10,항동중학교입구3R-북(남향),없음(NULL),,B형,1,0.7692
2026-02-18,일·공휴일,10,항동중학교입구3R-동(서향),없음(NULL),,B형,1,0.7692
2026-02-18,일·공휴일,11,항동중학교입구3R-남(북향),없음(NULL),,A형 가능,0,0.1250
2026-02-18,일·공휴일,11,항동중학교입구3R-북(남향),없음(NULL),,B형,1,0.7692
2026-02-18,일·공휴일,11,항동중학교입구3R-동(서향),없음(NULL),,B형,1,0.7692
2026-02-18,일·공휴일,12,항동중학교입구3R-남(북향),없음(NULL),,A형 가능,0,0.0000
2026-02-18,일·공휴일,12,항동중학교입구3R-북(남향),없음(NULL),,B형,1,0.7692
2026-02-18,일·공휴일,12,항동중학교입구3R-동(서향),없음(NULL),,B형,1,0.7692
2026-02-18,일·공휴일,13,항동중학교입구3R-남(북향),없음(NULL),,A형 가능,0,0.0000
2026-02-18,일·공휴일,13,항동중학교입구3R-북(남향),없음(NULL),,B형,1,0.7692
2026-02-18,일·공휴일,13,항동중학교입구3R-동(서향),없음(NULL),,B형,1,0.7692
2026-02-18,일·공휴일,14,항동중학교입구3R-남(북향),없음(NULL),,A형 가능,0,0.0000
2026-02-18,일·공휴일,14,항동중학교입구3R-북(남향),없음(NULL),,B형,2,0.6442
2026-02-18,일·공휴일,14,항동중학교입구3R-동(서향),없음(NULL),,B형,1,0.7692
2026-02-18,일·공휴일,15,항동중학교입구3R-남(북향),없음(NULL),,A형 가능,0,0.0000
2026-02-18,일·공휴일,15,항동중학교입구3R-북(남향),없음(NULL),,B형,1,0.7692
2026-02-18,일·공휴일,15,항동중학교입구3R-동(서향),없음(NULL),,B형,1,0.7692
2026-02-18,일·공휴일,16,항동중학교입구3R-남(북향),없음(NULL),,A형 가능,0,0.0000
2026-02-18,일·공휴일,16,항동중학교입구3R-북(남향),없음(NULL),,B형,1,0.7692
2026-02-18,일·공휴일,16,항동중학교입구3R-동(서향),없음(NULL),,B형,1,0.7692
2026-02-18,일·공휴일,17,항동중학교입구3R-남(북향),없음(NULL),,A형 가능,0,0.0000
2026-02-18,일·공휴일,17,항동중학교입구3R-북(남향),없음(NULL),,B형,1,0.7692
2026-02-18,일·공휴일,17,항동중학교입구3R-동(서향),없음(NULL),,B형,1,0.7692
2026-02-18,일·공휴일,18,항동중학교입구3R-남(북향),없음(NULL),,A형 가능,0,0.0000
2026-02-18,일·공휴일,18,항동중학교입구3R-북(남향),없음(NULL),,B형,1,0.7692
2026-02-18,일·공휴일,18,항동중학교입구3R-동(서향),없음(NULL),,B형,1,0.7692
2026-02-18,일·공휴일,19,항동중학교입구3R-남(북향),없음(NULL),,A형 가능,0,0.0000
2026-02-18,일·공휴일,19,항동중학교입구3R-북(남향),없음(NULL),,B형,1,0.7692
2026-02-18,일·공휴일,19,항동중학교입구3R-동(서향),없음(NULL),,B형,1,0.7692
2026-02-18,일·공휴일,20,항동중학교입구3R-남(북향),없음(NULL),,A형 가능,0,0.0000
2026-02-18,일·공휴일,20,항동중학교입구3R-북(남향),없음(NULL),,B형,1,0.7692
2026-02-18,일·공휴일,20,항동중학교입구3R-동(서향),없음(NULL),,B형,1,0.7692
2026-02-18,일·공휴일,21,항동중학교입구3R-남(북향),없음(NULL),,A형 가능,0,0.0000
2026-02-18,일·공휴일,21,항동중학교입구3R-북(남향),없음(NULL),,B형,1,0.7692
2026-02-18,일·공휴일,21,항동중학교입구3R-동(서향),없음(NULL),,B형,1,0.7692
2026-02-18,일·공휴일,22,항동중학교입구3R-남(북향),없음(NULL),,A형 가능,0,0.0000
2026-02-18,일·공휴일,22,항동중학교입구3R-북(남향),없음(NULL),,B형,1,0.7692
2026-02-18,일·공휴일,22,항동중학교입구3R-동(서향),없음(NULL),,B형,1,0.7692
2026-02-18,일·공휴일,23,항동중학교입구3R-남(북향),없음(NULL),,A형 가능,0,0.0000
2026-02-18,일·공휴일,23,항동중학교입구3R-북(남향),없음(NULL),,B형,2,0.6442
2026-02-18,일·공휴일,23,항동중학교입구3R-동(서향),없음(NULL),,B형,1,0.7692
2026-02-19,평일,00,항동중학교입구3R-남(북향),없음(NULL),,A형 가능,0,0.0244
2026-02-19,평일,00,항동중학교입구3R-북(남향),없음(NULL),,B형,2,0.6176
2026-02-19,평일,00,항동중학교입구3R-동(서향),없음(NULL),,B형,2,0.6157
2026-02-19,평일,01,항동중학교입구3R-남(북향),없음(NULL),,A형 가능,0,0.0244
2026-02-19,평일,01,항동중학교입구3R-북(남향),없음(NULL),,B형,2,0.6176
2026-02-19,평일,01,항동중학교입구3R-동(서향),없음(NULL),,B형,2,0.6157
2026-02-19,평일,02,항동중학교입구3R-남(북향),없음(NULL),,A형 가능,0,0.0244
2026-02-19,평일,02,항동중학교입구3R-북(남향),없음(NULL),,B형,2,0.6176
2026-02-19,평일,02,항동중학교입구3R-동(서향),없음(NULL),,B형,2,0.6176
2026-02-19,평일,03,항동중학교입구3R-남(북향),없음(NULL),,A형 가능,0,0.0244
2026-02-19,평일,03,항동중학교입구3R-북(남향),없음(NULL),,B형,2,0.6176
2026-02-19,평일,03,항동중학교입구3R-동(서향),없음(NULL),,B형,2,0.6214
2026-02-19,평일,04,항동중학교입구3R-남(북향),없음(NULL),,A형 가능,0,0.0244
2026-02-19,평일,04,항동중학교입구3R-북(남향),없음(NULL),,B형,2,0.6195
2026-02-19,평일,04,항동중학교입구3R-동(서향),없음(NULL),,B형,2,0.6214
2026-02-19,평일,05,항동중학교입구3R-남(북향),없음(NULL),,A형 가능,0,0.0244
2026-02-19,평일,05,항동중학교입구3R-북(남향),없음(NULL),,B형,2,0.6233
2026-02-19,평일,05,항동중학교입구3R-동(서향),없음(NULL),,B형,2,0.6195
2026-02-19,평일,06,항동중학교입구3R-남(북향),없음(NULL),,A형 가능,0,0.0244
2026-02-19,평일,06,항동중학교입구3R-북(남향),없음(NULL),,B형,2,0.6233
2026-02-19,평일,06,항동중학교입구3R-동(서향),없음(NULL),,B형,2,0.6214
2026-02-19,평일,07,항동중학교입구3R-남(북향),없음(NULL),,A형 가능,0,0.0244
2026-02-19,평일,07,항동중학교입구3R-북(남향),없음(NULL),,B형,2,0.6233
2026-02-19,평일,07,항동중학교입구3R-동(서향),없음(NULL),,B형,2,0.6214
2026-02-19,평일,08,항동중학교입구3R-남(북향),없음(NULL),,A형 가능,0,0.0244
2026-02-19,평일,08,항동중학교입구3R-북(남향),없음(NULL),,B형,2,0.6233
2026-02-19,평일,08,항동중학교입구3R-동(서향),없음(NULL),,B형,2,0.6214
2026-02-19,평일,09,항동중학교입구3R-남(북향),없음(NULL),,A형 가능,0,0.0488
2026-02-19,평일,09,항동중학교입구3R-북(남향),없음(NULL),,B형,2,0.6214
2026-02-19,평일,09,항동중학교입구3R-동(서향),없음(NULL),,B형,2,0.6195
2026-02-19,평일,10,항동중학교입구3R-남(북향),없음(NULL),,A형 가능,0,0.0488
2026-02-19,평일,10,항동중학교입구3R-북(남향),없음(NULL),,B형,2,0.6195
2026-02-19,평일,10,항동중학교입구3R-동(서향),없음(NULL),,B형,2,0.6214
2026-02-19,평일,11,항동중학교입구3R-남(북향),없음(NULL),,A형 가능,0,0.0488
2026-02-19,평일,11,항동중학교입구3R-북(남향),없음(NULL),,B형,2,0.6252
2026-02-19,평일,11,항동중학교입구3R-동(서향),없음(NULL),,B형,2,0.6252
2026-02-19,평일,12,항동중학교입구3R-남(북향),없음(NULL),,A형 가능,0,0.0244
2026-02-19,평일,12,항동중학교입구3R-북(남향),없음(NULL),,B형,2,0.6272
2026-02-19,평일,12,항동중학교입구3R-동(서향),없음(NULL),,B형,2,0.6272
2026-02-19,평일,13,항동중학교입구3R-남(북향),없음(NULL),,A형 가능,0,0.0244
2026-02-19,평일,13,항동중학교입구3R-북(남향),없음(NULL),,B형,2,0.6272
2026-02-19,평일,13,항동중학교입구3R-동(서향),없음(NULL),,B형,2,0.6272
2026-02-19,평일,14,항동중학교입구3R-남(북향),없음(NULL),,A형 가능,0,0.0244
2026-02-19,평일,14,항동중학교입구3R-북(남향),없음(NULL),,B형,2,0.6272
2026-02-19,평일,14,항동중학교입구3R-동(서향),없음(NULL),,B형,2,0.6272
2026-02-19,평일,15,항동중학교입구3R-남(북향),없음(NULL),,A형 가능,0,0.0000
2026-02-19,평일,15,항동중학교입구3R-북(남향),없음(NULL),,B형,1,0.7984
2026-02-19,평일,15,항동중학교입구3R-동(서향),없음(NULL),,B형,1,0.7984
2026-02-19,평일,16,항동중학교입구3R-남(북향),없음(NULL),,A형 가능,0,0.0000
2026-02-19,평일,16,항동중학교입구3R-북(남향),없음(NULL),,B형,1,0.7907
2026-02-19,평일,16,항동중학교입구3R-동(서향),없음(NULL),,B형,1,0.7907
2026-02-19,평일,17,항동중학교입구3R-남(북향),없음(NULL),,A형 가능,0,0.0000
2026-02-19,평일,17,항동중학교입구3R-북(남향),없음(NULL),,B형,1,0.7907
2026-02-19,평일,17,항동중학교입구3R-동(서향),없음(NULL),,B형,1,0.7907
2026-02-19,평일,18,항동중학교입구3R-남(북향),없음(NULL),,A형 가능,0,0.0000
2026-02-19,평일,18,항동중학교입구3R-북(남향),없음(NULL),,B형,1,0.7907
2026-02-19,평일,18,항동중학교입구3R-동(서향),없음(NULL),,B형,1,0.7907
2026-02-19,평일,19,항동중학교입구3R-남(북향),없음(NULL),,A형 가능,0,0.0000
2026-02-19,평일,19,항동중학교입구3R-북(남향),없음(NULL),,B형,1,0.7907
2026-02-19,평일,19,항동중학교입구3R-동(서향),없음(NULL),,B형,1,0.7907
2026-02-19,평일,20,항동중학교입구3R-남(북향),없음(NULL),,A형 가능,0,0.0000
2026-02-19,평일,20,항동중학교입구3R-북(남향),없음(NULL),,B형,1,0.7907
2026-02-19,평일,20,항동중학교입구3R-동(서향),없음(NULL),,B형,1,0.7907
2026-02-19,평일,21,항동중학교입구3R-남(북향),없음(NULL),,A형 가능,0,0.0000
2026-02-19,평일,21,항동중학교입구3R-북(남향),없음(NULL),,B형,1,0.7907
2026-02-19,평일,21,항동중학교입구3R-동(서향),없음(NULL),,B형,1,0.7907
2026-02-19,평일,22,항동중학교입구3R-남(북향),없음(NULL),,A형 가능,0,0.0244
2026-02-19,평일,22,항동중학교입구3R-북(남향),없음(NULL),,B형,1,0.7984
2026-02-19,평일,22,항동중학교입구3R-동(서향),없음(NULL),,B형,1,0.7984
2026-02-19,평일,23,항동중학교입구3R-남(북향),없음(NULL),,A형 가능,0,0.0244
2026-02-19,평일,23,항동중학교입구3R-북(남향),없음(NULL),,B형,1,0.7984
2026-02-19,평일,23,항동중학교입구3R-동(서향),없음(NULL),,B형,1,0.7984
2026-02-20,평일,00,항동중학교입구3R-남(북향),없음(NULL),,A형 가능,0,0.0244
2026-02-20,평일,00,항동중학교입구3R-북(남향),없음(NULL),,B형,2,0.6176
2026-02-20,평일,00,항동중학교입구3R-동(서향),없음(NULL),,B형,2,0.6157
2026-02-20,평일,01,항동중학교입구3R-남(북향),없음(NULL),,A형 가능,0,0.0244
2026-02-20,평일,01,항동중학교입구3R-북(남향),없음(NULL),,B형,2,0.6176
2026-02-20,평일,01,항동중학교입구3R-동(서향),없음(NULL),,B형,2,0.6157
2026-02-20,평일,02,항동중학교입구3R-남(북향),없음(NULL),,A형 가능,0,0.0244
2026-02-20,평일,02,항동중학교입구3R-북(남향),없음(NULL),,B형,2,0.6176
2026-02-20,평일,02,항동중학교입구3R-동(서향),없음(NULL),,B형,2,0.6176
2026-02-20,평일,03,항동중학교입구3R-남(북향),없음(NULL),,A형 가능,0,0.0244
2026-02-20,평일,03,항동중학교입구3R-북(남향),없음(NULL),,B형,2,0.6176
2026-02-20,평일,03,항동중학교입구3R-동(서향),없음(NULL),,B형,2,0.6214
2026-02-20,평일,04,항동중학교입구3R-남(북향),없음(NULL),,A형 가능,0,0.0244
2026-02-20,평일,04,항동중학교입구3R-북(남향),없음(NULL),,B형,2,0.6195
2026-02-20,평일,04,항동중학교입구3R-동(서향),없음(NULL),,B형,2,0.6214
2026-02-20,평일,05,항동중학교입구3R-남(북향),없음(NULL),,A형 가능,0,0.0244
2026-02-20,평일,05,항동중학교입구3R-북(남향),없음(NULL),,B형,2,0.6233
2026-02-20,평일,05,항동중학교입구3R-동(서향),없음(NULL),,B형,2,0.6195
2026-02-20,평일,06,항동중학교입구3R-남(북향),없음(NULL),,A형 가능,0,0.0244
2026-02-20,평일,06,항동중학교입구3R-북(남향),없음(NULL),,B형,2,0.6233
2026-02-20,평일,06,항동중학교입구3R-동(서향),없음(NULL),,B형,2,0.6214
2026-02-20,평일,07,항동중학교입구3R-남(북향),없음(NULL),,A형 가능,0,0.0244
2026-02-20,평일,07,항동중학교입구3R-북(남향),없음(NULL),,B형,2,0.6233
2026-02-20,평일,07,항동중학교입구3R-동(서향),없음(NULL),,B형,2,0.6214
2026-02-20,평일,08,항동중학교입구3R-남(북향),없음(NULL),,A형 가능,0,0.0244
2026-02-20,평일,08,항동중학교입구3R-북(남향),없음(NULL),,B형,2,0.6233
2026-02-20,평일,08,항동중학교입구3R-동(서향),없음(NULL),,B형,2,0.6214
2026-02-20,평일,09,항동중학교입구3R-남(북향),없음(NULL),,A형 가능,0,0.0488
2026-02-20,평일,09,항동중학교입구3R-북(남향),없음(NULL),,B형,2,0.6214
2026-02-20,평일,09,항동중학교입구3R-동(서향),없음(NULL),,B형,2,0.6195
2026-02-20,평일,10,항동중학교입구3R-남(북향),없음(NULL),,A형 가능,0,0.0488
2026-02-20,평일,10,항동중학교입구3R-북(남향),없음(NULL),,B형,2,0.6195
2026-02-20,평일,10,항동중학교입구3R-동(서향),없음(NULL),,B형,2,0.6214
2026-02-20,평일,11,항동중학교입구3R-남(북향),없음(NULL),,A형 가능,0,0.0488
2026-02-20,평일,11,항동중학교입구3R-북(남향),없음(NULL),,B형,2,0.6252
2026-02-20,평일,11,항동중학교입구3R-동(서향),없음(NULL),,B형,2,0.6252
2026-02-20,평일,12,항동중학교입구3R-남(북향),없음(NULL),,A형 가능,0,0.0244
2026-02-20,평일,12,항동중학교입구3R-북(남향),없음(NULL),,B형,2,0.6272
2026-02-20,평일,12,항동중학교입구3R-동(서향),없음(NULL),,B형,2,0.6272
2026-02-20,평일,13,항동중학교입구3R-남(북향),없음(NULL),,A형 가능,0,0.0244
2026-02-20,평일,13,항동중학교입구3R-북(남향),없음(NULL),,B형,2,0.6272
2026-02-20,평일,13,항동중학교입구3R-동(서향),없음(NULL),,B형,2,0.6272
2026-02-20,평일,14,항동중학교입구3R-남(북향),없음(NULL),,A형 가능,0,0.0244
2026-02-20,평일,14,항동중학교입구3R-북(남향),없음(NULL),,B형,2,0.6272
2026-02-20,평일,14,항동중학교입구3R-동(서향),없음(NULL),,B형,2,0.6272
2026-02-20,평일,15,항동중학교입구3R-남(북향),없음(NULL),,A형 가능,0,0.0000
2026-02-20,평일,15,항동중학교입구3R-북(남향),없음(NULL),,B형,1,0.7984
2026-02-20,평일,15,항동중학교입구3R-동(서향),없음(NULL),,B형,1,0.7984
2026-02-20,평일,16,항동중학교입구3R-남(북향),없음(NULL),,A형 가능,0,0.0000
2026-02-20,평일,16,항동중학교입구3R-북(남향),없음(NULL),,B형,1,0.7907
2026-02-20,평일,16,항동중학교입구3R-동(서향),없음(NULL),,B형,1,0.7907
2026-02-20,평일,17,항동중학교입구3R-남(북향),없음(NULL),,A형 가능,0,0.0000
2026-02-20,평일,17,항동중학교입구3R-북(남향),없음(NULL),,B형,1,0.7907
2026-02-20,평일,17,항동중학교입구3R-동(서향),없음(NULL),,B형,1,0.7907
2026-02-20,평일,18,항동중학교입구3R-남(북향),없음(NULL),,A형 가능,0,0.0000
2026-02-20,평일,18,항동중학교입구3R-북(남향),없음(NULL),,B형,1,0.7907
2026-02-20,평일,18,항동중학교입구3R-동(서향),없음(NULL),,B형,1,0.7907
2026-02-20,평일,19,항동중학교입구3R-남(북향),없음(NULL),,A형 가능,0,0.0000
2026-02-20,평일,19,항동중학교입구3R-북(남향),없음(NULL),,B형,1,0.7907
2026-02-20,평일,19,항동중학교입구3R-동(서향),없음(NULL),,B형,1,0.7907
2026-02-20,평일,20,항동중학교입구3R-남(북향),없음(NULL),,A형 가능,0,0.0000
2026-02-20,평일,20,항동중학교입구3R-북(남향),없음(NULL),,B형,1,0.7907
2026-02-20,평일,20,항동중학교입구3R-동(서향),없음(NULL),,B형,1,0.7907
2026-02-20,평일,21,항동중학교입구3R-남(북향),없음(NULL),,A형 가능,0,0.0000
2026-02-20,평일,21,항동중학교입구3R-북(남향),없음(NULL),,B형,1,0.7907
2026-02-20,평일,21,항동중학교입구3R-동(서향),없음(NULL),,B형,1,0.7907
2026-02-20,평일,22,항동중학교입구3R-남(북향),없음(NULL),,A형 가능,0,0.0244
2026-02-20,평일,22,항동중학교입구3R-북(남향),없음(NULL),,B형,1,0.7984
2026-02-20,평일,22,항동중학교입구3R-동(서향),없음(NULL),,B형,1,0.7984
2026-02-20,평일,23,항동중학교입구3R-남(북향),없음(NULL),,A형 가능,0,0.0244
2026-02-20,평일,23,항동중학교입구3R-북(남향),없음(NULL),,B형,1,0.7984
2026-02-20,평일,23,항동중학교입구3R-동(서향),없음(NULL),,B형,1,0.7984
2026-02-21,토요일,00,항동중학교입구3R-남(북향),없음(NULL),,A형 가능,0,0.0000
2026-02-21,토요일,00,항동중학교입구3R-북(남향),없음(NULL),,B형,1,0.7692
2026-02-21,토요일,00,항동중학교입구3R-동(서향),없음(NULL),,B형,1,0.7692
2026-02-21,토요일,01,항동중학교입구3R-남(북향),없음(NULL),,A형 가능,0,0.0000
2026-02-21,토요일,01,항동중학교입구3R-북(남향),없음(NULL),,B형,1,0.7692
2026-02-21,토요일,01,항동중학교입구3R-동(서향),없음(NULL),,B형,1,0.7692
2026-02-21,토요일,02,항동중학교입구3R-남(북향),없음(NULL),,A형 가능,0,0.0000
2026-02-21,토요일,02,항동중학교입구3R-북(남향),없음(NULL),,B형,1,0.7692
2026-02-21,토요일,02,항동중학교입구3R-동(서향),없음(NULL),,B형,1,0.7692
2026-02-21,토요일,03,항동중학교입구3R-남(북향),없음(NULL),,A형 가능,0,0.0000
2026-02-21,토요일,03,항동중학교입구3R-북(남향),없음(NULL),,B형,1,0.7692
2026-02-21,토요일,03,항동중학교입구3R-동(서향),없음(NULL),,B형,1,0.7692
2026-02-21,토요일,04,항동중학교입구3R-남(북향),없음(NULL),,A형 가능,0,0.0000
2026-02-21,토요일,04,항동중학교입구3R-북(남향),없음(NULL),,B형,1,0.7692
2026-02-21,토요일,04,항동중학교입구3R-동(서향),없음(NULL),,B형,1,0.7692
2026-02-21,토요일,05,항동중학교입구3R-남(북향),없음(NULL),,A형 가능,0,0.0000
2026-02-21,토요일,05,항동중학교입구3R-북(남향),없음(NULL),,B형,1,0.7692
2026-02-21,토요일,05,항동중학교입구3R-동(서향),없음(NULL),,B형,1,0.7692
2026-02-21,토요일,06,항동중학교입구3R-남(북향),없음(NULL),,A형 가능,0,0.0000
2026-02-21,토요일,06,항동중학교입구3R-북(남향),없음(NULL),,B형,1,0.7692
2026-02-21,토요일,06,항동중학교입구3R-동(서향),없음(NULL),,B형,2,0.6250
2026-02-21,토요일,07,항동중학교입구3R-남(북향),없음(NULL),,A형 가능,0,0.0000
2026-02-21,토요일,07,항동중학교입구3R-북(남향),없음(NULL),,B형,1,0.7692
2026-02-21,토요일,07,항동중학교입구3R-동(서향),없음(NULL),,B형,1,0.7692
2026-02-21,토요일,08,항동중학교입구3R-남(북향),없음(NULL),,A형 가능,0,0.0000
2026-02-21,토요일,08,항동중학교입구3R-북(남향),없음(NULL),,B형,1,0.7692
2026-02-21,토요일,08,항동중학교입구3R-동(서향),없음(NULL),,B형,1,0.7692
2026-02-21,토요일,09,항동중학교입구3R-남(북향),없음(NULL),,A형 가능,0,0.0000
2026-02-21,토요일,09,항동중학교입구3R-북(남향),없음(NULL),,B형,2,0.6250
2026-02-21,토요일,09,항동중학교입구3R-동(서향),없음(NULL),,B형,2,0.6250
2026-02-21,토요일,10,항동중학교입구3R-남(북향),없음(NULL),,A형 가능,0,0.0000
2026-02-21,토요일,10,항동중학교입구3R-북(남향),없음(NULL),,B형,1,0.7692
2026-02-21,토요일,10,항동중학교입구3R-동(서향),없음(NULL),,B형,1,0.7692
2026-02-21,토요일,11,항동중학교입구3R-남(북향),없음(NULL),,A형 가능,0,0.0000
2026-02-21,토요일,11,항동중학교입구3R-북(남향),없음(NULL),,B형,1,0.7692
2026-02-21,토요일,11,항동중학교입구3R-동(서향),없음(NULL),,B형,1,0.7692
2026-02-21,토요일,12,항동중학교입구3R-남(북향),없음(NULL),,A형 가능,0,0.0000
2026-02-21,토요일,12,항동중학교입구3R-북(남향),없음(NULL),,B형,1,0.7692
2026-02-21,토요일,12,항동중학교입구3R-동(서향),없음(NULL),,B형,1,0.7692
2026-02-21,토요일,13,항동중학교입구3R-남(북향),없음(NULL),,A형 가능,0,0.0000
2026-02-21,토요일,13,항동중학교입구3R-북(남향),없음(NULL),,B형,1,0.7692
2026-02-21,토요일,13,항동중학교입구3R-동(서향),없음(NULL),,B형,1,0.7692
2026-02-21,토요일,14,항동중학교입구3R-남(북향),없음(NULL),,A형 가능,0,0.0000
2026-02-21,토요일,14,항동중학교입구3R-북(남향),없음(NULL),,B형,1,0.7692
2026-02-21,토요일,14,항동중학교입구3R-동(서향),없음(NULL),,B형,1,0.7692
2026-02-21,토요일,15,항동중학교입구3R-남(북향),없음(NULL),,A형 가능,0,0.0000
2026-02-21,토요일,15,항동중학교입구3R-북(남향),없음(NULL),,B형,1,0.7692
2026-02-21,토요일,15,항동중학교입구3R-동(서향),없음(NULL),,B형,1,0.7692
2026-02-21,토요일,16,항동중학교입구3R-남(북향),없음(NULL),,A형 가능,0,0.0000
2026-02-21,토요일,16,항동중학교입구3R-북(남향),없음(NULL),,B형,1,0.7692
2026-02-21,토요일,16,항동중학교입구3R-동(서향),없음(NULL),,B형,1,0.7692
2026-02-21,토요일,17,항동중학교입구3R-남(북향),없음(NULL),,A형 가능,0,0.0000
2026-02-21,토요일,17,항동중학교입구3R-북(남향),없음(NULL),,B형,1,0.7692
2026-02-21,토요일,17,항동중학교입구3R-동(서향),없음(NULL),,B형,1,0.7692
2026-02-21,토요일,18,항동중학교입구3R-남(북향),없음(NULL),,A형 가능,0,0.0000
2026-02-21,토요일,18,항동중학교입구3R-북(남향),없음(NULL),,B형,1,0.7692
2026-02-21,토요일,18,항동중학교입구3R-동(서향),없음(NULL),,B형,1,0.7692
2026-02-21,토요일,19,항동중학교입구3R-남(북향),없음(NULL),,A형 가능,0,0.0000
2026-02-21,토요일,19,항동중학교입구3R-북(남향),없음(NULL),,B형,1,0.7692
2026-02-21,토요일,19,항동중학교입구3R-동(서향),없음(NULL),,B형,1,0.7692
2026-02-21,토요일,20,항동중학교입구3R-남(북향),없음(NULL),,A형 가능,0,0.0000
2026-02-21,토요일,20,항동중학교입구3R-북(남향),없음(NULL),,B형,2,0.6442
2026-02-21,토요일,20,항동중학교입구3R-동(서향),없음(NULL),,B형,1,0.7692
2026-02-21,토요일,21,항동중학교입구3R-남(북향),없음(NULL),,A형 가능,0,0.0000
2026-02-21,토요일,21,항동중학교입구3R-북(남향),없음(NULL),,B형,2,0.6442
2026-02-21,토요일,21,항동중학교입구3R-동(서향),없음(NULL),,B형,1,0.7692
2026-02-21,토요일,22,항동중학교입구3R-남(북향),없음(NULL),,A형 가능,0,0.0000
2026-02-21,토요일,22,항동중학교입구3R-북(남향),없음(NULL),,B형,1,0.7692
2026-02-21,토요일,22,항동중학교입구3R-동(서향),없음(NULL),,B형,1,0.7692
2026-02-21,토요일,23,항동중학교입구3R-남(북향),없음(NULL),,A형 가능,0,0.0000
2026-02-21,토요일,23,항동중학교입구3R-북(남향),없음(NULL),,B형,2,0.6538
2026-02-21,토요일,23,항동중학교입구3R-동(서향),없음(NULL),,B형,1,0.7692
2026-02-22,일·공휴일,00,항동중학교입구3R-남(북향),없음(NULL),,A형 가능,0,0.0000
2026-02-22,일·공휴일,00,항동중학교입구3R-북(남향),없음(NULL),,B형,1,0.7692
2026-02-22,일·공휴일,00,항동중학교입구3R-동(서향),없음(NULL),,B형,1,0.7692
2026-02-22,일·공휴일,01,항동중학교입구3R-남(북향),없음(NULL),,A형 가능,0,0.0000
2026-02-22,일·공휴일,01,항동중학교입구3R-북(남향),없음(NULL),,B형,1,0.7692
2026-02-22,일·공휴일,01,항동중학교입구3R-동(서향),없음(NULL),,B형,1,0.7692
2026-02-22,일·공휴일,02,항동중학교입구3R-남(북향),없음(NULL),,A형 가능,0,0.0000
2026-02-22,일·공휴일,02,항동중학교입구3R-북(남향),없음(NULL),,B형,1,0.7692
2026-02-22,일·공휴일,02,항동중학교입구3R-동(서향),없음(NULL),,B형,1,0.7692
2026-02-22,일·공휴일,03,항동중학교입구3R-남(북향),없음(NULL),,A형 가능,0,0.0000
2026-02-22,일·공휴일,03,항동중학교입구3R-북(남향),없음(NULL),,B형,1,0.7692
2026-02-22,일·공휴일,03,항동중학교입구3R-동(서향),없음(NULL),,B형,1,0.7692
2026-02-22,일·공휴일,04,항동중학교입구3R-남(북향),없음(NULL),,A형 가능,0,0.0000
2026-02-22,일·공휴일,04,항동중학교입구3R-북(남향),없음(NULL),,B형,1,0.7692
2026-02-22,일·공휴일,04,항동중학교입구3R-동(서향),없음(NULL),,B형,1,0.7692
2026-02-22,일·공휴일,05,항동중학교입구3R-남(북향),없음(NULL),,A형 가능,0,0.0000
2026-02-22,일·공휴일,05,항동중학교입구3R-북(남향),없음(NULL),,B형,1,0.7692
2026-02-22,일·공휴일,05,항동중학교입구3R-동(서향),없음(NULL),,B형,1,0.7692
2026-02-22,일·공휴일,06,항동중학교입구3R-남(북향),없음(NULL),,A형 가능,0,0.0000
2026-02-22,일·공휴일,06,항동중학교입구3R-북(남향),없음(NULL),,B형,1,0.7692
2026-02-22,일·공휴일,06,항동중학교입구3R-동(서향),없음(NULL),,B형,1,0.7692
2026-02-22,일·공휴일,07,항동중학교입구3R-남(북향),없음(NULL),,A형 가능,0,0.0000
2026-02-22,일·공휴일,07,항동중학교입구3R-북(남향),없음(NULL),,B형,1,0.7692
2026-02-22,일·공휴일,07,항동중학교입구3R-동(서향),없음(NULL),,B형,1,0.7692
2026-02-22,일·공휴일,08,항동중학교입구3R-남(북향),없음(NULL),,A형 가능,0,0.0000
2026-02-22,일·공휴일,08,항동중학교입구3R-북(남향),없음(NULL),,B형,1,0.7692
2026-02-22,일·공휴일,08,항동중학교입구3R-동(서향),없음(NULL),,B형,1,0.7692
2026-02-22,일·공휴일,09,항동중학교입구3R-남(북향),없음(NULL),,A형 가능,0,0.0000
2026-02-22,일·공휴일,09,항동중학교입구3R-북(남향),없음(NULL),,B형,1,0.7692
2026-02-22,일·공휴일,09,항동중학교입구3R-동(서향),없음(NULL),,B형,1,0.7692
2026-02-22,일·공휴일,10,항동중학교입구3R-남(북향),없음(NULL),,A형 가능,0,0.1250
2026-02-22,일·공휴일,10,항동중학교입구3R-북(남향),없음(NULL),,B형,1,0.7692
2026-02-22,일·공휴일,10,항동중학교입구3R-동(서향),없음(NULL),,B형,1,0.7692
2026-02-22,일·공휴일,11,항동중학교입구3R-남(북향),없음(NULL),,A형 가능,0,0.1250
2026-02-22,일·공휴일,11,항동중학교입구3R-북(남향),없음(NULL),,B형,1,0.7692
2026-02-22,일·공휴일,11,항동중학교입구3R-동(서향),없음(NULL),,B형,1,0.7692
2026-02-22,일·공휴일,12,항동중학교입구3R-남(북향),없음(NULL),,A형 가능,0,0.0000
2026-02-22,일·공휴일,12,항동중학교입구3R-북(남향),없음(NULL),,B형,1,0.7692
2026-02-22,일·공휴일,12,항동중학교입구3R-동(서향),없음(NULL),,B형,1,0.7692
2026-02-22,일·공휴일,13,항동중학교입구3R-남(북향),없음(NULL),,A형 가능,0,0.0000
2026-02-22,일·공휴일,13,항동중학교입구3R-북(남향),없음(NULL),,B형,1,0.7692
2026-02-22,일·공휴일,13,항동중학교입구3R-동(서향),없음(NULL),,B형,1,0.7692
2026-02-22,일·공휴일,14,항동중학교입구3R-남(북향),없음(NULL),,A형 가능,0,0.0000
2026-02-22,일·공휴일,14,항동중학교입구3R-북(남향),없음(NULL),,B형,2,0.6442
2026-02-22,일·공휴일,14,항동중학교입구3R-동(서향),없음(NULL),,B형,1,0.7692
2026-02-22,일·공휴일,15,항동중학교입구3R-남(북향),없음(NULL),,A형 가능,0,0.0000
2026-02-22,일·공휴일,15,항동중학교입구3R-북(남향),없음(NULL),,B형,1,0.7692
2026-02-22,일·공휴일,15,항동중학교입구3R-동(서향),없음(NULL),,B형,1,0.7692
2026-02-22,일·공휴일,16,항동중학교입구3R-남(북향),없음(NULL),,A형 가능,0,0.0000
2026-02-22,일·공휴일,16,항동중학교입구3R-북(남향),없음(NULL),,B형,1,0.7692
2026-02-22,일·공휴일,16,항동중학교입구3R-동(서향),없음(NULL),,B형,1,0.7692
2026-02-22,일·공휴일,17,항동중학교입구3R-남(북향),없음(NULL),,A형 가능,0,0.0000
2026-02-22,일·공휴일,17,항동중학교입구3R-북(남향),없음(NULL),,B형,1,0.7692
2026-02-22,일·공휴일,17,항동중학교입구3R-동(서향),없음(NULL),,B형,1,0.7692
2026-02-22,일·공휴일,18,항동중학교입구3R-남(북향),없음(NULL),,A형 가능,0,0.0000
2026-02-22,일·공휴일,18,항동중학교입구3R-북(남향),없음(NULL),,B형,1,0.7692
2026-02-22,일·공휴일,18,항동중학교입구3R-동(서향),없음(NULL),,B형,1,0.7692
2026-02-22,일·공휴일,19,항동중학교입구3R-남(북향),없음(NULL),,A형 가능,0,0.0000
2026-02-22,일·공휴일,19,항동중학교입구3R-북(남향),없음(NULL),,B형,1,0.7692
2026-02-22,일·공휴일,19,항동중학교입구3R-동(서향),없음(NULL),,B형,1,0.7692
2026-02-22,일·공휴일,20,항동중학교입구3R-남(북향),없음(NULL),,A형 가능,0,0.0000
2026-02-22,일·공휴일,20,항동중학교입구3R-북(남향),없음(NULL),,B형,1,0.7692
2026-02-22,일·공휴일,20,항동중학교입구3R-동(서향),없음(NULL),,B형,1,0.7692
2026-02-22,일·공휴일,21,항동중학교입구3R-남(북향),없음(NULL),,A형 가능,0,0.0000
2026-02-22,일·공휴일,21,항동중학교입구3R-북(남향),없음(NULL),,B형,1,0.7692
2026-02-22,일·공휴일,21,항동중학교입구3R-동(서향),없음(NULL),,B형,1,0.7692
2026-02-22,일·공휴일,22,항동중학교입구3R-남(북향),없음(NULL),,A형 가능,0,0.0000
2026-02-22,일·공휴일,22,항동중학교입구3R-북(남향),없음(NULL),,B형,1,0.7692
2026-02-22,일·공휴일,22,항동중학교입구3R-동(서향),없음(NULL),,B형,1,0.7692
2026-02-22,일·공휴일,23,항동중학교입구3R-남(북향),없음(NULL),,A형 가능,0,0.0000
2026-02-22,일·공휴일,23,항동중학교입구3R-북(남향),없음(NULL),,B형,2,0.6442
2026-02-22,일·공휴일,23,항동중학교입구3R-동(서향),없음(NULL),,B형,1,0.7692
2026-02-23,평일,00,항동중학교입구3R-남(북향),없음(NULL),,A형 가능,0,0.0244
2026-02-23,평일,00,항동중학교입구3R-북(남향),없음(NULL),,B형,2,0.6176
2026-02-23,평일,00,항동중학교입구3R-동(서향),없음(NULL),,B형,2,0.6157
2026-02-23,평일,01,항동중학교입구3R-남(북향),없음(NULL),,A형 가능,0,0.0244
2026-02-23,평일,01,항동중학교입구3R-북(남향),없음(NULL),,B형,2,0.6176
2026-02-23,평일,01,항동중학교입구3R-동(서향),없음(NULL),,B형,2,0.6157
2026-02-23,평일,02,항동중학교입구3R-남(북향),없음(NULL),,A형 가능,0,0.0244
2026-02-23,평일,02,항동중학교입구3R-북(남향),없음(NULL),,B형,2,0.6176
2026-02-23,평일,02,항동중학교입구3R-동(서향),없음(NULL),,B형,2,0.6176
2026-02-23,평일,03,항동중학교입구3R-남(북향),없음(NULL),,A형 가능,0,0.0244
2026-02-23,평일,03,항동중학교입구3R-북(남향),없음(NULL),,B형,2,0.6176
2026-02-23,평일,03,항동중학교입구3R-동(서향),없음(NULL),,B형,2,0.6214
2026-02-23,평일,04,항동중학교입구3R-남(북향),없음(NULL),,A형 가능,0,0.0244
2026-02-23,평일,04,항동중학교입구3R-북(남향),없음(NULL),,B형,2,0.6195
2026-02-23,평일,04,항동중학교입구3R-동(서향),없음(NULL),,B형,2,0.6214
2026-02-23,평일,05,항동중학교입구3R-남(북향),없음(NULL),,A형 가능,0,0.0244
2026-02-23,평일,05,항동중학교입구3R-북(남향),없음(NULL),,B형,2,0.6233
2026-02-23,평일,05,항동중학교입구3R-동(서향),없음(NULL),,B형,2,0.6195
2026-02-23,평일,06,항동중학교입구3R-남(북향),없음(NULL),,A형 가능,0,0.0244
2026-02-23,평일,06,항동중학교입구3R-북(남향),없음(NULL),,B형,2,0.6233
2026-02-23,평일,06,항동중학교입구3R-동(서향),없음(NULL),,B형,2,0.6214
2026-02-23,평일,07,항동중학교입구3R-남(북향),없음(NULL),,A형 가능,0,0.0244
2026-02-23,평일,07,항동중학교입구3R-북(남향),없음(NULL),,B형,2,0.6233
2026-02-23,평일,07,항동중학교입구3R-동(서향),없음(NULL),,B형,2,0.6214
2026-02-23,평일,08,항동중학교입구3R-남(북향),없음(NULL),,A형 가능,0,0.0244
2026-02-23,평일,08,항동중학교입구3R-북(남향),없음(NULL),,B형,2,0.6233
2026-02-23,평일,08,항동중학교입구3R-동(서향),없음(NULL),,B형,2,0.6214
2026-02-23,평일,09,항동중학교입구3R-남(북향),없음(NULL),,A형 가능,0,0.0488
2026-02-23,평일,09,항동중학교입구3R-북(남향),없음(NULL),,B형,2,0.6214
2026-02-23,평일,09,항동중학교입구3R-동(서향),없음(NULL),,B형,2,0.6195
2026-02-23,평일,10,항동중학교입구3R-남(북향),없음(NULL),,A형 가능,0,0.0488
2026-02-23,평일,10,항동중학교입구3R-북(남향),없음(NULL),,B형,2,0.6195
2026-02-23,평일,10,항동중학교입구3R-동(서향),없음(NULL),,B형,2,0.6214
2026-02-23,평일,11,항동중학교입구3R-남(북향),없음(NULL),,A형 가능,0,0.0488
2026-02-23,평일,11,항동중학교입구3R-북(남향),없음(NULL),,B형,2,0.6252
2026-02-23,평일,11,항동중학교입구3R-동(서향),없음(NULL),,B형,2,0.6252
2026-02-23,평일,12,항동중학교입구3R-남(북향),없음(NULL),,A형 가능,0,0.0244
2026-02-23,평일,12,항동중학교입구3R-북(남향),없음(NULL),,B형,2,0.6272
2026-02-23,평일,12,항동중학교입구3R-동(서향),없음(NULL),,B형,2,0.6272
2026-02-23,평일,13,항동중학교입구3R-남(북향),없음(NULL),,A형 가능,0,0.0244
2026-02-23,평일,13,항동중학교입구3R-북(남향),없음(NULL),,B형,2,0.6272
2026-02-23,평일,13,항동중학교입구3R-동(서향),없음(NULL),,B형,2,0.6272
2026-02-23,평일,14,항동중학교입구3R-남(북향),없음(NULL),,A형 가능,0,0.0244
2026-02-23,평일,14,항동중학교입구3R-북(남향),없음(NULL),,B형,2,0.6272
2026-02-23,평일,14,항동중학교입구3R-동(서향),없음(NULL),,B형,2,0.6272
2026-02-23,평일,15,항동중학교입구3R-남(북향),없음(NULL),,A형 가능,0,0.0000
2026-02-23,평일,15,항동중학교입구3R-북(남향),없음(NULL),,B형,1,0.7984
2026-02-23,평일,15,항동중학교입구3R-동(서향),없음(NULL),,B형,1,0.7984
2026-02-23,평일,16,항동중학교입구3R-남(북향),없음(NULL),,A형 가능,0,0.0000
2026-02-23,평일,16,항동중학교입구3R-북(남향),없음(NULL),,B형,1,0.7907
2026-02-23,평일,16,항동중학교입구3R-동(서향),없음(NULL),,B형,1,0.7907
2026-02-23,평일,17,항동중학교입구3R-남(북향),없음(NULL),,A형 가능,0,0.0000
2026-02-23,평일,17,항동중학교입구3R-북(남향),없음(NULL),,B형,1,0.7907
2026-02-23,평일,17,항동중학교입구3R-동(서향),없음(NULL),,B형,1,0.7907
2026-02-23,평일,18,항동중학교입구3R-남(북향),없음(NULL),,A형 가능,0,0.0000
2026-02-23,평일,18,항동중학교입구3R-북(남향),없음(NULL),,B형,1,0.7907
2026-02-23,평일,18,항동중학교입구3R-동(서향),없음(NULL),,B형,1,0.7907
2026-02-23,평일,19,항동중학교입구3R-남(북향),없음(NULL),,A형 가능,0,0.0000
2026-02-23,평일,19,항동중학교입구3R-북(남향),없음(NULL),,B형,1,0.7907
2026-02-23,평일,19,항동중학교입구3R-동(서향),없음(NULL),,B형,1,0.7907
2026-02-23,평일,20,항동중학교입구3R-남(북향),없음(NULL),,A형 가능,0,0.0000
2026-02-23,평일,20,항동중학교입구3R-북(남향),없음(NULL),,B형,1,0.7907
2026-02-23,평일,20,항동중학교입구3R-동(서향),없음(NULL),,B형,1,0.7907
2026-02-23,평일,21,항동중학교입구3R-남(북향),없음(NULL),,A형 가능,0,0.0000
2026-02-23,평일,21,항동중학교입구3R-북(남향),없음(NULL),,B형,1,0.7907
2026-02-23,평일,21,항동중학교입구3R-동(서향),없음(NULL),,B형,1,0.7907
2026-02-23,평일,22,항동중학교입구3R-남(북향),없음(NULL),,A형 가능,0,0.0244
2026-02-23,평일,22,항동중학교입구3R-북(남향),없음(NULL),,B형,1,0.7984
2026-02-23,평일,22,항동중학교입구3R-동(서향),없음(NULL),,B형,1,0.7984
2026-02-23,평일,23,항동중학교입구3R-남(북향),없음(NULL),,A형 가능,0,0.0244
2026-02-23,평일,23,항동중학교입구3R-북(남향),없음(NULL),,B형,1,0.7984
2026-02-23,평일,23,항동중학교입구3R-동(서향),없음(NULL),,B형,1,0.7984
2026-02-24,평일,00,항동중학교입구3R-남(북향),없음(NULL),,A형 가능,0,0.0244
2026-02-24,평일,00,항동중학교입구3R-북(남향),없음(NULL),,B형,2,0.6176
2026-02-24,평일,00,항동중학교입구3R-동(서향),없음(NULL),,B형,2,0.6157
2026-02-24,평일,01,항동중학교입구3R-남(북향),없음(NULL),,A형 가능,0,0.0244
2026-02-24,평일,01,항동중학교입구3R-북(남향),없음(NULL),,B형,2,0.6176
2026-02-24,평일,01,항동중학교입구3R-동(서향),없음(NULL),,B형,2,0.6157
2026-02-24,평일,02,항동중학교입구3R-남(북향),없음(NULL),,A형 가능,0,0.0244
2026-02-24,평일,02,항동중학교입구3R-북(남향),없음(NULL),,B형,2,0.6176
2026-02-24,평일,02,항동중학교입구3R-동(서향),없음(NULL),,B형,2,0.6176
2026-02-24,평일,03,항동중학교입구3R-남(북향),없음(NULL),,A형 가능,0,0.0244
2026-02-24,평일,03,항동중학교입구3R-북(남향),없음(NULL),,B형,2,0.6176
2026-02-24,평일,03,항동중학교입구3R-동(서향),없음(NULL),,B형,2,0.6214
2026-02-24,평일,04,항동중학교입구3R-남(북향),없음(NULL),,A형 가능,0,0.0244
2026-02-24,평일,04,항동중학교입구3R-북(남향),없음(NULL),,B형,2,0.6195
2026-02-24,평일,04,항동중학교입구3R-동(서향),없음(NULL),,B형,2,0.6214
2026-02-24,평일,05,항동중학교입구3R-남(북향),없음(NULL),,A형 가능,0,0.0244
2026-02-24,평일,05,항동중학교입구3R-북(남향),없음(NULL),,B형,2,0.6233
2026-02-24,평일,05,항동중학교입구3R-동(서향),없음(NULL),,B형,2,0.6195
2026-02-24,평일,06,항동중학교입구3R-남(북향),없음(NULL),,A형 가능,0,0.0244
2026-02-24,평일,06,항동중학교입구3R-북(남향),없음(NULL),,B형,2,0.6233
2026-02-24,평일,06,항동중학교입구3R-동(서향),없음(NULL),,B형,2,0.6214
2026-02-24,평일,07,항동중학교입구3R-남(북향),없음(NULL),,A형 가능,0,0.0244
2026-02-24,평일,07,항동중학교입구3R-북(남향),없음(NULL),,B형,2,0.6233
2026-02-24,평일,07,항동중학교입구3R-동(서향),없음(NULL),,B형,2,0.6214
2026-02-24,평일,08,항동중학교입구3R-남(북향),없음(NULL),,A형 가능,0,0.0244
2026-02-24,평일,08,항동중학교입구3R-북(남향),없음(NULL),,B형,2,0.6233
2026-02-24,평일,08,항동중학교입구3R-동(서향),없음(NULL),,B형,2,0.6214
2026-02-24,평일,09,항동중학교입구3R-남(북향),없음(NULL),,A형 가능,0,0.0488
2026-02-24,평일,09,항동중학교입구3R-북(남향),없음(NULL),,B형,2,0.6214
2026-02-24,평일,09,항동중학교입구3R-동(서향),없음(NULL),,B형,2,0.6195
2026-02-24,평일,10,항동중학교입구3R-남(북향),없음(NULL),,A형 가능,0,0.0488
2026-02-24,평일,10,항동중학교입구3R-북(남향),없음(NULL),,B형,2,0.6195
2026-02-24,평일,10,항동중학교입구3R-동(서향),없음(NULL),,B형,2,0.6214
2026-02-24,평일,11,항동중학교입구3R-남(북향),없음(NULL),,A형 가능,0,0.0488
2026-02-24,평일,11,항동중학교입구3R-북(남향),없음(NULL),,B형,2,0.6252
2026-02-24,평일,11,항동중학교입구3R-동(서향),없음(NULL),,B형,2,0.6252
2026-02-24,평일,12,항동중학교입구3R-남(북향),없음(NULL),,A형 가능,0,0.0244
2026-02-24,평일,12,항동중학교입구3R-북(남향),없음(NULL),,B형,2,0.6272
2026-02-24,평일,12,항동중학교입구3R-동(서향),없음(NULL),,B형,2,0.6272
2026-02-24,평일,13,항동중학교입구3R-남(북향),없음(NULL),,A형 가능,0,0.0244
2026-02-24,평일,13,항동중학교입구3R-북(남향),없음(NULL),,B형,2,0.6272
2026-02-24,평일,13,항동중학교입구3R-동(서향),없음(NULL),,B형,2,0.6272
2026-02-24,평일,14,항동중학교입구3R-남(북향),없음(NULL),,A형 가능,0,0.0244
2026-02-24,평일,14,항동중학교입구3R-북(남향),없음(NULL),,B형,2,0.6272
2026-02-24,평일,14,항동중학교입구3R-동(서향),없음(NULL),,B형,2,0.6272
2026-02-24,평일,15,항동중학교입구3R-남(북향),없음(NULL),,A형 가능,0,0.0000
2026-02-24,평일,15,항동중학교입구3R-북(남향),없음(NULL),,B형,1,0.7984
2026-02-24,평일,15,항동중학교입구3R-동(서향),없음(NULL),,B형,1,0.7984
2026-02-24,평일,16,항동중학교입구3R-남(북향),없음(NULL),,A형 가능,0,0.0000
2026-02-24,평일,16,항동중학교입구3R-북(남향),없음(NULL),,B형,1,0.7907
2026-02-24,평일,16,항동중학교입구3R-동(서향),없음(NULL),,B형,1,0.7907
2026-02-24,평일,17,항동중학교입구3R-남(북향),없음(NULL),,A형 가능,0,0.0000
2026-02-24,평일,17,항동중학교입구3R-북(남향),없음(NULL),,B형,1,0.7907
2026-02-24,평일,17,항동중학교입구3R-동(서향),없음(NULL),,B형,1,0.7907
2026-02-24,평일,18,항동중학교입구3R-남(북향),없음(NULL),,A형 가능,0,0.0000
2026-02-24,평일,18,항동중학교입구3R-북(남향),없음(NULL),,B형,1,0.7907
2026-02-24,평일,18,항동중학교입구3R-동(서향),없음(NULL),,B형,1,0.7907
2026-02-24,평일,19,항동중학교입구3R-남(북향),없음(NULL),,A형 가능,0,0.0000
2026-02-24,평일,19,항동중학교입구3R-북(남향),없음(NULL),,B형,1,0.7907
2026-02-24,평일,19,항동중학교입구3R-동(서향),없음(NULL),,B형,1,0.7907
2026-02-24,평일,20,항동중학교입구3R-남(북향),없음(NULL),,A형 가능,0,0.0000
2026-02-24,평일,20,항동중학교입구3R-북(남향),없음(NULL),,B형,1,0.7907
2026-02-24,평일,20,항동중학교입구3R-동(서향),없음(NULL),,B형,1,0.7907
2026-02-24,평일,21,항동중학교입구3R-남(북향),없음(NULL),,A형 가능,0,0.0000
2026-02-24,평일,21,항동중학교입구3R-북(남향),없음(NULL),,B형,1,0.7907
2026-02-24,평일,21,항동중학교입구3R-동(서향),없음(NULL),,B형,1,0.7907
2026-02-24,평일,22,항동중학교입구3R-남(북향),없음(NULL),,A형 가능,0,0.0244
2026-02-24,평일,22,항동중학교입구3R-북(남향),없음(NULL),,B형,1,0.7984
2026-02-24,평일,22,항동중학교입구3R-동(서향),없음(NULL),,B형,1,0.7984
2026-02-24,평일,23,항동중학교입구3R-남(북향),없음(NULL),,A형 가능,0,0.0244
2026-02-24,평일,23,항동중학교입구3R-북(남향),없음(NULL),,B형,1,0.7984
2026-02-24,평일,23,항동중학교입구3R-동(서향),없음(NULL),,B형,1,0.7984
2026-02-25,평일,00,항동중학교입구3R-남(북향),없음(NULL),,A형 가능,0,0.0244
2026-02-25,평일,00,항동중학교입구3R-북(남향),없음(NULL),,B형,2,0.6176
2026-02-25,평일,00,항동중학교입구3R-동(서향),없음(NULL),,B형,2,0.6157
2026-02-25,평일,01,항동중학교입구3R-남(북향),없음(NULL),,A형 가능,0,0.0244
2026-02-25,평일,01,항동중학교입구3R-북(남향),없음(NULL),,B형,2,0.6176
2026-02-25,평일,01,항동중학교입구3R-동(서향),없음(NULL),,B형,2,0.6157
2026-02-25,평일,02,항동중학교입구3R-남(북향),없음(NULL),,A형 가능,0,0.0244
2026-02-25,평일,02,항동중학교입구3R-북(남향),없음(NULL),,B형,2,0.6176
2026-02-25,평일,02,항동중학교입구3R-동(서향),없음(NULL),,B형,2,0.6176
2026-02-25,평일,03,항동중학교입구3R-남(북향),없음(NULL),,A형 가능,0,0.0244
2026-02-25,평일,03,항동중학교입구3R-북(남향),없음(NULL),,B형,2,0.6176
2026-02-25,평일,03,항동중학교입구3R-동(서향),없음(NULL),,B형,2,0.6214
2026-02-25,평일,04,항동중학교입구3R-남(북향),없음(NULL),,A형 가능,0,0.0244
2026-02-25,평일,04,항동중학교입구3R-북(남향),없음(NULL),,B형,2,0.6195
2026-02-25,평일,04,항동중학교입구3R-동(서향),없음(NULL),,B형,2,0.6214
2026-02-25,평일,05,항동중학교입구3R-남(북향),없음(NULL),,A형 가능,0,0.0244
2026-02-25,평일,05,항동중학교입구3R-북(남향),없음(NULL),,B형,2,0.6233
2026-02-25,평일,05,항동중학교입구3R-동(서향),없음(NULL),,B형,2,0.6195
2026-02-25,평일,06,항동중학교입구3R-남(북향),없음(NULL),,A형 가능,0,0.0244
2026-02-25,평일,06,항동중학교입구3R-북(남향),없음(NULL),,B형,2,0.6233
2026-02-25,평일,06,항동중학교입구3R-동(서향),없음(NULL),,B형,2,0.6214
2026-02-25,평일,07,항동중학교입구3R-남(북향),없음(NULL),,A형 가능,0,0.0244
2026-02-25,평일,07,항동중학교입구3R-북(남향),없음(NULL),,B형,2,0.6233
2026-02-25,평일,07,항동중학교입구3R-동(서향),없음(NULL),,B형,2,0.6214
2026-02-25,평일,08,항동중학교입구3R-남(북향),없음(NULL),,A형 가능,0,0.0244
2026-02-25,평일,08,항동중학교입구3R-북(남향),없음(NULL),,B형,2,0.6233
2026-02-25,평일,08,항동중학교입구3R-동(서향),없음(NULL),,B형,2,0.6214
2026-02-25,평일,09,항동중학교입구3R-남(북향),없음(NULL),,A형 가능,0,0.0488
2026-02-25,평일,09,항동중학교입구3R-북(남향),없음(NULL),,B형,2,0.6214
2026-02-25,평일,09,항동중학교입구3R-동(서향),없음(NULL),,B형,2,0.6195
2026-02-25,평일,10,항동중학교입구3R-남(북향),없음(NULL),,A형 가능,0,0.0488
2026-02-25,평일,10,항동중학교입구3R-북(남향),없음(NULL),,B형,2,0.6195
2026-02-25,평일,10,항동중학교입구3R-동(서향),없음(NULL),,B형,2,0.6214
2026-02-25,평일,11,항동중학교입구3R-남(북향),없음(NULL),,A형 가능,0,0.0488
2026-02-25,평일,11,항동중학교입구3R-북(남향),없음(NULL),,B형,2,0.6252
2026-02-25,평일,11,항동중학교입구3R-동(서향),없음(NULL),,B형,2,0.6252
2026-02-25,평일,12,항동중학교입구3R-남(북향),없음(NULL),,A형 가능,0,0.0244
2026-02-25,평일,12,항동중학교입구3R-북(남향),없음(NULL),,B형,2,0.6272
2026-02-25,평일,12,항동중학교입구3R-동(서향),없음(NULL),,B형,2,0.6272
2026-02-25,평일,13,항동중학교입구3R-남(북향),없음(NULL),,A형 가능,0,0.0244
2026-02-25,평일,13,항동중학교입구3R-북(남향),없음(NULL),,B형,2,0.6272
2026-02-25,평일,13,항동중학교입구3R-동(서향),없음(NULL),,B형,2,0.6272
2026-02-25,평일,14,항동중학교입구3R-남(북향),없음(NULL),,A형 가능,0,0.0244
2026-02-25,평일,14,항동중학교입구3R-북(남향),없음(NULL),,B형,2,0.6272
2026-02-25,평일,14,항동중학교입구3R-동(서향),없음(NULL),,B형,2,0.6272
2026-02-25,평일,15,항동중학교입구3R-남(북향),없음(NULL),,A형 가능,0,0.0000
2026-02-25,평일,15,항동중학교입구3R-북(남향),없음(NULL),,B형,1,0.7984
2026-02-25,평일,15,항동중학교입구3R-동(서향),없음(NULL),,B형,1,0.7984
2026-02-25,평일,16,항동중학교입구3R-남(북향),없음(NULL),,A형 가능,0,0.0000
2026-02-25,평일,16,항동중학교입구3R-북(남향),없음(NULL),,B형,1,0.7907
2026-02-25,평일,16,항동중학교입구3R-동(서향),없음(NULL),,B형,1,0.7907
2026-02-25,평일,17,항동중학교입구3R-남(북향),없음(NULL),,A형 가능,0,0.0000
2026-02-25,평일,17,항동중학교입구3R-북(남향),없음(NULL),,B형,1,0.7907
2026-02-25,평일,17,항동중학교입구3R-동(서향),없음(NULL),,B형,1,0.7907
2026-02-25,평일,18,항동중학교입구3R-남(북향),없음(NULL),,A형 가능,0,0.0000
2026-02-25,평일,18,항동중학교입구3R-북(남향),없음(NULL),,B형,1,0.7907
2026-02-25,평일,18,항동중학교입구3R-동(서향),없음(NULL),,B형,1,0.7907
2026-02-25,평일,19,항동중학교입구3R-남(북향),없음(NULL),,A형 가능,0,0.0000
2026-02-25,평일,19,항동중학교입구3R-북(남향),없음(NULL),,B형,1,0.7907
2026-02-25,평일,19,항동중학교입구3R-동(서향),없음(NULL),,B형,1,0.7907
2026-02-25,평일,20,항동중학교입구3R-남(북향),없음(NULL),,A형 가능,0,0.0000
2026-02-25,평일,20,항동중학교입구3R-북(남향),없음(NULL),,B형,1,0.7907
2026-02-25,평일,20,항동중학교입구3R-동(서향),없음(NULL),,B형,1,0.7907
2026-02-25,평일,21,항동중학교입구3R-남(북향),없음(NULL),,A형 가능,0,0.0000
2026-02-25,평일,21,항동중학교입구3R-북(남향),없음(NULL),,B형,1,0.7907
2026-02-25,평일,21,항동중학교입구3R-동(서향),없음(NULL),,B형,1,0.7907
2026-02-25,평일,22,항동중학교입구3R-남(북향),없음(NULL),,A형 가능,0,0.0244
2026-02-25,평일,22,항동중학교입구3R-북(남향),없음(NULL),,B형,1,0.7984
2026-02-25,평일,22,항동중학교입구3R-동(서향),없음(NULL),,B형,1,0.7984
2026-02-25,평일,23,항동중학교입구3R-남(북향),없음(NULL),,A형 가능,0,0.0244
2026-02-25,평일,23,항동중학교입구3R-북(남향),없음(NULL),,B형,1,0.7984
2026-02-25,평일,23,항동중학교입구3R-동(서향),없음(NULL),,B형,1,0.7984
2026-02-26,평일,00,항동중학교입구3R-남(북향),없음(NULL),,A형 가능,0,0.0244
2026-02-26,평일,00,항동중학교입구3R-북(남향),없음(NULL),,B형,2,0.6176
2026-02-26,평일,00,항동중학교입구3R-동(서향),없음(NULL),,B형,2,0.6157
2026-02-26,평일,01,항동중학교입구3R-남(북향),없음(NULL),,A형 가능,0,0.0244
2026-02-26,평일,01,항동중학교입구3R-북(남향),없음(NULL),,B형,2,0.6176
2026-02-26,평일,01,항동중학교입구3R-동(서향),없음(NULL),,B형,2,0.6157
2026-02-26,평일,02,항동중학교입구3R-남(북향),없음(NULL),,A형 가능,0,0.0244
2026-02-26,평일,02,항동중학교입구3R-북(남향),없음(NULL),,B형,2,0.6176
2026-02-26,평일,02,항동중학교입구3R-동(서향),없음(NULL),,B형,2,0.6176
2026-02-26,평일,03,항동중학교입구3R-남(북향),없음(NULL),,A형 가능,0,0.0244
2026-02-26,평일,03,항동중학교입구3R-북(남향),없음(NULL),,B형,2,0.6176
2026-02-26,평일,03,항동중학교입구3R-동(서향),없음(NULL),,B형,2,0.6214
2026-02-26,평일,04,항동중학교입구3R-남(북향),없음(NULL),,A형 가능,0,0.0244
2026-02-26,평일,04,항동중학교입구3R-북(남향),없음(NULL),,B형,2,0.6195
2026-02-26,평일,04,항동중학교입구3R-동(서향),없음(NULL),,B형,2,0.6214
2026-02-26,평일,05,항동중학교입구3R-남(북향),없음(NULL),,A형 가능,0,0.0244
2026-02-26,평일,05,항동중학교입구3R-북(남향),없음(NULL),,B형,2,0.6233
2026-02-26,평일,05,항동중학교입구3R-동(서향),없음(NULL),,B형,2,0.6195
2026-02-26,평일,06,항동중학교입구3R-남(북향),없음(NULL),,A형 가능,0,0.0244
2026-02-26,평일,06,항동중학교입구3R-북(남향),없음(NULL),,B형,2,0.6233
2026-02-26,평일,06,항동중학교입구3R-동(서향),없음(NULL),,B형,2,0.6214
2026-02-26,평일,07,항동중학교입구3R-남(북향),없음(NULL),,A형 가능,0,0.0244
2026-02-26,평일,07,항동중학교입구3R-북(남향),없음(NULL),,B형,2,0.6233
2026-02-26,평일,07,항동중학교입구3R-동(서향),없음(NULL),,B형,2,0.6214
2026-02-26,평일,08,항동중학교입구3R-남(북향),없음(NULL),,A형 가능,0,0.0244
2026-02-26,평일,08,항동중학교입구3R-북(남향),없음(NULL),,B형,2,0.6233
2026-02-26,평일,08,항동중학교입구3R-동(서향),없음(NULL),,B형,2,0.6214
2026-02-26,평일,09,항동중학교입구3R-남(북향),없음(NULL),,A형 가능,0,0.0488
2026-02-26,평일,09,항동중학교입구3R-북(남향),없음(NULL),,B형,2,0.6214
2026-02-26,평일,09,항동중학교입구3R-동(서향),없음(NULL),,B형,2,0.6195
2026-02-26,평일,10,항동중학교입구3R-남(북향),없음(NULL),,A형 가능,0,0.0488
2026-02-26,평일,10,항동중학교입구3R-북(남향),없음(NULL),,B형,2,0.6195
2026-02-26,평일,10,항동중학교입구3R-동(서향),없음(NULL),,B형,2,0.6214
2026-02-26,평일,11,항동중학교입구3R-남(북향),없음(NULL),,A형 가능,0,0.0488
2026-02-26,평일,11,항동중학교입구3R-북(남향),없음(NULL),,B형,2,0.6252
2026-02-26,평일,11,항동중학교입구3R-동(서향),없음(NULL),,B형,2,0.6252
2026-02-26,평일,12,항동중학교입구3R-남(북향),없음(NULL),,A형 가능,0,0.0244
2026-02-26,평일,12,항동중학교입구3R-북(남향),없음(NULL),,B형,2,0.6272
2026-02-26,평일,12,항동중학교입구3R-동(서향),없음(NULL),,B형,2,0.6272
2026-02-26,평일,13,항동중학교입구3R-남(북향),없음(NULL),,A형 가능,0,0.0244
2026-02-26,평일,13,항동중학교입구3R-북(남향),없음(NULL),,B형,2,0.6272
2026-02-26,평일,13,항동중학교입구3R-동(서향),없음(NULL),,B형,2,0.6272
2026-02-26,평일,14,항동중학교입구3R-남(북향),없음(NULL),,A형 가능,0,0.0244
2026-02-26,평일,14,항동중학교입구3R-북(남향),없음(NULL),,B형,2,0.6272
2026-02-26,평일,14,항동중학교입구3R-동(서향),없음(NULL),,B형,2,0.6272
2026-02-26,평일,15,항동중학교입구3R-남(북향),없음(NULL),,A형 가능,0,0.0000
2026-02-26,평일,15,항동중학교입구3R-북(남향),없음(NULL),,B형,1,0.7984
2026-02-26,평일,15,항동중학교입구3R-동(서향),없음(NULL),,B형,1,0.7984
2026-02-26,평일,16,항동중학교입구3R-남(북향),없음(NULL),,A형 가능,0,0.0000
2026-02-26,평일,16,항동중학교입구3R-북(남향),없음(NULL),,B형,1,0.7907
2026-02-26,평일,16,항동중학교입구3R-동(서향),없음(NULL),,B형,1,0.7907
2026-02-26,평일,17,항동중학교입구3R-남(북향),없음(NULL),,A형 가능,0,0.0000
2026-02-26,평일,17,항동중학교입구3R-북(남향),없음(NULL),,B형,1,0.7907
2026-02-26,평일,17,항동중학교입구3R-동(서향),없음(NULL),,B형,1,0.7907
2026-02-26,평일,18,항동중학교입구3R-남(북향),없음(NULL),,A형 가능,0,0.0000
2026-02-26,평일,18,항동중학교입구3R-북(남향),없음(NULL),,B형,1,0.7907
2026-02-26,평일,18,항동중학교입구3R-동(서향),없음(NULL),,B형,1,0.7907
2026-02-26,평일,19,항동중학교입구3R-남(북향),없음(NULL),,A형 가능,0,0.0000
2026-02-26,평일,19,항동중학교입구3R-북(남향),없음(NULL),,B형,1,0.7907
2026-02-26,평일,19,항동중학교입구3R-동(서향),없음(NULL),,B형,1,0.7907
2026-02-26,평일,20,항동중학교입구3R-남(북향),없음(NULL),,A형 가능,0,0.0000
2026-02-26,평일,20,항동중학교입구3R-북(남향),없음(NULL),,B형,1,0.7907
2026-02-26,평일,20,항동중학교입구3R-동(서향),없음(NULL),,B형,1,0.7907
2026-02-26,평일,21,항동중학교입구3R-남(북향),없음(NULL),,A형 가능,0,0.0000
2026-02-26,평일,21,항동중학교입구3R-북(남향),없음(NULL),,B형,1,0.7907
2026-02-26,평일,21,항동중학교입구3R-동(서향),없음(NULL),,B형,1,0.7907
2026-02-26,평일,22,항동중학교입구3R-남(북향),없음(NULL),,A형 가능,0,0.0244
2026-02-26,평일,22,항동중학교입구3R-북(남향),없음(NULL),,B형,1,0.7984
2026-02-26,평일,22,항동중학교입구3R-동(서향),없음(NULL),,B형,1,0.7984
2026-02-26,평일,23,항동중학교입구3R-남(북향),없음(NULL),,A형 가능,0,0.0244
2026-02-26,평일,23,항동중학교입구3R-북(남향),없음(NULL),,B형,1,0.7984
2026-02-26,평일,23,항동중학교입구3R-동(서향),없음(NULL),,B형,1,0.7984
2026-02-27,평일,00,항동중학교입구3R-남(북향),없음(NULL),,A형 가능,0,0.0244
2026-02-27,평일,00,항동중학교입구3R-북(남향),없음(NULL),,B형,2,0.6176
2026-02-27,평일,00,항동중학교입구3R-동(서향),없음(NULL),,B형,2,0.6157
2026-02-27,평일,01,항동중학교입구3R-남(북향),없음(NULL),,A형 가능,0,0.0244
2026-02-27,평일,01,항동중학교입구3R-북(남향),없음(NULL),,B형,2,0.6176
2026-02-27,평일,01,항동중학교입구3R-동(서향),없음(NULL),,B형,2,0.6157
2026-02-27,평일,02,항동중학교입구3R-남(북향),없음(NULL),,A형 가능,0,0.0244
2026-02-27,평일,02,항동중학교입구3R-북(남향),없음(NULL),,B형,2,0.6176
2026-02-27,평일,02,항동중학교입구3R-동(서향),없음(NULL),,B형,2,0.6176
2026-02-27,평일,03,항동중학교입구3R-남(북향),없음(NULL),,A형 가능,0,0.0244
2026-02-27,평일,03,항동중학교입구3R-북(남향),없음(NULL),,B형,2,0.6176
2026-02-27,평일,03,항동중학교입구3R-동(서향),없음(NULL),,B형,2,0.6214
2026-02-27,평일,04,항동중학교입구3R-남(북향),없음(NULL),,A형 가능,0,0.0244
2026-02-27,평일,04,항동중학교입구3R-북(남향),없음(NULL),,B형,2,0.6195
2026-02-27,평일,04,항동중학교입구3R-동(서향),없음(NULL),,B형,2,0.6214
2026-02-27,평일,05,항동중학교입구3R-남(북향),없음(NULL),,A형 가능,0,0.0244
2026-02-27,평일,05,항동중학교입구3R-북(남향),없음(NULL),,B형,2,0.6233
2026-02-27,평일,05,항동중학교입구3R-동(서향),없음(NULL),,B형,2,0.6195
2026-02-27,평일,06,항동중학교입구3R-남(북향),없음(NULL),,A형 가능,0,0.0244
2026-02-27,평일,06,항동중학교입구3R-북(남향),없음(NULL),,B형,2,0.6233
2026-02-27,평일,06,항동중학교입구3R-동(서향),없음(NULL),,B형,2,0.6214
2026-02-27,평일,07,항동중학교입구3R-남(북향),없음(NULL),,A형 가능,0,0.0244
2026-02-27,평일,07,항동중학교입구3R-북(남향),없음(NULL),,B형,2,0.6233
2026-02-27,평일,07,항동중학교입구3R-동(서향),없음(NULL),,B형,2,0.6214
2026-02-27,평일,08,항동중학교입구3R-남(북향),없음(NULL),,A형 가능,0,0.0244
2026-02-27,평일,08,항동중학교입구3R-북(남향),없음(NULL),,B형,2,0.6233
2026-02-27,평일,08,항동중학교입구3R-동(서향),없음(NULL),,B형,2,0.6214
2026-02-27,평일,09,항동중학교입구3R-남(북향),없음(NULL),,A형 가능,0,0.0488
2026-02-27,평일,09,항동중학교입구3R-북(남향),없음(NULL),,B형,2,0.6214
2026-02-27,평일,09,항동중학교입구3R-동(서향),없음(NULL),,B형,2,0.6195
2026-02-27,평일,10,항동중학교입구3R-남(북향),없음(NULL),,A형 가능,0,0.0488
2026-02-27,평일,10,항동중학교입구3R-북(남향),없음(NULL),,B형,2,0.6195
2026-02-27,평일,10,항동중학교입구3R-동(서향),없음(NULL),,B형,2,0.6214
2026-02-27,평일,11,항동중학교입구3R-남(북향),없음(NULL),,A형 가능,0,0.0488
2026-02-27,평일,11,항동중학교입구3R-북(남향),없음(NULL),,B형,2,0.6252
2026-02-27,평일,11,항동중학교입구3R-동(서향),없음(NULL),,B형,2,0.6252
2026-02-27,평일,12,항동중학교입구3R-남(북향),없음(NULL),,A형 가능,0,0.0244
2026-02-27,평일,12,항동중학교입구3R-북(남향),없음(NULL),,B형,2,0.6272
2026-02-27,평일,12,항동중학교입구3R-동(서향),없음(NULL),,B형,2,0.6272
2026-02-27,평일,13,항동중학교입구3R-남(북향),없음(NULL),,A형 가능,0,0.0244
2026-02-27,평일,13,항동중학교입구3R-북(남향),없음(NULL),,B형,2,0.6272
2026-02-27,평일,13,항동중학교입구3R-동(서향),없음(NULL),,B형,2,0.6272
2026-02-27,평일,14,항동중학교입구3R-남(북향),없음(NULL),,A형 가능,0,0.0244
2026-02-27,평일,14,항동중학교입구3R-북(남향),없음(NULL),,B형,2,0.6272
2026-02-27,평일,14,항동중학교입구3R-동(서향),없음(NULL),,B형,2,0.6272
2026-02-27,평일,15,항동중학교입구3R-남(북향),없음(NULL),,A형 가능,0,0.0000
2026-02-27,평일,15,항동중학교입구3R-북(남향),없음(NULL),,B형,1,0.7984
2026-02-27,평일,15,항동중학교입구3R-동(서향),없음(NULL),,B형,1,0.7984
2026-02-27,평일,16,항동중학교입구3R-남(북향),없음(NULL),,A형 가능,0,0.0000
2026-02-27,평일,16,항동중학교입구3R-북(남향),없음(NULL),,B형,1,0.7907
2026-02-27,평일,16,항동중학교입구3R-동(서향),없음(NULL),,B형,1,0.7907
2026-02-27,평일,17,항동중학교입구3R-남(북향),없음(NULL),,A형 가능,0,0.0000
2026-02-27,평일,17,항동중학교입구3R-북(남향),없음(NULL),,B형,1,0.7907
2026-02-27,평일,17,항동중학교입구3R-동(서향),없음(NULL),,B형,1,0.7907
2026-02-27,평일,18,항동중학교입구3R-남(북향),없음(NULL),,A형 가능,0,0.0000
2026-02-27,평일,18,항동중학교입구3R-북(남향),없음(NULL),,B형,1,0.7907
2026-02-27,평일,18,항동중학교입구3R-동(서향),없음(NULL),,B형,1,0.7907
2026-02-27,평일,19,항동중학교입구3R-남(북향),없음(NULL),,A형 가능,0,0.0000
2026-02-27,평일,19,항동중학교입구3R-북(남향),없음(NULL),,B형,1,0.7907
2026-02-27,평일,19,항동중학교입구3R-동(서향),없음(NULL),,B형,1,0.7907
2026-02-27,평일,20,항동중학교입구3R-남(북향),없음(NULL),,A형 가능,0,0.0000
2026-02-27,평일,20,항동중학교입구3R-북(남향),없음(NULL),,B형,1,0.7907
2026-02-27,평일,20,항동중학교입구3R-동(서향),없음(NULL),,B형,1,0.7907
2026-02-27,평일,21,항동중학교입구3R-남(북향),없음(NULL),,A형 가능,0,0.0000
2026-02-27,평일,21,항동중학교입구3R-북(남향),없음(NULL),,B형,1,0.7907
2026-02-27,평일,21,항동중학교입구3R-동(서향),없음(NULL),,B형,1,0.7907
2026-02-27,평일,22,항동중학교입구3R-남(북향),없음(NULL),,A형 가능,0,0.0244
2026-02-27,평일,22,항동중학교입구3R-북(남향),없음(NULL),,B형,1,0.7984
2026-02-27,평일,22,항동중학교입구3R-동(서향),없음(NULL),,B형,1,0.7984
2026-02-27,평일,23,항동중학교입구3R-남(북향),없음(NULL),,A형 가능,0,0.0244
2026-02-27,평일,23,항동중학교입구3R-북(남향),없음(NULL),,B형,1,0.7984
2026-02-27,평일,23,항동중학교입구3R-동(서향),없음(NULL),,B형,1,0.7984
2026-02-28,토요일,00,항동중학교입구3R-남(북향),없음(NULL),,A형 가능,0,0.0000
2026-02-28,토요일,00,항동중학교입구3R-북(남향),없음(NULL),,B형,1,0.7692
2026-02-28,토요일,00,항동중학교입구3R-동(서향),없음(NULL),,B형,1,0.7692
2026-02-28,토요일,01,항동중학교입구3R-남(북향),없음(NULL),,A형 가능,0,0.0000
2026-02-28,토요일,01,항동중학교입구3R-북(남향),없음(NULL),,B형,1,0.7692
2026-02-28,토요일,01,항동중학교입구3R-동(서향),없음(NULL),,B형,1,0.7692
2026-02-28,토요일,02,항동중학교입구3R-남(북향),없음(NULL),,A형 가능,0,0.0000
2026-02-28,토요일,02,항동중학교입구3R-북(남향),없음(NULL),,B형,1,0.7692
2026-02-28,토요일,02,항동중학교입구3R-동(서향),없음(NULL),,B형,1,0.7692
2026-02-28,토요일,03,항동중학교입구3R-남(북향),없음(NULL),,A형 가능,0,0.0000
2026-02-28,토요일,03,항동중학교입구3R-북(남향),없음(NULL),,B형,1,0.7692
2026-02-28,토요일,03,항동중학교입구3R-동(서향),없음(NULL),,B형,1,0.7692
2026-02-28,토요일,04,항동중학교입구3R-남(북향),없음(NULL),,A형 가능,0,0.0000
2026-02-28,토요일,04,항동중학교입구3R-북(남향),없음(NULL),,B형,1,0.7692
2026-02-28,토요일,04,항동중학교입구3R-동(서향),없음(NULL),,B형,1,0.7692
2026-02-28,토요일,05,항동중학교입구3R-남(북향),없음(NULL),,A형 가능,0,0.0000
2026-02-28,토요일,05,항동중학교입구3R-북(남향),없음(NULL),,B형,1,0.7692
2026-02-28,토요일,05,항동중학교입구3R-동(서향),없음(NULL),,B형,1,0.7692
2026-02-28,토요일,06,항동중학교입구3R-남(북향),없음(NULL),,A형 가능,0,0.0000
2026-02-28,토요일,06,항동중학교입구3R-북(남향),없음(NULL),,B형,1,0.7692
2026-02-28,토요일,06,항동중학교입구3R-동(서향),없음(NULL),,B형,2,0.6250
2026-02-28,토요일,07,항동중학교입구3R-남(북향),없음(NULL),,A형 가능,0,0.0000
2026-02-28,토요일,07,항동중학교입구3R-북(남향),없음(NULL),,B형,1,0.7692
2026-02-28,토요일,07,항동중학교입구3R-동(서향),없음(NULL),,B형,1,0.7692
2026-02-28,토요일,08,항동중학교입구3R-남(북향),없음(NULL),,A형 가능,0,0.0000
2026-02-28,토요일,08,항동중학교입구3R-북(남향),없음(NULL),,B형,1,0.7692
2026-02-28,토요일,08,항동중학교입구3R-동(서향),없음(NULL),,B형,1,0.7692
2026-02-28,토요일,09,항동중학교입구3R-남(북향),없음(NULL),,A형 가능,0,0.0000
2026-02-28,토요일,09,항동중학교입구3R-북(남향),없음(NULL),,B형,2,0.6250
2026-02-28,토요일,09,항동중학교입구3R-동(서향),없음(NULL),,B형,2,0.6250
2026-02-28,토요일,10,항동중학교입구3R-남(북향),없음(NULL),,A형 가능,0,0.0000
2026-02-28,토요일,10,항동중학교입구3R-북(남향),없음(NULL),,B형,1,0.7692
2026-02-28,토요일,10,항동중학교입구3R-동(서향),없음(NULL),,B형,1,0.7692
2026-02-28,토요일,11,항동중학교입구3R-남(북향),없음(NULL),,A형 가능,0,0.0000
2026-02-28,토요일,11,항동중학교입구3R-북(남향),없음(NULL),,B형,1,0.7692
2026-02-28,토요일,11,항동중학교입구3R-동(서향),없음(NULL),,B형,1,0.7692
2026-02-28,토요일,12,항동중학교입구3R-남(북향),없음(NULL),,A형 가능,0,0.0000
2026-02-28,토요일,12,항동중학교입구3R-북(남향),없음(NULL),,B형,1,0.7692
2026-02-28,토요일,12,항동중학교입구3R-동(서향),없음(NULL),,B형,1,0.7692
2026-02-28,토요일,13,항동중학교입구3R-남(북향),없음(NULL),,A형 가능,0,0.0000
2026-02-28,토요일,13,항동중학교입구3R-북(남향),없음(NULL),,B형,1,0.7692
2026-02-28,토요일,13,항동중학교입구3R-동(서향),없음(NULL),,B형,1,0.7692
2026-02-28,토요일,14,항동중학교입구3R-남(북향),없음(NULL),,A형 가능,0,0.0000
2026-02-28,토요일,14,항동중학교입구3R-북(남향),없음(NULL),,B형,1,0.7692
2026-02-28,토요일,14,항동중학교입구3R-동(서향),없음(NULL),,B형,1,0.7692
2026-02-28,토요일,15,항동중학교입구3R-남(북향),없음(NULL),,A형 가능,0,0.0000
2026-02-28,토요일,15,항동중학교입구3R-북(남향),없음(NULL),,B형,1,0.7692
2026-02-28,토요일,15,항동중학교입구3R-동(서향),없음(NULL),,B형,1,0.7692
2026-02-28,토요일,16,항동중학교입구3R-남(북향),없음(NULL),,A형 가능,0,0.0000
2026-02-28,토요일,16,항동중학교입구3R-북(남향),없음(NULL),,B형,1,0.7692
2026-02-28,토요일,16,항동중학교입구3R-동(서향),없음(NULL),,B형,1,0.7692
2026-02-28,토요일,17,항동중학교입구3R-남(북향),없음(NULL),,A형 가능,0,0.0000
2026-02-28,토요일,17,항동중학교입구3R-북(남향),없음(NULL),,B형,1,0.7692
2026-02-28,토요일,17,항동중학교입구3R-동(서향),없음(NULL),,B형,1,0.7692
2026-02-28,토요일,18,항동중학교입구3R-남(북향),없음(NULL),,A형 가능,0,0.0000
2026-02-28,토요일,18,항동중학교입구3R-북(남향),없음(NULL),,B형,1,0.7692
2026-02-28,토요일,18,항동중학교입구3R-동(서향),없음(NULL),,B형,1,0.7692
2026-02-28,토요일,19,항동중학교입구3R-남(북향),없음(NULL),,A형 가능,0,0.0000
2026-02-28,토요일,19,항동중학교입구3R-북(남향),없음(NULL),,B형,1,0.7692
2026-02-28,토요일,19,항동중학교입구3R-동(서향),없음(NULL),,B형,1,0.7692
2026-02-28,토요일,20,항동중학교입구3R-남(북향),없음(NULL),,A형 가능,0,0.0000
2026-02-28,토요일,20,항동중학교입구3R-북(남향),없음(NULL),,B형,2,0.6442
2026-02-28,토요일,20,항동중학교입구3R-동(서향),없음(NULL),,B형,1,0.7692
2026-02-28,토요일,21,항동중학교입구3R-남(북향),없음(NULL),,A형 가능,0,0.0000
2026-02-28,토요일,21,항동중학교입구3R-북(남향),없음(NULL),,B형,2,0.6442
2026-02-28,토요일,21,항동중학교입구3R-동(서향),없음(NULL),,B형,1,0.7692
2026-02-28,토요일,22,항동중학교입구3R-남(북향),없음(NULL),,A형 가능,0,0.0000
2026-02-28,토요일,22,항동중학교입구3R-북(남향),없음(NULL),,B형,1,0.7692
2026-02-28,토요일,22,항동중학교입구3R-동(서향),없음(NULL),,B형,1,0.7692
2026-02-28,토요일,23,항동중학교입구3R-남(북향),없음(NULL),,A형 가능,0,0.0000
2026-02-28,토요일,23,항동중학교입구3R-북(남향),없음(NULL),,B형,2,0.6538
2026-02-28,토요일,23,항동중학교입구3R-동(서향),없음(NULL),,B형,1,0.7692
